{"textures":{"0":"modelengine:entity/priest_d"},"elements":[{"from":[4.5,11.2484,5.63546],"to":[11.5,15.2484,8.38546],"faces":{"east":{"uv":[10.666667,12.0,10.916667,12.5],"tintindex":0,"rotation":0,"texture":"#0"},"south":{"uv":[12.916667,11.0,13.5,11.5],"tintindex":0,"rotation":0,"texture":"#0"},"north":{"uv":[11.5,11.0,12.083334,11.5],"tintindex":0,"rotation":0,"texture":"#0"},"west":{"uv":[12.083334,12.0,12.333334,12.5],"tintindex":0,"rotation":0,"texture":"#0"},"up":{"uv":[12.083334,11.875,11.5,11.5],"tintindex":0,"rotation":0,"texture":"#0"},"down":{"uv":[13.583334,9.25,13.0,9.625],"tintindex":0,"rotation":0,"texture":"#0"}},"rotation":{"origin":[6.5,12.4984,10.13546],"angle":-22.5,"axis":"x"}},{"from":[4.25,3.8693695,6.4663],"to":[13.25,5.8693695,13.4663],"faces":{"east":{"uv":[12.833334,12.0,13.416667,12.25],"tintindex":0,"rotation":0,"texture":"#0"},"south":{"uv":[13.083334,8.0,13.791667,8.25],"tintindex":0,"rotation":0,"texture":"#0"},"north":{"uv":[13.0,9.625,13.708334,9.875],"tintindex":0,"rotation":0,"texture":"#0"},"west":{"uv":[13.333334,11.5,13.916667,11.75],"tintindex":0,"rotation":0,"texture":"#0"},"up":{"uv":[11.375,8.875,10.666667,8.0],"tintindex":0,"rotation":0,"texture":"#0"},"down":{"uv":[11.375,8.875,10.666667,9.75],"tintindex":0,"rotation":0,"texture":"#0"}},"rotation":{"origin":[8.0,4.8693695,10.4663],"angle":-22.5,"axis":"z"}},{"from":[2.5,10.3693695,7.4663],"to":[13.5,14.3693695,11.4663],"faces":{"east":{"uv":[12.166667,9.25,12.5,9.75],"tintindex":0,"rotation":0,"texture":"#0"},"south":{"uv":[11.583334,9.75,12.5,10.25],"tintindex":0,"rotation":0,"texture":"#0"},"north":{"uv":[10.666667,9.75,11.583334,10.25],"tintindex":0,"rotation":0,"texture":"#0"},"west":{"uv":[13.083334,10.125,13.416667,10.625],"tintindex":0,"rotation":0,"texture":"#0"},"up":{"uv":[11.583334,10.75,10.666667,10.25],"tintindex":0,"rotation":0,"texture":"#0"},"down":{"uv":[13.083334,8.0,12.166667,8.5],"tintindex":0,"rotation":0,"texture":"#0"}}},{"from":[5.0,8.8693695,6.4663],"to":[11.0,14.8693695,12.4663],"faces":{"east":{"uv":[11.583334,10.25,12.083334,11.0],"tintindex":0,"rotation":0,"texture":"#0"},"south":{"uv":[12.083334,10.25,12.583334,11.0],"tintindex":0,"rotation":0,"texture":"#0"},"north":{"uv":[12.166667,8.5,12.666667,9.25],"tintindex":0,"rotation":0,"texture":"#0"},"west":{"uv":[10.666667,10.75,11.166667,11.5],"tintindex":0,"rotation":0,"texture":"#0"},"up":{"uv":[13.0,10.0,12.5,9.25],"tintindex":0,"rotation":0,"texture":"#0"},"down":{"uv":[13.083334,10.0,12.583334,10.75],"tintindex":0,"rotation":0,"texture":"#0"}}},{"from":[2.75,3.8693695,5.4663],"to":[11.75,5.8693695,12.4663],"faces":{"east":{"uv":[13.333334,11.75,13.916667,12.0],"tintindex":0,"rotation":0,"texture":"#0"},"south":{"uv":[13.083334,9.875,13.791667,10.125],"tintindex":0,"rotation":0,"texture":"#0"},"north":{"uv":[13.083334,8.25,13.791667,8.5],"tintindex":0,"rotation":0,"texture":"#0"},"west":{"uv":[13.416667,10.125,14.0,10.375],"tintindex":0,"rotation":0,"texture":"#0"},"up":{"uv":[12.125,8.875,11.416667,8.0],"tintindex":0,"rotation":0,"texture":"#0"},"down":{"uv":[12.125,8.875,11.416667,9.75],"tintindex":0,"rotation":0,"texture":"#0"}},"rotation":{"origin":[8.0,4.8693695,10.4663],"angle":22.5,"axis":"z"}},{"from":[0.5,11.8693695,8.4663],"to":[15.5,13.8693695,10.4663],"faces":{"east":{"uv":[12.5,12.25,12.666667,12.5],"tintindex":0,"rotation":0,"texture":"#0"},"south":{"uv":[12.666667,8.75,13.916667,9.0],"tintindex":0,"rotation":0,"texture":"#0"},"north":{"uv":[12.666667,8.5,13.916667,8.75],"tintindex":0,"rotation":0,"texture":"#0"},"west":{"uv":[12.666667,12.25,12.833334,12.5],"tintindex":0,"rotation":0,"texture":"#0"},"up":{"uv":[13.916667,9.25,12.666667,9.0],"tintindex":0,"rotation":0,"texture":"#0"},"down":{"uv":[14.166667,10.75,12.916667,11.0],"tintindex":0,"rotation":0,"texture":"#0"}}},{"from":[7.0,11.084459,4.7702503],"to":[9.0,14.084459,5.7702503],"faces":{"east":{"uv":[12.5,11.0,12.583334,11.375],"tintindex":0,"rotation":0,"texture":"#0"},"south":{"uv":[11.25,12.25,11.416667,12.625],"tintindex":0,"rotation":0,"texture":"#0"},"north":{"uv":[11.083334,12.25,11.25,12.625],"tintindex":0,"rotation":0,"texture":"#0"},"west":{"uv":[12.5,11.375,12.583334,11.75],"tintindex":0,"rotation":0,"texture":"#0"},"up":{"uv":[13.25,10.75,13.083334,10.625],"tintindex":0,"rotation":0,"texture":"#0"},"down":{"uv":[13.416667,10.625,13.25,10.75],"tintindex":0,"rotation":0,"texture":"#0"}},"rotation":{"origin":[6.0,12.584459,5.7702503],"angle":-22.5,"axis":"x"}},{"from":[6.0,-5.265401,5.4663],"to":[10.0,2.734599,5.4663],"faces":{"south":{"uv":[11.166667,10.75,11.5,11.75],"tintindex":0,"rotation":0,"texture":"#0"},"north":{"uv":[11.166667,10.75,11.5,11.75],"tintindex":0,"rotation":0,"texture":"#0"}}},{"from":[6.0,0.7345991,4.4663],"to":[10.0,4.734599,6.4663],"faces":{"east":{"uv":[10.916667,12.0,11.083334,12.5],"tintindex":0,"rotation":0,"texture":"#0"},"south":{"uv":[11.75,11.875,12.083334,12.375],"tintindex":0,"rotation":0,"texture":"#0"},"north":{"uv":[11.416667,11.875,11.75,12.375],"tintindex":0,"rotation":0,"texture":"#0"},"west":{"uv":[12.333334,12.0,12.5,12.5],"tintindex":0,"rotation":0,"texture":"#0"},"up":{"uv":[11.083334,12.0,10.916667,12.5],"tintindex":0,"rotation":90,"texture":"#0"},"down":{"uv":[13.75,12.0,13.416667,12.25],"tintindex":0,"rotation":0,"texture":"#0"}},"rotation":{"origin":[8.0,2.734599,8.9663],"angle":45.0,"axis":"z"}},{"from":[5.5,5.8693695,7.4663],"to":[10.5,9.8693695,11.4663],"faces":{"east":{"uv":[11.083334,11.75,11.416667,12.25],"tintindex":0,"rotation":0,"texture":"#0"},"south":{"uv":[10.666667,11.5,11.083334,12.0],"tintindex":0,"rotation":0,"texture":"#0"},"north":{"uv":[12.083334,11.0,12.5,11.5],"tintindex":0,"rotation":0,"texture":"#0"},"west":{"uv":[12.5,11.75,12.833334,12.25],"tintindex":0,"rotation":0,"texture":"#0"},"up":{"uv":[12.5,12.0,12.083334,11.5],"tintindex":0,"rotation":0,"texture":"#0"},"down":{"uv":[13.333334,11.5,12.916667,12.0],"tintindex":0,"rotation":0,"texture":"#0"}}}]}