{"textures":{"1":"modelengine:entity/succubus_golem"},"elements":[{"from":[-2.5,-14.573982,10.004941],"to":[24.5,6.4260178,10.004941],"faces":{"south":{"uv":[0.0,9.0625,1.6875,10.375],"tintindex":0,"rotation":0,"texture":"#1"},"north":{"uv":[1.6875,9.0625,0.0,10.375],"tintindex":0,"rotation":0,"texture":"#1"}},"rotation":{"origin":[8.0,12.426018,13.004941],"angle":22.5,"axis":"x"}}]}