{"textures":{"1":"modelengine:entity/succubus_golem"},"elements":[{"from":[1.5,6.611553,-2.5057707],"to":[13.5,12.611557,10.994229],"faces":{"east":{"uv":[7.5,2.875,8.375,3.25],"tintindex":0,"rotation":0,"texture":"#1"},"south":{"uv":[5.375,7.875,6.125,8.25],"tintindex":0,"rotation":0,"texture":"#1"},"north":{"uv":[6.4375,2.6875,7.1875,3.0625],"tintindex":0,"rotation":0,"texture":"#1"},"west":{"uv":[4.5,7.875,5.375,8.25],"tintindex":0,"rotation":0,"texture":"#1"},"up":{"uv":[3.625,6.875,2.875,6.0],"tintindex":0,"rotation":0,"texture":"#1"},"down":{"uv":[5.6875,6.0625,4.9375,6.9375],"tintindex":0,"rotation":0,"texture":"#1"}},"rotation":{"origin":[7.5,9.611557,4.2442293],"angle":-22.5,"axis":"x"}},{"from":[3.0,1.5674629,-0.3512659],"to":[12.0,7.567463,5.648734],"faces":{"east":{"uv":[8.0625,6.125,8.4375,6.5],"tintindex":0,"rotation":0,"texture":"#1"},"south":{"uv":[3.875,7.9375,4.4375,8.3125],"tintindex":0,"rotation":0,"texture":"#1"},"north":{"uv":[4.375,3.1875,4.9375,3.5625],"tintindex":0,"rotation":0,"texture":"#1"},"west":{"uv":[6.5,8.0625,6.875,8.4375],"tintindex":0,"rotation":0,"texture":"#1"},"up":{"uv":[8.5625,0.875,8.0,0.5],"tintindex":0,"rotation":0,"texture":"#1"},"down":{"uv":[8.625,3.25,8.0625,3.625],"tintindex":0,"rotation":0,"texture":"#1"}},"rotation":{"origin":[9.0,5.317463,3.398734],"angle":-45.0,"axis":"x"}}]}