{"textures":{"1":"modelengine:entity/succubus_golem"},"elements":[{"from":[-3.4598446,-13.71825,6.051464],"to":[4.0401554,-1.7182503,16.551464],"faces":{"east":{"uv":[2.125,7.0625,2.8125,7.8125],"tintindex":0,"rotation":0,"texture":"#1"},"south":{"uv":[2.125,7.8125,2.625,8.5625],"tintindex":0,"rotation":0,"texture":"#1"},"north":{"uv":[7.75,7.0625,8.25,7.8125],"tintindex":0,"rotation":0,"texture":"#1"},"west":{"uv":[0.0,7.125,0.6875,7.875],"tintindex":0,"rotation":0,"texture":"#1"},"up":{"uv":[8.3125,1.75,7.8125,1.0625],"tintindex":0,"rotation":0,"texture":"#1"},"down":{"uv":[8.3125,3.75,7.8125,4.4375],"tintindex":0,"rotation":0,"texture":"#1"}}},{"from":[-4.9598446,-1.7182503,1.5514641],"to":[4.0401554,13.281754,16.551464],"faces":{"east":{"uv":[2.125,5.0625,3.0625,6.0],"tintindex":0,"rotation":0,"texture":"#1"},"south":{"uv":[4.5,6.9375,5.0625,7.875],"tintindex":0,"rotation":0,"texture":"#1"},"north":{"uv":[1.5625,6.9375,2.125,7.875],"tintindex":0,"rotation":0,"texture":"#1"},"west":{"uv":[3.0625,5.0625,4.0,6.0],"tintindex":0,"rotation":0,"texture":"#1"},"up":{"uv":[5.625,7.875,5.0625,6.9375],"tintindex":0,"rotation":0,"texture":"#1"},"down":{"uv":[7.5625,6.5625,7.0,7.5],"tintindex":0,"rotation":0,"texture":"#1"}}},{"from":[-0.4598446,1.2817497,0.05146408],"to":[7.0401554,31.281754,18.051464],"faces":{"east":{"uv":[4.375,1.3125,5.5,3.1875],"tintindex":0,"rotation":0,"texture":"#1"},"south":{"uv":[1.625,5.0625,2.125,6.9375],"tintindex":0,"rotation":0,"texture":"#1"},"north":{"uv":[1.125,4.5625,1.625,6.4375],"tintindex":0,"rotation":0,"texture":"#1"},"west":{"uv":[0.0,4.5625,1.125,6.4375],"tintindex":0,"rotation":0,"texture":"#1"},"up":{"uv":[6.1875,7.875,5.6875,6.75],"tintindex":0,"rotation":0,"texture":"#1"},"down":{"uv":[4.5,6.8125,4.0,7.9375],"tintindex":0,"rotation":0,"texture":"#1"}}}]}