{"textures":{"1":"modelengine:entity/succubus_golem"},"elements":[{"from":[4.9999995,-15.841118,8.348986],"to":[11.0,8.158882,12.848986],"faces":{"east":{"uv":[7.5,1.75,7.1875,3.25],"tintindex":0,"rotation":0,"texture":"#1"},"south":{"uv":[7.0,6.5625,6.625,8.0625],"tintindex":0,"rotation":0,"texture":"#1"},"north":{"uv":[4.0,6.0,3.625,7.5],"tintindex":0,"rotation":0,"texture":"#1"},"west":{"uv":[6.5,6.75,6.1875,8.25],"tintindex":0,"rotation":0,"texture":"#1"},"up":{"uv":[8.0625,6.8125,8.4375,6.5],"tintindex":0,"rotation":0,"texture":"#1"},"down":{"uv":[7.0625,8.0625,7.4375,8.375],"tintindex":0,"rotation":0,"texture":"#1"}}},{"from":[4.9999995,5.158882,5.3489857],"to":[11.0,15.658882,8.348986],"faces":{"east":{"uv":[7.0625,8.0625,6.875,8.75],"tintindex":0,"rotation":0,"texture":"#1"},"south":{"uv":[1.9375,7.875,1.5625,8.5625],"tintindex":0,"rotation":0,"texture":"#1"},"north":{"uv":[0.375,7.875,0.0,8.5625],"tintindex":0,"rotation":0,"texture":"#1"},"west":{"uv":[2.125,7.875,1.9375,8.5625],"tintindex":0,"rotation":0,"texture":"#1"},"up":{"uv":[4.375,3.75,4.75,3.5625],"tintindex":0,"rotation":0,"texture":"#1"},"down":{"uv":[6.0,1.0625,6.375,1.25],"tintindex":0,"rotation":0,"texture":"#1"}}},{"from":[4.9999995,-2.3411188,12.848986],"to":[11.0,8.158882,17.348986],"faces":{"east":{"uv":[3.3125,7.9375,3.0,8.625],"tintindex":0,"rotation":0,"texture":"#1"},"south":{"uv":[3.0,7.9375,2.625,8.625],"tintindex":0,"rotation":0,"texture":"#1"},"north":{"uv":[8.25,5.4375,7.875,6.125],"tintindex":0,"rotation":0,"texture":"#1"},"west":{"uv":[0.6875,7.875,0.375,8.5625],"tintindex":0,"rotation":0,"texture":"#1"},"up":{"uv":[8.125,0.3125,8.5,0.0],"tintindex":0,"rotation":0,"texture":"#1"},"down":{"uv":[8.125,7.8125,8.5,8.125],"tintindex":0,"rotation":0,"texture":"#1"}}}]}