{"textures":{"1":"modelengine:entity/succubus_golem"},"elements":[{"from":[11.959845,-1.7182503,1.5514641],"to":[20.959845,13.281754,16.551464],"faces":{"east":{"uv":[4.0,5.0625,3.0625,6.0],"tintindex":0,"rotation":0,"texture":"#1"},"south":{"uv":[5.0625,6.9375,4.5,7.875],"tintindex":0,"rotation":0,"texture":"#1"},"north":{"uv":[2.125,6.9375,1.5625,7.875],"tintindex":0,"rotation":0,"texture":"#1"},"west":{"uv":[3.0625,5.0625,2.125,6.0],"tintindex":0,"rotation":0,"texture":"#1"},"up":{"uv":[5.0625,7.875,5.625,6.9375],"tintindex":0,"rotation":0,"texture":"#1"},"down":{"uv":[7.0,6.5625,7.5625,7.5],"tintindex":0,"rotation":0,"texture":"#1"}}},{"from":[11.959845,-13.71825,6.051464],"to":[19.459845,-1.7182503,16.551464],"faces":{"east":{"uv":[0.6875,7.125,0.0,7.875],"tintindex":0,"rotation":0,"texture":"#1"},"south":{"uv":[2.625,7.8125,2.125,8.5625],"tintindex":0,"rotation":0,"texture":"#1"},"north":{"uv":[8.25,7.0625,7.75,7.8125],"tintindex":0,"rotation":0,"texture":"#1"},"west":{"uv":[2.8125,7.0625,2.125,7.8125],"tintindex":0,"rotation":0,"texture":"#1"},"up":{"uv":[7.8125,1.75,8.3125,1.0625],"tintindex":0,"rotation":0,"texture":"#1"},"down":{"uv":[7.8125,3.75,8.3125,4.4375],"tintindex":0,"rotation":0,"texture":"#1"}}}]}