{"textures":{"0":"modelengine:entity/spider"},"elements":[{"from":[7.5,7.0,1.25],"to":[12.5,12.0,6.25],"faces":{"east":{"uv":[3.3333302,0.0,1.6666701,1.6666701],"tintindex":0,"rotation":0,"texture":"#0"},"south":{"uv":[3.3333302,0.0,5.0,1.6666701],"tintindex":0,"rotation":0,"texture":"#0"},"north":{"uv":[0.0,0.0,1.6666701,1.6666701],"tintindex":0,"rotation":0,"texture":"#0"},"west":{"uv":[1.6666701,0.0,3.3333302,1.6666701],"tintindex":0,"rotation":0,"texture":"#0"},"up":{"uv":[1.6666701,3.3333302,0.0,1.6666701],"tintindex":0,"rotation":0,"texture":"#0"},"down":{"uv":[0.0,1.33333,1.6666701,1.6666701],"tintindex":0,"rotation":0,"texture":"#0"}}},{"from":[11.5,6.0,-0.75],"to":[11.5,9.0,1.25],"faces":{"east":{"uv":[1.6666701,1.6666701,2.3333302,2.6666698],"tintindex":0,"rotation":0,"texture":"#0"},"south":{"uv":[3.3333302,0.0,5.0,1.6666701],"tintindex":0,"rotation":0,"texture":"#0"},"north":{"uv":[0.0,0.0,1.6666701,1.6666701],"tintindex":0,"rotation":0,"texture":"#0"},"west":{"uv":[2.3333302,1.6666701,1.6666701,2.6666698],"tintindex":0,"rotation":0,"texture":"#0"},"up":{"uv":[1.6666701,3.3333302,0.0,1.6666701],"tintindex":0,"rotation":0,"texture":"#0"},"down":{"uv":[0.0,1.33333,1.6666701,1.6666701],"tintindex":0,"rotation":0,"texture":"#0"}}},{"from":[8.5,6.0,-0.75],"to":[8.5,9.0,1.25],"faces":{"east":{"uv":[1.6666701,1.6666701,2.3333302,2.6666698],"tintindex":0,"rotation":0,"texture":"#0"},"south":{"uv":[3.3333302,0.0,5.0,1.6666701],"tintindex":0,"rotation":0,"texture":"#0"},"north":{"uv":[0.0,0.0,1.6666701,1.6666701],"tintindex":0,"rotation":0,"texture":"#0"},"west":{"uv":[2.3333302,1.6666701,1.6666701,2.6666698],"tintindex":0,"rotation":0,"texture":"#0"},"up":{"uv":[1.6666701,3.3333302,0.0,1.6666701],"tintindex":0,"rotation":0,"texture":"#0"},"down":{"uv":[0.0,1.33333,1.6666701,1.6666701],"tintindex":0,"rotation":0,"texture":"#0"}}}]}