{"textures":{"0":"modelengine:entity/voras_web1"},"elements":[{"from":[8.0,6.7670736,1.219101],"to":[8.0,20.767075,18.2191],"faces":{"east":{"uv":[0.0,0.0,4.25,3.5],"tintindex":0,"rotation":0,"texture":"#0"},"west":{"uv":[4.25,0.0,0.0,3.5],"tintindex":0,"rotation":0,"texture":"#0"}}},{"from":[5.5,6.7670736,1.219101],"to":[5.5,13.267074,18.2191],"faces":{"east":{"uv":[4.25,0.0,8.5,1.625],"tintindex":0,"rotation":0,"texture":"#0"},"west":{"uv":[8.5,0.0,4.25,1.625],"tintindex":0,"rotation":0,"texture":"#0"}},"rotation":{"origin":[5.5,6.7670736,5.219101],"angle":-22.5,"axis":"z"}},{"from":[10.5,6.7670736,1.219101],"to":[10.5,13.267074,18.2191],"faces":{"east":{"uv":[4.25,0.0,8.5,1.625],"tintindex":0,"rotation":0,"texture":"#0"},"west":{"uv":[8.5,0.0,4.25,1.625],"tintindex":0,"rotation":0,"texture":"#0"}},"rotation":{"origin":[10.5,6.7670736,5.219101],"angle":22.5,"axis":"z"}},{"from":[4.0,6.7670736,4.469101],"to":[12.0,15.267074,4.469101],"faces":{"south":{"uv":[6.25,3.25,4.25,5.375],"tintindex":0,"rotation":0,"texture":"#0"},"north":{"uv":[4.25,3.25,6.25,5.375],"tintindex":0,"rotation":0,"texture":"#0"}},"rotation":{"origin":[8.0,6.7670736,4.469101],"angle":-22.5,"axis":"x"}}]}