{"textures":{"0":"modelengine:entity/priest"},"elements":[{"from":[6.98305,20.80365,29.0],"to":[10.58305,24.40365,30.2],"faces":{"east":{"uv":[9.16667,14.75,8.66667,14.5],"tintindex":0,"rotation":90,"texture":"#0"},"south":{"uv":[9.33333,8.75,9.83333,9.5],"tintindex":0,"rotation":0,"texture":"#0"},"north":{"uv":[9.83333,8.75,9.33333,9.5],"tintindex":0,"rotation":0,"texture":"#0"},"west":{"uv":[9.83333,12.25,9.66667,13.0],"tintindex":0,"rotation":0,"texture":"#0"},"up":{"uv":[8.66667,14.75,9.16667,14.5],"tintindex":0,"rotation":0,"texture":"#0"},"down":{"uv":[9.66667,12.25,9.83333,13.0],"tintindex":0,"rotation":90,"texture":"#0"}},"rotation":{"origin":[-7.09046,7.93015,30.2],"angle":45.0,"axis":"z"}},{"from":[-5.200001,28.53969,29.6],"to":[21.199999,30.93969,29.6],"faces":{"south":{"uv":[5.66667,9.0,6.0,14.5],"tintindex":0,"rotation":90,"texture":"#0"},"north":{"uv":[5.66667,14.5,6.0,9.0],"tintindex":0,"rotation":90,"texture":"#0"}}},{"from":[5.4169497,20.80365,29.0],"to":[9.01695,24.40365,30.2],"faces":{"east":{"uv":[8.66667,14.75,9.16667,14.5],"tintindex":0,"rotation":90,"texture":"#0"},"south":{"uv":[9.83333,8.75,9.33333,9.5],"tintindex":0,"rotation":0,"texture":"#0"},"north":{"uv":[9.33333,8.75,9.83333,9.5],"tintindex":0,"rotation":0,"texture":"#0"},"west":{"uv":[9.66667,12.25,9.83333,13.0],"tintindex":0,"rotation":0,"texture":"#0"},"up":{"uv":[9.16667,14.75,8.66667,14.5],"tintindex":0,"rotation":0,"texture":"#0"},"down":{"uv":[9.83333,12.25,9.66667,13.0],"tintindex":0,"rotation":90,"texture":"#0"}},"rotation":{"origin":[23.09045,7.93015,30.2],"angle":-45.0,"axis":"z"}}]}