{"textures":{"0":"modelengine:entity/priest"},"elements":[{"from":[20.69045,5.53015,7.3999996],"to":[24.290451,9.13015,8.6],"faces":{"east":{"uv":[8.66667,14.75,9.16667,14.5],"tintindex":0,"rotation":90,"texture":"#0"},"south":{"uv":[9.83333,8.75,9.33333,9.5],"tintindex":0,"rotation":0,"texture":"#0"},"north":{"uv":[9.33333,8.75,9.83333,9.5],"tintindex":0,"rotation":0,"texture":"#0"},"west":{"uv":[9.66667,12.25,9.83333,13.0],"tintindex":0,"rotation":0,"texture":"#0"},"up":{"uv":[9.16667,14.75,8.66667,14.5],"tintindex":0,"rotation":0,"texture":"#0"},"down":{"uv":[9.83333,12.25,9.66667,13.0],"tintindex":0,"rotation":90,"texture":"#0"}},"rotation":{"origin":[23.09045,7.93015,8.6],"angle":-45.0,"axis":"z"}},{"from":[-8.290459,5.53015,7.3999996],"to":[-4.6904593,9.13015,8.6],"faces":{"east":{"uv":[9.16667,14.75,8.66667,14.5],"tintindex":0,"rotation":90,"texture":"#0"},"south":{"uv":[9.33333,8.75,9.83333,9.5],"tintindex":0,"rotation":0,"texture":"#0"},"north":{"uv":[9.83333,8.75,9.33333,9.5],"tintindex":0,"rotation":0,"texture":"#0"},"west":{"uv":[9.83333,12.25,9.66667,13.0],"tintindex":0,"rotation":0,"texture":"#0"},"up":{"uv":[8.66667,14.75,9.16667,14.5],"tintindex":0,"rotation":0,"texture":"#0"},"down":{"uv":[9.66667,12.25,9.83333,13.0],"tintindex":0,"rotation":90,"texture":"#0"}},"rotation":{"origin":[-7.090459,7.93015,8.6],"angle":45.0,"axis":"z"}},{"from":[-5.2,6.93969,8.0],"to":[21.2,9.33969,8.0],"faces":{"south":{"uv":[5.66667,9.0,6.0,14.5],"tintindex":0,"rotation":90,"texture":"#0"},"north":{"uv":[5.66667,14.5,6.0,9.0],"tintindex":0,"rotation":90,"texture":"#0"}}}]}