{"textures":{"0":"modelengine:entity/kriger"},"elements":[{"from":[2.0,8.113655,7.9757137],"to":[12.0,8.113655,15.975714],"faces":{"up":{"uv":[1.9875,9.1125,0.7625,8.1375],"tintindex":0,"rotation":0,"texture":"#0"},"down":{"uv":[0.7625,8.1375,1.9875,9.1125],"tintindex":0,"rotation":0,"texture":"#0"}}}]}