{"textures":{"0":"modelengine:entity/kriger"},"elements":[{"from":[2.0,8.113655,7.975713],"to":[12.0,8.113655,15.975714],"faces":{"up":{"uv":[8.0125,5.7375,9.2375,4.7625],"tintindex":0,"rotation":0,"texture":"#0"},"down":{"uv":[9.2375,4.7625,8.0125,5.7375],"tintindex":0,"rotation":0,"texture":"#0"}}}]}