{"textures":{"0":"modelengine:entity/kriger"},"elements":[{"from":[2.0,8.113655,7.9757137],"to":[12.0,8.113655,15.975712],"faces":{"up":{"uv":[8.2625,8.1125,9.4875,7.1375],"tintindex":0,"rotation":0,"texture":"#0"},"down":{"uv":[9.4875,7.1375,8.2625,8.1125],"tintindex":0,"rotation":0,"texture":"#0"}}}]}