{"textures":{"0":"modelengine:entity/kriger"},"elements":[{"from":[5.5,-7.4935703,1.1184793],"to":[9.5,-3.39357,1.1184793],"faces":{"south":{"uv":[9.4875,12.7625,9.0125,13.2375],"tintindex":0,"rotation":0,"texture":"#0"},"north":{"uv":[9.0125,12.7625,9.4875,13.2375],"tintindex":0,"rotation":0,"texture":"#0"}},"rotation":{"origin":[6.75,-9.64357,3.3684793],"angle":45.0,"axis":"x"}},{"from":[5.5,-3.6338692,6.1976132],"to":[9.5,11.366131,12.197614],"faces":{"east":{"uv":[7.5125,7.1375,8.2375,8.9875],"tintindex":0,"rotation":0,"texture":"#0"},"south":{"uv":[2.7625,9.2625,3.2375,11.1125],"tintindex":0,"rotation":0,"texture":"#0"},"north":{"uv":[2.2625,9.2625,2.7375,11.1125],"tintindex":0,"rotation":0,"texture":"#0"},"west":{"uv":[0.0125,7.6375,0.7375,9.4875],"tintindex":0,"rotation":0,"texture":"#0"},"up":{"uv":[3.9875,13.1125,3.5125,12.3875],"tintindex":0,"rotation":0,"texture":"#0"},"down":{"uv":[4.4875,12.3875,4.0125,13.1125],"tintindex":0,"rotation":0,"texture":"#0"}},"rotation":{"origin":[6.75,-5.783869,8.447613],"angle":0.0,"axis":"x"}}]}