{"textures":{"0":"modelengine:entity/kriger"},"elements":[{"from":[5.75,-7.033869,7.9476137],"to":[9.75,-0.033869743,11.947614],"faces":{"east":{"uv":[2.0125,5.2625,2.4875,6.1125],"tintindex":0,"rotation":0,"texture":"#0"},"south":{"uv":[2.5125,11.8875,2.9875,12.7375],"tintindex":0,"rotation":0,"texture":"#0"},"north":{"uv":[2.5125,3.3875,2.9875,4.2375],"tintindex":0,"rotation":0,"texture":"#0"},"west":{"uv":[6.1375,12.1375,6.6125,12.9875],"tintindex":0,"rotation":0,"texture":"#0"},"up":{"uv":[13.2375,5.6125,12.7625,5.1375],"tintindex":0,"rotation":0,"texture":"#0"},"down":{"uv":[13.2375,8.7625,12.7625,9.2375],"tintindex":0,"rotation":0,"texture":"#0"}},"rotation":{"origin":[8.0,5.7161307,11.197614],"angle":0.0,"axis":"x"}},{"from":[5.75,-0.033869743,7.9476137],"to":[10.75,6.9661303,13.947614],"faces":{"east":{"uv":[3.2625,10.7625,3.9875,11.6125],"tintindex":0,"rotation":0,"texture":"#0"},"south":{"uv":[0.0125,11.6375,0.6125,12.4875],"tintindex":0,"rotation":0,"texture":"#0"},"north":{"uv":[10.2625,11.5125,10.8625,12.3625],"tintindex":0,"rotation":0,"texture":"#0"},"west":{"uv":[10.7625,4.3875,11.4875,5.2375],"tintindex":0,"rotation":0,"texture":"#0"},"up":{"uv":[8.1125,12.4875,7.5125,11.7625],"tintindex":0,"rotation":0,"texture":"#0"},"down":{"uv":[2.4875,11.8875,1.8875,12.6125],"tintindex":0,"rotation":0,"texture":"#0"}},"rotation":{"origin":[8.0,5.7161307,11.197614],"angle":0.0,"axis":"x"}}]}