{"textures":{"0":"modelengine:entity/kriger"},"elements":[{"from":[6.490484,7.2978354,3.0],"to":[9.490484,8.797835,4.5],"faces":{"east":{"uv":[9.0125,11.6375,9.3625,11.9875],"tintindex":0,"rotation":0,"texture":"#0"},"south":{"uv":[12.6375,7.5125,13.3625,7.8625],"tintindex":0,"rotation":0,"texture":"#0"},"north":{"uv":[12.6375,3.6375,13.3625,4.0],"tintindex":0,"rotation":0,"texture":"#0"},"west":{"uv":[1.0125,13.0125,1.3625,13.3625],"tintindex":0,"rotation":0,"texture":"#0"},"up":{"uv":[13.3625,10.2375,12.6375,9.8875],"tintindex":0,"rotation":0,"texture":"#0"},"down":{"uv":[13.3625,9.8875,12.6375,10.2375],"tintindex":0,"rotation":0,"texture":"#0"}},"rotation":{"origin":[8.115484,8.047835,-1.75],"angle":0.0,"axis":"z"}},{"from":[6.990484,7.7978354,0.5],"to":[8.990484,8.297835,3.0],"faces":{"east":{"uv":[5.3875,11.8875,5.9875,11.9875],"tintindex":0,"rotation":0,"texture":"#0"},"south":{"uv":[3.5125,13.1375,3.9875,13.2375],"tintindex":0,"rotation":0,"texture":"#0"},"north":{"uv":[11.5125,5.1375,11.9875,5.2375],"tintindex":0,"rotation":0,"texture":"#0"},"west":{"uv":[5.3875,12.0125,5.9875,12.1125],"tintindex":0,"rotation":0,"texture":"#0"},"up":{"uv":[7.6125,13.1125,7.1375,12.5125],"tintindex":0,"rotation":0,"texture":"#0"},"down":{"uv":[7.1375,12.5125,7.6125,13.1125],"tintindex":0,"rotation":0,"texture":"#0"}},"rotation":{"origin":[8.115484,8.047835,-1.75],"angle":0.0,"axis":"z"}},{"from":[3.9904842,7.7978354,-14.0],"to":[11.990485,8.297835,-11.0],"faces":{"east":{"uv":[12.8875,1.1375,13.6125,1.2375],"tintindex":0,"rotation":0,"texture":"#0"},"south":{"uv":[12.7625,0.5125,14.7375,0.6125],"tintindex":0,"rotation":0,"texture":"#0"},"north":{"uv":[12.7625,0.3875,14.7375,0.4875],"tintindex":0,"rotation":0,"texture":"#0"},"west":{"uv":[12.8875,6.3875,13.6125,6.4875],"tintindex":0,"rotation":0,"texture":"#0"},"up":{"uv":[8.9875,1.8625,7.0125,1.1375],"tintindex":0,"rotation":0,"texture":"#0"},"down":{"uv":[8.9875,1.1375,7.0125,1.8625],"tintindex":0,"rotation":0,"texture":"#0"}},"rotation":{"origin":[8.115484,8.047835,-1.75],"angle":0.0,"axis":"z"}},{"from":[10.490484,7.7978354,1.5],"to":[12.490485,8.297835,4.5],"faces":{"east":{"uv":[12.7625,9.2625,13.4875,9.3625],"tintindex":0,"rotation":0,"texture":"#0"},"south":{"uv":[3.2625,7.1375,3.7375,7.2375],"tintindex":0,"rotation":0,"texture":"#0"},"north":{"uv":[6.5125,1.1375,6.9875,1.2375],"tintindex":0,"rotation":0,"texture":"#0"},"west":{"uv":[12.8875,1.0125,13.6125,1.1125],"tintindex":0,"rotation":0,"texture":"#0"},"up":{"uv":[8.1375,12.9875,8.6125,12.2625],"tintindex":0,"rotation":0,"texture":"#0"},"down":{"uv":[8.6125,12.2625,8.1375,12.9875],"tintindex":0,"rotation":0,"texture":"#0"}},"rotation":{"origin":[8.115484,8.047835,-1.75],"angle":0.0,"axis":"z"}},{"from":[8.914534,6.902341,-11.0],"to":[9.264534,7.2523403,0.5],"faces":{"east":{"uv":[12.3875,6.5125,15.2375,6.6125],"tintindex":0,"rotation":0,"texture":"#0"},"south":{"uv":[7.3875,8.7625,7.4875,8.8625],"tintindex":0,"rotation":0,"texture":"#0"},"north":{"uv":[7.3875,8.6375,7.4625,8.7125],"tintindex":0,"rotation":0,"texture":"#0"},"west":{"uv":[12.3875,6.6375,15.2375,6.7375],"tintindex":0,"rotation":0,"texture":"#0"},"up":{"uv":[11.6125,14.9875,11.5125,12.1375],"tintindex":0,"rotation":0,"texture":"#0"},"down":{"uv":[11.7375,12.1375,11.6375,14.9875],"tintindex":0,"rotation":0,"texture":"#0"}},"rotation":{"origin":[8.115484,8.047835,-1.75],"angle":45.0,"axis":"z"}},{"from":[9.490484,7.7978354,3.5],"to":[10.490484,8.297835,4.5],"faces":{"east":{"uv":[10.2625,2.5125,10.4875,2.6125],"tintindex":0,"rotation":0,"texture":"#0"},"south":{"uv":[10.5125,5.0125,10.7375,5.1125],"tintindex":0,"rotation":0,"texture":"#0"},"north":{"uv":[9.0125,3.6375,9.2375,3.7375],"tintindex":0,"rotation":0,"texture":"#0"},"west":{"uv":[10.5125,7.8875,10.7375,7.9875],"tintindex":0,"rotation":0,"texture":"#0"},"up":{"uv":[4.2375,13.3625,4.0125,13.1375],"tintindex":0,"rotation":0,"texture":"#0"},"down":{"uv":[4.4875,13.1375,4.2625,13.3625],"tintindex":0,"rotation":0,"texture":"#0"}},"rotation":{"origin":[8.115484,8.047835,-1.75],"angle":0.0,"axis":"z"}},{"from":[3.4145336,6.902341,-14.0],"to":[3.764534,7.2523403,-11.0],"faces":{"east":{"uv":[2.1375,13.1375,2.8625,13.2375],"tintindex":0,"rotation":0,"texture":"#0"},"south":{"uv":[0.6375,9.6375,0.7375,9.7375],"tintindex":0,"rotation":0,"texture":"#0"},"north":{"uv":[0.6375,9.5125,0.7125,9.5875],"tintindex":0,"rotation":0,"texture":"#0"},"west":{"uv":[13.1375,2.5125,13.8625,2.6125],"tintindex":0,"rotation":0,"texture":"#0"},"up":{"uv":[1.1125,11.4875,1.0125,10.7625],"tintindex":0,"rotation":0,"texture":"#0"},"down":{"uv":[1.1125,11.5125,1.0125,12.2375],"tintindex":0,"rotation":0,"texture":"#0"}},"rotation":{"origin":[2.6154842,8.047835,-4.749999],"angle":45.0,"axis":"z"}},{"from":[6.490484,7.7978354,-11.0],"to":[9.490484,8.297835,0.5],"faces":{"east":{"uv":[12.1375,11.2625,14.9875,11.3625],"tintindex":0,"rotation":0,"texture":"#0"},"south":{"uv":[8.2625,3.6375,8.9875,3.7375],"tintindex":0,"rotation":0,"texture":"#0"},"north":{"uv":[4.7625,4.1375,5.4875,4.2375],"tintindex":0,"rotation":0,"texture":"#0"},"west":{"uv":[12.2625,2.0125,15.1125,2.1125],"tintindex":0,"rotation":0,"texture":"#0"},"up":{"uv":[5.4875,4.1125,4.7625,1.2625],"tintindex":0,"rotation":0,"texture":"#0"},"down":{"uv":[5.4875,1.2625,4.7625,4.1125],"tintindex":0,"rotation":0,"texture":"#0"}},"rotation":{"origin":[8.115484,8.047835,-1.75],"angle":0.0,"axis":"z"}},{"from":[11.414534,6.902341,-14.0],"to":[11.764533,7.2523403,-11.0],"faces":{"east":{"uv":[13.1375,2.6375,13.8625,2.7375],"tintindex":0,"rotation":0,"texture":"#0"},"south":{"uv":[9.7625,8.8875,9.8625,8.9875],"tintindex":0,"rotation":0,"texture":"#0"},"north":{"uv":[0.6375,9.7625,0.7125,9.8375],"tintindex":0,"rotation":0,"texture":"#0"},"west":{"uv":[13.1375,2.7625,13.8625,2.8625],"tintindex":0,"rotation":0,"texture":"#0"},"up":{"uv":[0.7375,12.3625,0.6375,11.6375],"tintindex":0,"rotation":0,"texture":"#0"},"down":{"uv":[11.3625,12.7625,11.2625,13.4875],"tintindex":0,"rotation":0,"texture":"#0"}},"rotation":{"origin":[10.615484,8.047835,-4.749999],"angle":45.0,"axis":"z"}},{"from":[6.5,6.75,6.0],"to":[9.5,9.25,9.0],"faces":{"east":{"uv":[11.6375,9.3875,12.3625,9.9875],"tintindex":0,"rotation":0,"texture":"#0"},"south":{"uv":[3.8875,11.7625,4.6125,12.3625],"tintindex":0,"rotation":0,"texture":"#0"},"north":{"uv":[8.2625,11.6375,8.9875,12.2375],"tintindex":0,"rotation":0,"texture":"#0"},"west":{"uv":[6.7625,11.7625,7.4875,12.3625],"tintindex":0,"rotation":0,"texture":"#0"},"up":{"uv":[11.8625,12.1125,11.1375,11.3875],"tintindex":0,"rotation":0,"texture":"#0"},"down":{"uv":[12.2375,0.6375,11.5125,1.3625],"tintindex":0,"rotation":0,"texture":"#0"}},"rotation":{"origin":[8.0,8.0,8.0],"angle":22.5,"axis":"z"}},{"from":[5.490484,7.7978354,3.5],"to":[6.490484,8.297835,4.5],"faces":{"east":{"uv":[3.5125,12.2625,3.7375,12.3625],"tintindex":0,"rotation":0,"texture":"#0"},"south":{"uv":[7.1375,12.3875,7.3625,12.4875],"tintindex":0,"rotation":0,"texture":"#0"},"north":{"uv":[9.0125,12.0125,9.2375,12.1125],"tintindex":0,"rotation":0,"texture":"#0"},"west":{"uv":[12.3875,9.8875,12.6125,9.9875],"tintindex":0,"rotation":0,"texture":"#0"},"up":{"uv":[5.2375,13.3625,5.0125,13.1375],"tintindex":0,"rotation":0,"texture":"#0"},"down":{"uv":[5.4875,13.1375,5.2625,13.3625],"tintindex":0,"rotation":0,"texture":"#0"}},"rotation":{"origin":[8.115484,8.047835,-1.75],"angle":0.0,"axis":"z"}},{"from":[5.9145336,6.902341,-11.0],"to":[6.264534,7.2523403,0.5],"faces":{"east":{"uv":[12.3875,6.7625,15.2375,6.8625],"tintindex":0,"rotation":0,"texture":"#0"},"south":{"uv":[1.8875,9.1375,1.9875,9.2375],"tintindex":0,"rotation":0,"texture":"#0"},"north":{"uv":[7.3875,8.8875,7.4625,8.9625],"tintindex":0,"rotation":0,"texture":"#0"},"west":{"uv":[12.3875,6.8875,15.2375,6.9875],"tintindex":0,"rotation":0,"texture":"#0"},"up":{"uv":[11.8625,14.9875,11.7625,12.1375],"tintindex":0,"rotation":0,"texture":"#0"},"down":{"uv":[1.6125,12.2625,1.5125,15.1125],