{"textures":{"0":"modelengine:entity/kriger"},"elements":[{"from":[-1.9160404,6.3620796,4.0000005],"to":[8.08396,9.36208,8.0],"faces":{"east":{"uv":[12.8875,8.2625,13.3625,8.6125],"tintindex":0,"rotation":0,"texture":"#0"},"south":{"uv":[11.6375,8.2625,12.8625,8.6125],"tintindex":0,"rotation":0,"texture":"#0"},"north":{"uv":[11.6375,7.8875,12.8625,8.2375],"tintindex":0,"rotation":0,"texture":"#0"},"west":{"uv":[12.6375,12.8875,13.1125,13.2375],"tintindex":0,"rotation":0,"texture":"#0"},"up":{"uv":[11.9875,5.7375,10.7625,5.2625],"tintindex":0,"rotation":0,"texture":"#0"},"down":{"uv":[8.2375,11.2625,7.0125,11.7375],"tintindex":0,"rotation":0,"texture":"#0"}}},{"from":[-5.9160404,5.3620796,3.0000005],"to":[-1.9160404,10.36208,9.0],"faces":{"east":{"uv":[4.6375,11.8875,5.3625,12.4875],"tintindex":0,"rotation":0,"texture":"#0"},"south":{"uv":[12.6375,2.5125,13.1125,3.1125],"tintindex":0,"rotation":0,"texture":"#0"},"north":{"uv":[1.6375,12.6375,2.1125,13.2375],"tintindex":0,"rotation":0,"texture":"#0"},"west":{"uv":[11.8875,11.3875,12.6125,11.9875],"tintindex":0,"rotation":0,"texture":"#0"},"up":{"uv":[12.8625,6.4875,12.3875,5.7625],"tintindex":0,"rotation":0,"texture":"#0"},"down":{"uv":[7.1125,12.3875,6.6375,13.1125],"tintindex":0,"rotation":0,"texture":"#0"}}}]}