{"textures":{"0":"modelengine:entity/kriger"},"elements":[{"from":[2.58396,2.8620796,4.5],"to":[8.58396,9.86208,10.5],"faces":{"east":{"uv":[10.5125,7.0125,11.2375,7.8625],"tintindex":0,"rotation":0,"texture":"#0"},"south":{"uv":[9.5125,10.6375,10.2375,11.4875],"tintindex":0,"rotation":0,"texture":"#0"},"north":{"uv":[6.2625,10.5125,6.9875,11.3625],"tintindex":0,"rotation":0,"texture":"#0"},"west":{"uv":[0.0125,10.7625,0.7375,11.6125],"tintindex":0,"rotation":0,"texture":"#0"},"up":{"uv":[6.7375,12.1125,6.0125,11.3875],"tintindex":0,"rotation":0,"texture":"#0"},"down":{"uv":[12.1125,10.0125,11.3875,10.7375],"tintindex":0,"rotation":0,"texture":"#0"}}},{"from":[6.1948724,13.751167,4.5],"to":[10.194873,13.751167,10.5],"faces":{"up":{"uv":[10.7375,13.1125,10.2625,12.3875],"tintindex":0,"rotation":0,"texture":"#0"},"down":{"uv":[10.7375,12.3875,10.2625,13.1125],"tintindex":0,"rotation":0,"texture":"#0"}},"rotation":{"origin":[4.6948724,13.751167,7.5],"angle":-45.0,"axis":"z"}},{"from":[-7.4160404,2.8620796,5.5],"to":[2.58396,7.8620796,10.5],"faces":{"east":{"uv":[10.8875,12.1375,11.4875,12.7375],"tintindex":0,"rotation":0,"texture":"#0"},"south":{"uv":[10.2625,1.2625,11.4875,1.8625],"tintindex":0,"rotation":0,"texture":"#0"},"north":{"uv":[10.2625,0.6375,11.4875,1.2375],"tintindex":0,"rotation":0,"texture":"#0"},"west":{"uv":[12.2625,0.6375,12.8625,1.2375],"tintindex":0,"rotation":0,"texture":"#0"},"up":{"uv":[11.4875,2.4875,10.2625,1.8875],"tintindex":0,"rotation":0,"texture":"#0"},"down":{"uv":[11.4875,5.7625,10.2625,6.3625],"tintindex":0,"rotation":0,"texture":"#0"}}}]}