{"textures":{"0":"modelengine:entity/kriger"},"elements":[{"from":[6.5,-7.4935703,1.1184793],"to":[10.5,-3.39357,1.1184793],"faces":{"south":{"uv":[9.0125,12.7625,9.4875,13.2375],"tintindex":0,"rotation":0,"texture":"#0"},"north":{"uv":[9.4875,12.7625,9.0125,13.2375],"tintindex":0,"rotation":0,"texture":"#0"}},"rotation":{"origin":[9.25,-9.64357,3.3684793],"angle":45.0,"axis":"x"}},{"from":[6.5,-3.6338692,6.1976132],"to":[10.5,11.366131,12.197614],"faces":{"east":{"uv":[0.7375,7.6375,0.0125,9.4875],"tintindex":0,"rotation":0,"texture":"#0"},"south":{"uv":[3.2375,9.2625,2.7625,11.1125],"tintindex":0,"rotation":0,"texture":"#0"},"north":{"uv":[2.7375,9.2625,2.2625,11.1125],"tintindex":0,"rotation":0,"texture":"#0"},"west":{"uv":[8.2375,7.1375,7.5125,8.9875],"tintindex":0,"rotation":0,"texture":"#0"},"up":{"uv":[3.5125,13.1125,3.9875,12.3875],"tintindex":0,"rotation":0,"texture":"#0"},"down":{"uv":[4.0125,12.3875,4.4875,13.1125],"tintindex":0,"rotation":0,"texture":"#0"}},"rotation":{"origin":[9.25,-5.783869,8.447613],"angle":0.0,"axis":"x"}}]}