{"textures":{"0":"modelengine:entity/kriger"},"elements":[{"from":[7.41604,2.8620796,4.5],"to":[13.41604,9.86208,10.5],"faces":{"east":{"uv":[0.7375,10.7625,0.0125,11.6125],"tintindex":0,"rotation":0,"texture":"#0"},"south":{"uv":[10.2375,10.6375,9.5125,11.4875],"tintindex":0,"rotation":0,"texture":"#0"},"north":{"uv":[6.9875,10.5125,6.2625,11.3625],"tintindex":0,"rotation":0,"texture":"#0"},"west":{"uv":[11.2375,7.0125,10.5125,7.8625],"tintindex":0,"rotation":0,"texture":"#0"},"up":{"uv":[6.0125,12.1125,6.7375,11.3875],"tintindex":0,"rotation":0,"texture":"#0"},"down":{"uv":[11.3875,10.0125,12.1125,10.7375],"tintindex":0,"rotation":0,"texture":"#0"}}},{"from":[13.41604,2.8620796,5.5],"to":[23.41604,7.8620796,10.5],"faces":{"east":{"uv":[12.8625,0.6375,12.2625,1.2375],"tintindex":0,"rotation":0,"texture":"#0"},"south":{"uv":[11.4875,1.2625,10.2625,1.8625],"tintindex":0,"rotation":0,"texture":"#0"},"north":{"uv":[11.4875,0.6375,10.2625,1.2375],"tintindex":0,"rotation":0,"texture":"#0"},"west":{"uv":[11.4875,12.1375,10.8875,12.7375],"tintindex":0,"rotation":0,"texture":"#0"},"up":{"uv":[10.2625,2.4875,11.4875,1.8875],"tintindex":0,"rotation":0,"texture":"#0"},"down":{"uv":[10.2625,5.7625,11.4875,6.3625],"tintindex":0,"rotation":0,"texture":"#0"}}},{"from":[5.805127,13.751167,4.5],"to":[9.805128,13.751167,10.5],"faces":{"up":{"uv":[10.2625,13.1125,10.7375,12.3875],"tintindex":0,"rotation":0,"texture":"#0"},"down":{"uv":[10.2625,12.3875,10.7375,13.1125],"tintindex":0,"rotation":0,"texture":"#0"}},"rotation":{"origin":[11.305128,13.751167,7.5],"angle":45.0,"axis":"z"}}]}