{"textures":{"0":"modelengine:entity/kriger"},"elements":[{"from":[17.91604,5.3620796,3.0000005],"to":[21.91604,10.36208,9.0],"faces":{"east":{"uv":[12.6125,11.3875,11.8875,11.9875],"tintindex":0,"rotation":0,"texture":"#0"},"south":{"uv":[13.1125,2.5125,12.6375,3.1125],"tintindex":0,"rotation":0,"texture":"#0"},"north":{"uv":[2.1125,12.6375,1.6375,13.2375],"tintindex":0,"rotation":0,"texture":"#0"},"west":{"uv":[5.3625,11.8875,4.6375,12.4875],"tintindex":0,"rotation":0,"texture":"#0"},"up":{"uv":[12.3875,6.4875,12.8625,5.7625],"tintindex":0,"rotation":0,"texture":"#0"},"down":{"uv":[6.6375,12.3875,7.1125,13.1125],"tintindex":0,"rotation":0,"texture":"#0"}}},{"from":[7.9160404,6.3620796,4.0000005],"to":[17.91604,9.36208,8.0],"faces":{"east":{"uv":[13.1125,12.8875,12.6375,13.2375],"tintindex":0,"rotation":0,"texture":"#0"},"south":{"uv":[12.8625,8.2625,11.6375,8.6125],"tintindex":0,"rotation":0,"texture":"#0"},"north":{"uv":[12.8625,7.8875,11.6375,8.2375],"tintindex":0,"rotation":0,"texture":"#0"},"west":{"uv":[13.3625,8.2625,12.8875,8.6125],"tintindex":0,"rotation":0,"texture":"#0"},"up":{"uv":[10.7625,5.7375,11.9875,5.2625],"tintindex":0,"rotation":0,"texture":"#0"},"down":{"uv":[7.0125,11.2625,8.2375,11.7375],"tintindex":0,"rotation":0,"texture":"#0"}}}]}