{"textures":{"0":"modelengine:entity/kriger"},"elements":[{"from":[5.25,-0.033869743,7.9476137],"to":[10.25,6.9661303,13.947614],"faces":{"east":{"uv":[11.4875,4.3875,10.7625,5.2375],"tintindex":0,"rotation":0,"texture":"#0"},"south":{"uv":[0.6125,11.6375,0.0125,12.4875],"tintindex":0,"rotation":0,"texture":"#0"},"north":{"uv":[10.8625,11.5125,10.2625,12.3625],"tintindex":0,"rotation":0,"texture":"#0"},"west":{"uv":[3.9875,10.7625,3.2625,11.6125],"tintindex":0,"rotation":0,"texture":"#0"},"up":{"uv":[7.5125,12.4875,8.1125,11.7625],"tintindex":0,"rotation":0,"texture":"#0"},"down":{"uv":[1.8875,11.8875,2.4875,12.6125],"tintindex":0,"rotation":0,"texture":"#0"}},"rotation":{"origin":[8.0,5.7161307,11.197614],"angle":0.0,"axis":"x"}},{"from":[6.25,-7.033869,7.9476137],"to":[10.25,-0.033869743,11.947614],"faces":{"east":{"uv":[6.6125,12.1375,6.1375,12.9875],"tintindex":0,"rotation":0,"texture":"#0"},"south":{"uv":[2.9875,11.8875,2.5125,12.7375],"tintindex":0,"rotation":0,"texture":"#0"},"north":{"uv":[2.9875,3.3875,2.5125,4.2375],"tintindex":0,"rotation":0,"texture":"#0"},"west":{"uv":[2.4875,5.2625,2.0125,6.1125],"tintindex":0,"rotation":0,"texture":"#0"},"up":{"uv":[12.7625,5.6125,13.2375,5.1375],"tintindex":0,"rotation":0,"texture":"#0"},"down":{"uv":[12.7625,8.7625,13.2375,9.2375],"tintindex":0,"rotation":0,"texture":"#0"}},"rotation":{"origin":[8.0,5.7161307,11.197614],"angle":0.0,"axis":"x"}}]}