{"textures":{"0":"modelengine:entity/kriger"},"elements":[{"from":[5.0,6.0,2.0],"to":[11.0,9.0,5.0],"faces":{"east":{"uv":[10.2375,13.0125,9.8875,13.3625],"tintindex":0,"rotation":0,"texture":"#0"},"south":{"uv":[13.4875,1.6375,12.7625,1.9875],"tintindex":0,"rotation":0,"texture":"#0"},"north":{"uv":[13.4875,1.2625,12.7625,1.6125],"tintindex":0,"rotation":0,"texture":"#0"},"west":{"uv":[9.8625,13.0125,9.5125,13.3625],"tintindex":0,"rotation":0,"texture":"#0"},"up":{"uv":[2.1375,13.1125,2.8625,12.7625],"tintindex":0,"rotation":0,"texture":"#0"},"down":{"uv":[5.0125,12.7625,5.7375,13.1125],"tintindex":0,"rotation":0,"texture":"#0"}},"rotation":{"origin":[8.5,7.5,2.0],"angle":22.5,"axis":"x"}},{"from":[4.9,6.5948105,0.69761324],"to":[11.1,9.5948105,3.6976132],"faces":{"east":{"uv":[8.8625,13.0125,8.5125,13.3625],"tintindex":0,"rotation":0,"texture":"#0"},"south":{"uv":[13.3625,12.1375,12.6375,12.4875],"tintindex":0,"rotation":0,"texture":"#0"},"north":{"uv":[12.65,12.6375,11.8875,12.9875],"tintindex":0,"rotation":0,"texture":"#0"},"west":{"uv":[8.4875,13.0125,8.1375,13.3625],"tintindex":0,"rotation":0,"texture":"#0"},"up":{"uv":[12.6375,12.8625,13.3625,12.5125],"tintindex":0,"rotation":0,"texture":"#0"},"down":{"uv":[12.7625,0.0125,13.4875,0.3625],"tintindex":0,"rotation":0,"texture":"#0"}},"rotation":{"origin":[8.5,7.0948105,2.1976132],"angle":-45.0,"axis":"x"}},{"from":[5.0,4.9661307,4.1976132],"to":[11.0,7.9661307,9.197613],"faces":{"east":{"uv":[13.4875,7.8875,12.8875,8.2375],"tintindex":0,"rotation":0,"texture":"#0"},"south":{"uv":[13.3625,11.7625,12.6375,12.1125],"tintindex":0,"rotation":0,"texture":"#0"},"north":{"uv":[13.3625,11.3875,12.6375,11.7375],"tintindex":0,"rotation":0,"texture":"#0"},"west":{"uv":[13.4875,6.0125,12.8875,6.3625],"tintindex":0,"rotation":0,"texture":"#0"},"up":{"uv":[11.8875,3.1125,12.6125,2.5125],"tintindex":0,"rotation":0,"texture":"#0"},"down":{"uv":[11.8875,3.6375,12.6125,4.2375],"tintindex":0,"rotation":0,"texture":"#0"}},"rotation":{"origin":[7.75,19.716131,8.447613],"angle":0.0,"axis":"x"}}]}