{"textures":{"0":"modelengine:entity/kriger"},"elements":[{"from":[9.509516,7.7978354,3.5],"to":[10.509516,8.297835,4.5],"faces":{"east":{"uv":[12.6125,9.8875,12.3875,9.9875],"tintindex":0,"rotation":0,"texture":"#0"},"south":{"uv":[7.3625,12.3875,7.1375,12.4875],"tintindex":0,"rotation":0,"texture":"#0"},"north":{"uv":[9.2375,12.0125,9.0125,12.1125],"tintindex":0,"rotation":0,"texture":"#0"},"west":{"uv":[3.7375,12.2625,3.5125,12.3625],"tintindex":0,"rotation":0,"texture":"#0"},"up":{"uv":[5.0125,13.3625,5.2375,13.1375],"tintindex":0,"rotation":0,"texture":"#0"},"down":{"uv":[5.2625,13.1375,5.4875,13.3625],"tintindex":0,"rotation":0,"texture":"#0"}},"rotation":{"origin":[7.884516,8.047835,-1.75],"angle":0.0,"axis":"z"}},{"from":[6.735466,6.902341,-11.0],"to":[7.0854664,7.2523403,0.5],"faces":{"east":{"uv":[15.2375,6.6375,12.3875,6.7375],"tintindex":0,"rotation":0,"texture":"#0"},"south":{"uv":[7.4875,8.7625,7.3875,8.8625],"tintindex":0,"rotation":0,"texture":"#0"},"north":{"uv":[7.4625,8.6375,7.3875,8.7125],"tintindex":0,"rotation":0,"texture":"#0"},"west":{"uv":[15.2375,6.5125,12.3875,6.6125],"tintindex":0,"rotation":0,"texture":"#0"},"up":{"uv":[11.5125,14.9875,11.6125,12.1375],"tintindex":0,"rotation":0,"texture":"#0"},"down":{"uv":[11.6375,12.1375,11.7375,14.9875],"tintindex":0,"rotation":0,"texture":"#0"}},"rotation":{"origin":[7.884516,8.047835,-1.75],"angle":-45.0,"axis":"z"}},{"from":[9.735466,6.902341,-11.0],"to":[10.085466,7.2523403,0.5],"faces":{"east":{"uv":[15.2375,6.8875,12.3875,6.9875],"tintindex":0,"rotation":0,"texture":"#0"},"south":{"uv":[1.9875,9.1375,1.8875,9.2375],"tintindex":0,"rotation":0,"texture":"#0"},"north":{"uv":[7.4625,8.8875,7.3875,8.9625],"tintindex":0,"rotation":0,"texture":"#0"},"west":{"uv":[15.2375,6.7625,12.3875,6.8625],"tintindex":0,"rotation":0,"texture":"#0"},"up":{"uv":[11.7625,14.9875,11.8625,12.1375],"tintindex":0,"rotation":0,"texture":"#0"},"down":{"uv":[1.5125,12.2625,1.6125,15.1125],"tintindex":0,"rotation":0,"texture":"#0"}},"rotation":{"origin":[10.884516,8.047835,-1.75],"angle":-45.0,"axis":"z"}},{"from":[7.009516,7.7978354,0.5],"to":[9.009516,8.297835,3.0],"faces":{"east":{"uv":[5.9875,12.0125,5.3875,12.1125],"tintindex":0,"rotation":0,"texture":"#0"},"south":{"uv":[3.9875,13.1375,3.5125,13.2375],"tintindex":0,"rotation":0,"texture":"#0"},"north":{"uv":[11.9875,5.1375,11.5125,5.2375],"tintindex":0,"rotation":0,"texture":"#0"},"west":{"uv":[5.9875,11.8875,5.3875,11.9875],"tintindex":0,"rotation":0,"texture":"#0"},"up":{"uv":[7.1375,13.1125,7.6125,12.5125],"tintindex":0,"rotation":0,"texture":"#0"},"down":{"uv":[7.6125,12.5125,7.1375,13.1125],"tintindex":0,"rotation":0,"texture":"#0"}},"rotation":{"origin":[7.884516,8.047835,-1.75],"angle":0.0,"axis":"z"}},{"from":[3.5095148,7.7978354,1.5],"to":[5.509516,8.297835,4.5],"faces":{"east":{"uv":[13.6125,1.0125,12.8875,1.1125],"tintindex":0,"rotation":0,"texture":"#0"},"south":{"uv":[3.7375,7.1375,3.2625,7.2375],"tintindex":0,"rotation":0,"texture":"#0"},"north":{"uv":[6.9875,1.1375,6.5125,1.2375],"tintindex":0,"rotation":0,"texture":"#0"},"west":{"uv":[13.4875,9.2625,12.7625,9.3625],"tintindex":0,"rotation":0,"texture":"#0"},"up":{"uv":[8.6125,12.9875,8.1375,12.2625],"tintindex":0,"rotation":0,"texture":"#0"},"down":{"uv":[8.1375,12.2625,8.6125,12.9875],"tintindex":0,"rotation":0,"texture":"#0"}},"rotation":{"origin":[7.884516,8.047835,-1.75],"angle":0.0,"axis":"z"}},{"from":[6.509516,7.7978354,-11.0],"to":[9.509516,8.297835,0.5],"faces":{"east":{"uv":[15.1125,2.0125,12.2625,2.1125],"tintindex":0,"rotation":0,"texture":"#0"},"south":{"uv":[8.9875,3.6375,8.2625,3.7375],"tintindex":0,"rotation":0,"texture":"#0"},"north":{"uv":[5.4875,4.1375,4.7625,4.2375],"tintindex":0,"rotation":0,"texture":"#0"},"west":{"uv":[14.9875,11.2625,12.1375,11.3625],"tintindex":0,"rotation":0,"texture":"#0"},"up":{"uv":[4.7625,4.1125,5.4875,1.2625],"tintindex":0,"rotation":0,"texture":"#0"},"down":{"uv":[4.7625,1.2625,5.4875,4.1125],"tintindex":0,"rotation":0,"texture":"#0"}},"rotation":{"origin":[7.884516,8.047835,-1.75],"angle":0.0,"axis":"z"}},{"from":[6.5,6.75,6.0],"to":[9.5,9.25,9.0],"faces":{"east":{"uv":[7.4875,11.7625,6.7625,12.3625],"tintindex":0,"rotation":0,"texture":"#0"},"south":{"uv":[4.6125,11.7625,3.8875,12.3625],"tintindex":0,"rotation":0,"texture":"#0"},"north":{"uv":[8.9875,11.6375,8.2625,12.2375],"tintindex":0,"rotation":0,"texture":"#0"},"west":{"uv":[12.3625,9.3875,11.6375,9.9875],"tintindex":0,"rotation":0,"texture":"#0"},"up":{"uv":[11.1375,12.1125,11.8625,11.3875],"tintindex":0,"rotation":0,"texture":"#0"},"down":{"uv":[11.5125,0.6375,12.2375,1.3625],"tintindex":0,"rotation":0,"texture":"#0"}},"rotation":{"origin":[8.0,8.0,8.0],"angle":-22.5,"axis":"z"}},{"from":[5.509516,7.7978354,3.5],"to":[6.509516,8.297835,4.5],"faces":{"east":{"uv":[10.7375,7.8875,10.5125,7.9875],"tintindex":0,"rotation":0,"texture":"#0"},"south":{"uv":[10.7375,5.0125,10.5125,5.1125],"tintindex":0,"rotation":0,"texture":"#0"},"north":{"uv":[9.2375,3.6375,9.0125,3.7375],"tintindex":0,"rotation":0,"texture":"#0"},"west":{"uv":[10.4875,2.5125,10.2625,2.6125],"tintindex":0,"rotation":0,"texture":"#0"},"up":{"uv":[4.0125,13.3625,4.2375,13.1375],"tintindex":0,"rotation":0,"texture":"#0"},"down":{"uv":[4.2625,13.1375,4.4875,13.3625],"tintindex":0,"rotation":0,"texture":"#0"}},"rotation":{"origin":[7.884516,8.047835,-1.75],"angle":0.0,"axis":"z"}},{"from":[7.259516,7.2978354,4.5],"to":[8.759516,8.797835,13.5],"faces":{"east":{"uv":[6.9875,10.1375,4.7625,10.4875],"tintindex":0,"rotation":0,"texture":"#0"},"south":{"uv":[6.3625,13.0125,6.0125,13.3625],"tintindex":0,"rotation":0,"texture":"#0"},"north":{"uv":[3.2375,13.0125,2.8875,13.3625],"tintindex":0,"rotation":0,"texture":"#0"},"west":{"uv":[11.9875,9.0125,9.7625,9.3625],"tintindex":0,"rotation":0,"texture":"#0"},"up":{"uv":[1.1375,12.2375,1.4875,10.0125],"tintindex":0,"rotation":0,"texture":"#0"},"down":{"uv":[1.5125,10.0125,1.8625,12.2375],"tintindex":0,"rotation":0,"texture":"#0"}},"rotation":{"origin":[7.884516,8.047835,-1.75],"angle":0.0,"axis":"z"}},{"from":[12.235466,6.902341,-14.0],"to":[12.585466,7.2523403,-11.0],"faces":{"east":{"uv":[13.8625,2.5125,13.1375,2.6125],"tintindex":0,"rotation":0,"texture":"#0"},"south":{"uv":[0.7375,9.6375,0.6375,9.7375],"tintindex":0,"rotation":0,"texture":"#0"},"north":{"uv":[0.7125,9.5125,0.6375,9.5875],"tintindex":0,"rotation":0,"texture":"#0"},"west":{"uv":[2.8625,13.1375,2.1375,13.2375],"tintindex":0,"rotation":0,"texture":"#0"},"up":{"uv":[1.0125,11.4875,1.1125,10.7625],"tintindex":0,"rotation":0,"texture":"#0"},"down":{"uv":[1.0125,11.5125,1.1125,12.2375],"tintindex":0,"rotation":0,"texture":"#0"}},"rotation":{"origin":[13.384516,8.047835,-4.749999],"angle":-45.0,"axis":"z"}},{"from":[10.509516,7.7978354,1.5],"to":[12.009516,8.297835,4.5],"faces":{"east":{"uv":[6.2375,8.5125,5.5125,8.6125],"tintindex":0,"rotation":0,"texture":"#0"},"south":{"uv":[12.2375,4.2625,11.8875,4.3625],"tintindex":0,"rotation":0,"texture":"#0"},"north":{"uv":[9.8625,8.0125,9.5125,8.1125],"tintindex":0,"rotation":0,"texture":"#0"},"west":{"uv":[5.4875,8.5125,4.7625,8.6125],"tintindex":0,"rotation":0,"texture":"#0"},"up":{"uv":[8.9875,12.9875,8.6375,12.2625],"tintindex":0,"rotation":0,"texture":"#0"},"down":{"uv":[8.6375,12.2625,8.9875,12.9875],"tintindex":0,"rotation":0,"texture":"#0"}},"rotation":{"origin":[7.884516,8.047835,-1.75],"angle":0.0,"axis":"z"}},{"from":[6.509516,7.2978354,3.0],"to":[9.509516,8.797835,4.5],"faces":{"east":{"uv":[1.3625,13.0125,1.0125,13.3625],"tintindex":0,"rotation":0,"texture":"#0"},"south":{"uv":[13.3625,7.5125,12.6375,7.8625],"tintindex":0,"rotation":0,"texture":"#0"},"north":{"uv":[13.3625,3.6375,12.6375,4.0],"tintindex":0,"rotation":0,"texture":"#0"},"west":{"uv":[9.3625,11.6375,9.0125,11.9875],"tintindex":0,"rotation":0,"texture":"#0"},"up":{"uv":[12.6375,10.2375,13.3625,9.8875],"tintindex":0,"rotation":0,"texture":"#0"},"down":{"uv":[12.6375,9.8875,13.3625,10.2375],"tintindex":0,