{"textures":{"0":"modelengine:entity/kriger"},"elements":[{"from":[6.125,5.625,2.875],"to":[11.625,6.625,4.375],"faces":{"east":{"uv":[4.3625,11.5125,4.0125,11.7375],"tintindex":0,"rotation":0,"texture":"#0"},"south":{"uv":[13.7375,9.6375,12.3875,9.8625],"tintindex":0,"rotation":0,"texture":"#0"},"north":{"uv":[13.7375,9.3875,12.3875,9.6125],"tintindex":0,"rotation":0,"texture":"#0"},"west":{"uv":[6.3625,9.3875,6.0125,9.6125],"tintindex":0,"rotation":0,"texture":"#0"},"up":{"uv":[11.2625,7.8625,12.6125,7.5125],"tintindex":0,"rotation":0,"texture":"#0"},"down":{"uv":[11.5125,2.1375,12.8625,2.4875],"tintindex":0,"rotation":0,"texture":"#0"}},"rotation":{"origin":[9.0,6.5,8.0],"angle":-22.5,"axis":"z"}},{"from":[7.9910088,5.70138,5.375],"to":[9.491009,7.20138,15.875],"faces":{"east":{"uv":[11.8625,4.0125,9.2625,4.3625],"tintindex":0,"rotation":0,"texture":"#0"},"south":{"uv":[12.6125,13.0125,12.2625,13.3625],"tintindex":0,"rotation":0,"texture":"#0"},"north":{"uv":[12.2375,13.0125,11.8875,13.3625],"tintindex":0,"rotation":0,"texture":"#0"},"west":{"uv":[11.8625,3.6375,9.2625,3.9875],"tintindex":0,"rotation":0,"texture":"#0"},"up":{"uv":[4.3875,11.7375,4.7375,9.1375],"tintindex":0,"rotation":0,"texture":"#0"},"down":{"uv":[1.8875,9.2625,2.2375,11.8625],"tintindex":0,"rotation":0,"texture":"#0"}},"rotation":{"origin":[8.741009,6.20138,10.625],"angle":-45.0,"axis":"z"}},{"from":[7.5,5.25,6.375],"to":[10.5,7.75,9.375],"faces":{"east":{"uv":[9.7375,12.1375,9.0125,12.7375],"tintindex":0,"rotation":0,"texture":"#0"},"south":{"uv":[6.1125,12.1375,5.3875,12.7375],"tintindex":0,"rotation":0,"texture":"#0"},"north":{"uv":[12.7375,8.7625,12.0125,9.3625],"tintindex":0,"rotation":0,"texture":"#0"},"west":{"uv":[12.6125,12.0125,11.8875,12.6125],"tintindex":0,"rotation":0,"texture":"#0"},"up":{"uv":[11.5125,2.1125,12.2375,1.3875],"tintindex":0,"rotation":0,"texture":"#0"},"down":{"uv":[11.5125,4.3875,12.2375,5.1125],"tintindex":0,"rotation":0,"texture":"#0"}},"rotation":{"origin":[9.0,6.5,8.0],"angle":-22.5,"axis":"z"}},{"from":[7.625,5.875,-15.125],"to":[10.125,6.375,1.875],"faces":{"east":{"uv":[14.9875,8.6375,10.7625,8.7375],"tintindex":0,"rotation":0,"texture":"#0"},"south":{"uv":[13.7375,3.0125,13.1375,3.1125],"tintindex":0,"rotation":0,"texture":"#0"},"north":{"uv":[13.7375,2.8875,13.1375,2.9875],"tintindex":0,"rotation":0,"texture":"#0"},"west":{"uv":[13.7375,3.5125,9.5125,3.6125],"tintindex":0,"rotation":0,"texture":"#0"},"up":{"uv":[0.0125,6.1125,0.6125,1.8875],"tintindex":0,"rotation":0,"texture":"#0"},"down":{"uv":[0.6375,1.8875,1.2375,6.1125],"tintindex":0,"rotation":0,"texture":"#0"}},"rotation":{"origin":[9.0,6.5,8.0],"angle":-22.5,"axis":"z"}}]}