{"textures":{"0":"modelengine:entity/lich_king"},"elements":[{"from":[-1.0,-8.323511,11.298595],"to":[17.0,8.676487,11.298595],"faces":{"south":{"uv":[1.1875,2.375,2.3125,3.4375],"tintindex":0,"rotation":0,"texture":"#0"},"north":{"uv":[2.3125,2.375,1.1875,3.4375],"tintindex":0,"rotation":0,"texture":"#0"}},"rotation":{"origin":[8.0,0.17648888,11.298595],"angle":-22.5,"axis":"x"}}]}