{"textures":{"0":"modelengine:entity/lich_king"},"elements":[{"from":[4.776404,-8.323513,0.0],"to":[4.776404,8.676487,16.0],"faces":{"east":{"uv":[3.375,3.375,2.375,4.4375],"tintindex":0,"rotation":0,"texture":"#0"},"west":{"uv":[2.375,3.375,3.375,4.4375],"tintindex":0,"rotation":0,"texture":"#0"}},"rotation":{"origin":[4.776404,0.17648697,8.0],"angle":-22.5,"axis":"z"}}]}