{"textures":{"0":"modelengine:entity/lich_king"},"elements":[{"from":[1.6416798,8.682911,3.2633934],"to":[4.6416807,13.682911,6.263393],"faces":{"east":{"uv":[4.125,10.0625,3.9375,10.375],"tintindex":0,"rotation":0,"texture":"#0"},"south":{"uv":[1.75,10.0625,1.9375,10.375],"tintindex":0,"rotation":0,"texture":"#0"},"north":{"uv":[1.9375,10.0625,1.75,10.375],"tintindex":0,"rotation":0,"texture":"#0"},"west":{"uv":[10.25,1.8125,10.0625,2.125],"tintindex":0,"rotation":0,"texture":"#0"},"up":{"uv":[0.875,10.4375,1.0625,10.25],"tintindex":0,"rotation":0,"texture":"#0"},"down":{"uv":[1.125,10.25,1.3125,10.4375],"tintindex":0,"rotation":0,"texture":"#0"}},"rotation":{"origin":[3.1416798,11.182911,4.7633934],"angle":45.0,"axis":"z"}},{"from":[8.229411,8.44746,2.288393],"to":[12.229411,14.44746,13.063393],"faces":{"east":{"uv":[2.0625,8.4375,2.4375,7.75],"tintindex":0,"rotation":90,"texture":"#0"},"south":{"uv":[3.9375,10.0,4.3125,9.75],"tintindex":0,"rotation":90,"texture":"#0"},"north":{"uv":[4.3125,10.0,3.9375,9.75],"tintindex":0,"rotation":270,"texture":"#0"},"west":{"uv":[7.6875,0.9375,8.0625,1.625],"tintindex":0,"rotation":90,"texture":"#0"},"up":{"uv":[9.125,0.6875,8.4375,0.4375],"tintindex":0,"rotation":90,"texture":"#0"},"down":{"uv":[9.125,4.1875,8.4375,3.9375],"tintindex":0,"rotation":90,"texture":"#0"}},"rotation":{"origin":[10.229411,11.44746,7.675893],"angle":-22.5,"axis":"z"}},{"from":[-2.700285,12.067196,9.763393],"to":[2.299715,14.067196,11.763393],"faces":{"east":{"uv":[10.375,9.25,10.25,9.375],"tintindex":0,"rotation":0,"texture":"#0"},"south":{"uv":[10.125,0.0,10.4375,0.125],"tintindex":0,"rotation":0,"texture":"#0"},"north":{"uv":[10.4375,0.0,10.125,0.125],"tintindex":0,"rotation":0,"texture":"#0"},"west":{"uv":[9.25,10.25,9.125,10.375],"tintindex":0,"rotation":0,"texture":"#0"},"up":{"uv":[0.5,10.3125,0.8125,10.1875],"tintindex":0,"rotation":0,"texture":"#0"},"down":{"uv":[3.5,10.1875,3.8125,10.3125],"tintindex":0,"rotation":0,"texture":"#0"}},"rotation":{"origin":[-0.20028496,13.067196,10.763393],"angle":-22.5,"axis":"z"}},{"from":[0.863451,-5.4153633,5.7633934],"to":[5.863451,8.584637,10.763393],"faces":{"east":{"uv":[7.4375,7.4375,7.125,8.3125],"tintindex":0,"rotation":0,"texture":"#0"},"south":{"uv":[7.0625,7.4375,6.75,8.3125],"tintindex":0,"rotation":0,"texture":"#0"},"north":{"uv":[5.875,7.4375,5.5625,8.3125],"tintindex":0,"rotation":0,"texture":"#0"},"west":{"uv":[6.25,7.4375,5.9375,8.3125],"tintindex":0,"rotation":0,"texture":"#0"},"up":{"uv":[7.875,9.75,8.1875,9.4375],"tintindex":0,"rotation":0,"texture":"#0"},"down":{"uv":[0.625,9.5,0.9375,9.8125],"tintindex":0,"rotation":0,"texture":"#0"}},"rotation":{"origin":[3.363451,1.5846367,8.263393],"angle":-22.5,"axis":"z"}},{"from":[-2.700285,12.067196,3.7633934],"to":[2.299715,14.067196,5.7633934],"faces":{"east":{"uv":[10.375,9.25,10.25,9.375],"tintindex":0,"rotation":0,"texture":"#0"},"south":{"uv":[10.125,0.0,10.4375,0.125],"tintindex":0,"rotation":0,"texture":"#0"},"north":{"uv":[10.4375,0.0,10.125,0.125],"tintindex":0,"rotation":0,"texture":"#0"},"west":{"uv":[9.25,10.25,9.125,10.375],"tintindex":0,"rotation":0,"texture":"#0"},"up":{"uv":[0.5,10.3125,0.8125,10.1875],"tintindex":0,"rotation":0,"texture":"#0"},"down":{"uv":[3.5,10.1875,3.8125,10.3125],"tintindex":0,"rotation":0,"texture":"#0"}},"rotation":{"origin":[-0.20028496,13.067196,4.7633934],"angle":-22.5,"axis":"z"}},{"from":[-1.2086658,3.907402,2.2633934],"to":[10.791335,10.907398,13.263393],"faces":{"east":{"uv":[7.9375,0.0,7.25,0.4375],"tintindex":0,"rotation":0,"texture":"#0"},"south":{"uv":[6.25,3.0625,7.0,3.5],"tintindex":0,"rotation":0,"texture":"#0"},"north":{"uv":[7.0,3.0625,6.25,3.5],"tintindex":0,"rotation":0,"texture":"#0"},"west":{"uv":[7.8125,5.375,7.125,5.8125],"tintindex":0,"rotation":0,"texture":"#0"},"up":{"uv":[0.5,6.125,1.25,5.4375],"tintindex":0,"rotation":0,"texture":"#0"},"down":{"uv":[5.4375,0.75,6.1875,1.4375],"tintindex":0,"rotation":0,"texture":"#0"}},"rotation":{"origin":[4.791335,7.407402,7.763393],"angle":22.5,"axis":"z"}},{"from":[1.6416798,8.682911,9.263393],"to":[4.6416807,13.682911,12.263393],"faces":{"east":{"uv":[4.125,10.0625,3.9375,10.375],"tintindex":0,"rotation":0,"texture":"#0"},"south":{"uv":[1.75,10.0625,1.9375,10.375],"tintindex":0,"rotation":0,"texture":"#0"},"north":{"uv":[1.9375,10.0625,1.75,10.375],"tintindex":0,"rotation":0,"texture":"#0"},"west":{"uv":[10.25,1.8125,10.0625,2.125],"tintindex":0,"rotation":0,"texture":"#0"},"up":{"uv":[0.875,10.4375,1.0625,10.25],"tintindex":0,"rotation":0,"texture":"#0"},"down":{"uv":[1.125,10.25,1.3125,10.4375],"tintindex":0,"rotation":0,"texture":"#0"}},"rotation":{"origin":[3.1416798,11.182911,10.763393],"angle":45.0,"axis":"z"}},{"from":[-5.016796,4.615158,2.288393],"to":[0.9832039,8.615158,13.063393],"faces":{"east":{"uv":[9.125,3.9375,8.4375,4.1875],"tintindex":0,"rotation":0,"texture":"#0"},"south":{"uv":[3.9375,9.75,4.3125,10.0],"tintindex":0,"rotation":0,"texture":"#0"},"north":{"uv":[4.3125,9.75,3.9375,10.0],"tintindex":0,"rotation":0,"texture":"#0"},"west":{"uv":[9.125,0.4375,8.4375,0.6875],"tintindex":0,"rotation":0,"texture":"#0"},"up":{"uv":[7.6875,1.625,8.0625,0.9375],"tintindex":0,"rotation":0,"texture":"#0"},"down":{"uv":[2.0625,7.75,2.4375,8.4375],"tintindex":0,"rotation":0,"texture":"#0"}},"rotation":{"origin":[-2.016796,6.615158,7.675893],"angle":-22.5,"axis":"z"}}]}