{"textures":{"0":"modelengine:entity/lich_king"},"elements":[{"from":[10.136549,-5.4153633,5.7633934],"to":[15.136549,8.584637,10.763393],"faces":{"east":{"uv":[5.9375,7.4375,6.25,8.3125],"tintindex":0,"rotation":0,"texture":"#0"},"south":{"uv":[6.75,7.4375,7.0625,8.3125],"tintindex":0,"rotation":0,"texture":"#0"},"north":{"uv":[5.5625,7.4375,5.875,8.3125],"tintindex":0,"rotation":0,"texture":"#0"},"west":{"uv":[7.125,7.4375,7.4375,8.3125],"tintindex":0,"rotation":0,"texture":"#0"},"up":{"uv":[8.1875,9.75,7.875,9.4375],"tintindex":0,"rotation":0,"texture":"#0"},"down":{"uv":[0.9375,9.5,0.625,9.8125],"tintindex":0,"rotation":0,"texture":"#0"}},"rotation":{"origin":[12.636549,1.5846367,8.263393],"angle":22.5,"axis":"z"}},{"from":[5.208665,3.907402,2.2633934],"to":[17.208666,10.907398,13.263393],"faces":{"east":{"uv":[7.125,5.375,7.8125,5.8125],"tintindex":0,"rotation":0,"texture":"#0"},"south":{"uv":[7.0,3.0625,6.25,3.5],"tintindex":0,"rotation":0,"texture":"#0"},"north":{"uv":[6.25,3.0625,7.0,3.5],"tintindex":0,"rotation":0,"texture":"#0"},"west":{"uv":[7.25,0.0,7.9375,0.4375],"tintindex":0,"rotation":0,"texture":"#0"},"up":{"uv":[1.25,6.125,0.5,5.4375],"tintindex":0,"rotation":0,"texture":"#0"},"down":{"uv":[6.1875,0.75,5.4375,1.4375],"tintindex":0,"rotation":0,"texture":"#0"}},"rotation":{"origin":[11.208665,7.407402,7.763393],"angle":-22.5,"axis":"z"}},{"from":[13.700285,12.067196,9.763393],"to":[18.700285,14.067196,11.763393],"faces":{"east":{"uv":[9.125,10.25,9.25,10.375],"tintindex":0,"rotation":0,"texture":"#0"},"south":{"uv":[10.4375,0.0,10.125,0.125],"tintindex":0,"rotation":0,"texture":"#0"},"north":{"uv":[10.125,0.0,10.4375,0.125],"tintindex":0,"rotation":0,"texture":"#0"},"west":{"uv":[10.25,9.25,10.375,9.375],"tintindex":0,"rotation":0,"texture":"#0"},"up":{"uv":[0.8125,10.3125,0.5,10.1875],"tintindex":0,"rotation":0,"texture":"#0"},"down":{"uv":[3.8125,10.1875,3.5,10.3125],"tintindex":0,"rotation":0,"texture":"#0"}},"rotation":{"origin":[16.200285,13.067196,10.763393],"angle":22.5,"axis":"z"}},{"from":[13.700285,12.067196,3.7633934],"to":[18.700285,14.067196,5.7633934],"faces":{"east":{"uv":[9.125,10.25,9.25,10.375],"tintindex":0,"rotation":0,"texture":"#0"},"south":{"uv":[10.4375,0.0,10.125,0.125],"tintindex":0,"rotation":0,"texture":"#0"},"north":{"uv":[10.125,0.0,10.4375,0.125],"tintindex":0,"rotation":0,"texture":"#0"},"west":{"uv":[10.25,9.25,10.375,9.375],"tintindex":0,"rotation":0,"texture":"#0"},"up":{"uv":[0.8125,10.3125,0.5,10.1875],"tintindex":0,"rotation":0,"texture":"#0"},"down":{"uv":[3.8125,10.1875,3.5,10.3125],"tintindex":0,"rotation":0,"texture":"#0"}},"rotation":{"origin":[16.200285,13.067196,4.7633934],"angle":22.5,"axis":"z"}},{"from":[11.358319,8.682911,3.2633934],"to":[14.35832,13.682911,6.263393],"faces":{"east":{"uv":[10.0625,1.8125,10.25,2.125],"tintindex":0,"rotation":0,"texture":"#0"},"south":{"uv":[1.9375,10.0625,1.75,10.375],"tintindex":0,"rotation":0,"texture":"#0"},"north":{"uv":[1.75,10.0625,1.9375,10.375],"tintindex":0,"rotation":0,"texture":"#0"},"west":{"uv":[3.9375,10.0625,4.125,10.375],"tintindex":0,"rotation":0,"texture":"#0"},"up":{"uv":[1.0625,10.4375,0.875,10.25],"tintindex":0,"rotation":0,"texture":"#0"},"down":{"uv":[1.3125,10.25,1.125,10.4375],"tintindex":0,"rotation":0,"texture":"#0"}},"rotation":{"origin":[12.85832,11.182911,4.7633934],"angle":-45.0,"axis":"z"}},{"from":[3.7705889,8.44746,2.288393],"to":[7.770589,14.44746,13.063393],"faces":{"east":{"uv":[7.6875,1.625,8.0625,0.9375],"tintindex":0,"rotation":90,"texture":"#0"},"south":{"uv":[3.9375,9.75,4.3125,10.0],"tintindex":0,"rotation":90,"texture":"#0"},"north":{"uv":[4.3125,9.75,3.9375,10.0],"tintindex":0,"rotation":270,"texture":"#0"},"west":{"uv":[2.0625,7.75,2.4375,8.4375],"tintindex":0,"rotation":90,"texture":"#0"},"up":{"uv":[9.125,0.4375,8.4375,0.6875],"tintindex":0,"rotation":90,"texture":"#0"},"down":{"uv":[9.125,3.9375,8.4375,4.1875],"tintindex":0,"rotation":90,"texture":"#0"}},"rotation":{"origin":[5.770589,11.44746,7.675893],"angle":22.5,"axis":"z"}},{"from":[11.358319,8.682911,9.263393],"to":[14.35832,13.682911,12.263393],"faces":{"east":{"uv":[10.0625,1.8125,10.25,2.125],"tintindex":0,"rotation":0,"texture":"#0"},"south":{"uv":[1.9375,10.0625,1.75,10.375],"tintindex":0,"rotation":0,"texture":"#0"},"north":{"uv":[1.75,10.0625,1.9375,10.375],"tintindex":0,"rotation":0,"texture":"#0"},"west":{"uv":[3.9375,10.0625,4.125,10.375],"tintindex":0,"rotation":0,"texture":"#0"},"up":{"uv":[1.0625,10.4375,0.875,10.25],"tintindex":0,"rotation":0,"texture":"#0"},"down":{"uv":[1.3125,10.25,1.125,10.4375],"tintindex":0,"rotation":0,"texture":"#0"}},"rotation":{"origin":[12.85832,11.182911,10.763393],"angle":-45.0,"axis":"z"}},{"from":[15.016796,4.615158,2.288393],"to":[21.016796,8.615158,13.063393],"faces":{"east":{"uv":[8.4375,0.4375,9.125,0.6875],"tintindex":0,"rotation":0,"texture":"#0"},"south":{"uv":[4.3125,9.75,3.9375,10.0],"tintindex":0,"rotation":0,"texture":"#0"},"north":{"uv":[3.9375,9.75,4.3125,10.0],"tintindex":0,"rotation":0,"texture":"#0"},"west":{"uv":[8.4375,3.9375,9.125,4.1875],"tintindex":0,"rotation":0,"texture":"#0"},"up":{"uv":[8.0625,1.625,7.6875,0.9375],"tintindex":0,"rotation":0,"texture":"#0"},"down":{"uv":[2.4375,7.75,2.0625,8.4375],"tintindex":0,"rotation":0,"texture":"#0"}},"rotation":{"origin":[18.016796,6.615158,7.675893],"angle":22.5,"axis":"z"}}]}