{"textures":{"0":"modelengine:entity/skeleton_archer"},"elements":[{"from":[2.8029351,6.930811,6.3845305],"to":[6.802935,9.930811,9.384531],"faces":{"east":{"uv":[2.75,10.75,3.125,11.125],"tintindex":0,"rotation":0,"texture":"#0"},"south":{"uv":[10.125,4.125,10.625,4.5],"tintindex":0,"rotation":0,"texture":"#0"},"north":{"uv":[10.125,0.5,10.625,0.875],"tintindex":0,"rotation":0,"texture":"#0"},"west":{"uv":[3.25,10.75,3.625,11.125],"tintindex":0,"rotation":0,"texture":"#0"},"up":{"uv":[10.625,6.875,10.125,6.5],"tintindex":0,"rotation":0,"texture":"#0"},"down":{"uv":[7.375,10.125,6.875,10.5],"tintindex":0,"rotation":0,"texture":"#0"}},"rotation":{"origin":[4.884872,8.3208065,9.378246],"angle":-22.5,"axis":"z"}},{"from":[3.9565434,0.02440834,6.3845305],"to":[6.9565434,8.024408,9.384531],"faces":{"east":{"uv":[7.375,1.375,7.75,2.375],"tintindex":0,"rotation":0,"texture":"#0"},"south":{"uv":[7.375,2.5,7.75,3.5],"tintindex":0,"rotation":0,"texture":"#0"},"north":{"uv":[1.25,7.375,1.625,8.375],"tintindex":0,"rotation":0,"texture":"#0"},"west":{"uv":[7.375,5.375,7.75,6.375],"tintindex":0,"rotation":0,"texture":"#0"},"up":{"uv":[9.375,11.0,9.0,10.625],"tintindex":0,"rotation":0,"texture":"#0"},"down":{"uv":[9.875,10.625,9.5,11.0],"tintindex":0,"rotation":0,"texture":"#0"}},"rotation":{"origin":[5.5384803,3.914404,9.378246],"angle":-22.5,"axis":"z"}},{"from":[1.0344052,8.638649,6.8845305],"to":[4.034405,10.638649,8.88453],"faces":{"east":{"uv":[11.5,8.75,11.75,9.0],"tintindex":0,"rotation":0,"texture":"#0"},"south":{"uv":[11.5,0.75,11.875,1.0],"tintindex":0,"rotation":0,"texture":"#0"},"north":{"uv":[11.0,11.375,11.375,11.625],"tintindex":0,"rotation":0,"texture":"#0"},"west":{"uv":[9.125,11.5,9.375,11.75],"tintindex":0,"rotation":0,"texture":"#0"},"up":{"uv":[4.375,11.75,4.0,11.5],"tintindex":0,"rotation":0,"texture":"#0"},"down":{"uv":[11.875,4.375,11.5,4.625],"tintindex":0,"rotation":0,"texture":"#0"}},"rotation":{"origin":[2.6522021,9.568373,9.378246],"angle":-45.0,"axis":"z"}},{"from":[4.311136,6.4792233,5.3845305],"to":[10.311136,9.479223,10.384531],"faces":{"east":{"uv":[9.625,4.875,10.25,5.25],"tintindex":0,"rotation":0,"texture":"#0"},"south":{"uv":[5.375,9.125,6.125,9.5],"tintindex":0,"rotation":0,"texture":"#0"},"north":{"uv":[4.5,9.125,5.25,9.5],"tintindex":0,"rotation":0,"texture":"#0"},"west":{"uv":[9.75,2.0,10.375,2.375],"tintindex":0,"rotation":0,"texture":"#0"},"up":{"uv":[3.875,6.5,3.125,5.875],"tintindex":0,"rotation":0,"texture":"#0"},"down":{"uv":[4.75,6.25,4.0,6.875],"tintindex":0,"rotation":0,"texture":"#0"}},"rotation":{"origin":[7.2912893,7.8435,9.378246],"angle":22.5,"axis":"z"}},{"from":[1.5076861,10.226486,7.3845305],"to":[2.5076861,14.226488,8.38453],"faces":{"east":{"uv":[7.25,11.5,7.375,12.0],"tintindex":0,"rotation":0,"texture":"#0"},"south":{"uv":[11.5,11.375,11.625,11.875],"tintindex":0,"rotation":0,"texture":"#0"},"north":{"uv":[5.625,11.5,5.75,12.0],"tintindex":0,"rotation":0,"texture":"#0"},"west":{"uv":[11.625,1.625,11.75,2.125],"tintindex":0,"rotation":0,"texture":"#0"},"up":{"uv":[11.875,2.375,11.75,2.25],"tintindex":0,"rotation":0,"texture":"#0"},"down":{"uv":[11.875,2.5,11.75,2.625],"tintindex":0,"rotation":0,"texture":"#0"}}}]}