{"textures":{"0":"modelengine:entity/skeleton_archer"},"elements":[{"from":[6.7566605,0.34313488,7.7956805],"to":[9.706661,8.343135,10.795681],"faces":{"east":{"uv":[5.0,7.0,5.375,8.0],"tintindex":0,"rotation":0,"texture":"#0"},"south":{"uv":[5.5,7.0,5.875,8.0],"tintindex":0,"rotation":0,"texture":"#0"},"north":{"uv":[4.5,7.0,4.875,8.0],"tintindex":0,"rotation":0,"texture":"#0"},"west":{"uv":[6.0,7.0,6.375,8.0],"tintindex":0,"rotation":0,"texture":"#0"},"up":{"uv":[1.625,10.875,1.25,10.5],"tintindex":0,"rotation":0,"texture":"#0"},"down":{"uv":[2.125,10.5,1.75,10.875],"tintindex":0,"rotation":0,"texture":"#0"}},"rotation":{"origin":[8.231661,4.343135,9.295681],"angle":-22.5,"axis":"x"}},{"from":[6.231661,2.3050747,7.104339],"to":[10.231661,7.3050747,11.104339],"faces":{"east":{"uv":[6.375,8.875,6.875,9.5],"tintindex":0,"rotation":0,"texture":"#0"},"south":{"uv":[8.875,7.875,9.375,8.5],"tintindex":0,"rotation":0,"texture":"#0"},"north":{"uv":[8.875,4.25,9.375,4.875],"tintindex":0,"rotation":0,"texture":"#0"},"west":{"uv":[8.875,8.625,9.375,9.25],"tintindex":0,"rotation":0,"texture":"#0"},"up":{"uv":[5.625,10.125,5.125,9.625],"tintindex":0,"rotation":0,"texture":"#0"},"down":{"uv":[6.25,9.625,5.75,10.125],"tintindex":0,"rotation":0,"texture":"#0"}},"rotation":{"origin":[8.231661,4.8050747,9.104339],"angle":-22.5,"axis":"x"}}]}