{"textures":{"0":"modelengine:entity/skeleton_archer"},"elements":[{"from":[6.501047,1.0361452,5.1949854],"to":[9.501047,8.036144,8.194985],"faces":{"east":{"uv":[8.0,6.75,8.375,7.625],"tintindex":0,"rotation":0,"texture":"#0"},"south":{"uv":[8.0,7.75,8.375,8.625],"tintindex":0,"rotation":0,"texture":"#0"},"north":{"uv":[1.75,8.0,2.125,8.875],"tintindex":0,"rotation":0,"texture":"#0"},"west":{"uv":[3.875,8.125,4.25,9.0],"tintindex":0,"rotation":0,"texture":"#0"},"up":{"uv":[6.75,10.75,6.375,10.375],"tintindex":0,"rotation":0,"texture":"#0"},"down":{"uv":[10.75,7.75,10.375,8.125],"tintindex":0,"rotation":0,"texture":"#0"}},"rotation":{"origin":[7.825613,4.617508,8.182467],"angle":22.5,"axis":"x"}},{"from":[6.001047,2.0361452,4.6949854],"to":[10.001047,7.0361443,8.694985],"faces":{"east":{"uv":[2.25,8.625,2.75,9.25],"tintindex":0,"rotation":0,"texture":"#0"},"south":{"uv":[7.375,8.75,7.875,9.375],"tintindex":0,"rotation":0,"texture":"#0"},"north":{"uv":[8.625,0.0,9.125,0.625],"tintindex":0,"rotation":0,"texture":"#0"},"west":{"uv":[2.875,8.875,3.375,9.5],"tintindex":0,"rotation":0,"texture":"#0"},"up":{"uv":[3.125,10.125,2.625,9.625],"tintindex":0,"rotation":0,"texture":"#0"},"down":{"uv":[5.0,9.625,4.5,10.125],"tintindex":0,"rotation":0,"texture":"#0"}},"rotation":{"origin":[7.825613,4.617508,8.182467],"angle":22.5,"axis":"x"}}]}