{"textures":{"0":"modelengine:entity/nocsy_sewer_rat"},"elements":[{"from":[6.649478,6.0824094,5.4642196],"to":[7.649478,7.0824094,7.9642196],"faces":{"east":{"uv":[2.8125,5.1875,3.125,5.3125],"tintindex":0,"rotation":0,"texture":"#0"},"south":{"uv":[5.625,2.8125,5.75,2.9375],"tintindex":0,"rotation":0,"texture":"#0"},"north":{"uv":[5.625,2.625,5.75,2.75],"tintindex":0,"rotation":0,"texture":"#0"},"west":{"uv":[5.1875,3.9375,5.5,4.0625],"tintindex":0,"rotation":0,"texture":"#0"},"up":{"uv":[1.375,3.0,1.25,2.6875],"tintindex":0,"rotation":0,"texture":"#0"},"down":{"uv":[1.125,3.1875,1.0,3.5],"tintindex":0,"rotation":0,"texture":"#0"}},"rotation":{"origin":[8.0,6.5824094,6.7129636],"angle":22.5,"axis":"y"}},{"from":[7.442542,6.067562,5.4825335],"to":[8.442542,7.067562,7.9825335],"faces":{"east":{"uv":[5.1875,4.5,5.5,4.625],"tintindex":0,"rotation":0,"texture":"#0"},"south":{"uv":[5.0625,5.625,5.1875,5.75],"tintindex":0,"rotation":0,"texture":"#0"},"north":{"uv":[4.125,5.625,4.25,5.75],"tintindex":0,"rotation":0,"texture":"#0"},"west":{"uv":[5.1875,4.6875,5.5,4.8125],"tintindex":0,"rotation":0,"texture":"#0"},"up":{"uv":[1.75,5.5,1.625,5.1875],"tintindex":0,"rotation":0,"texture":"#0"},"down":{"uv":[3.3125,5.1875,3.1875,5.5],"tintindex":0,"rotation":0,"texture":"#0"}}},{"from":[8.583868,6.08459,7.3858457],"to":[9.583868,7.0845904,9.885845],"faces":{"east":{"uv":[5.1875,4.125,5.5,4.25],"tintindex":0,"rotation":0,"texture":"#0"},"south":{"uv":[3.9375,5.625,4.0625,5.75],"tintindex":0,"rotation":0,"texture":"#0"},"north":{"uv":[3.75,5.625,3.875,5.75],"tintindex":0,"rotation":0,"texture":"#0"},"west":{"uv":[5.1875,4.3125,5.5,4.4375],"tintindex":0,"rotation":0,"texture":"#0"},"up":{"uv":[4.0,3.6875,3.875,3.375],"tintindex":0,"rotation":0,"texture":"#0"},"down":{"uv":[0.3125,5.125,0.1875,5.4375],"tintindex":0,"rotation":0,"texture":"#0"}},"rotation":{"origin":[13.0,6.5824094,6.7129636],"angle":-22.5,"axis":"y"}},{"from":[7.2522182,6.0767326,6.8379064],"to":[8.752218,9.076733,8.337906],"faces":{"east":{"uv":[4.375,4.75,4.5625,5.125],"tintindex":0,"rotation":0,"texture":"#0"},"south":{"uv":[4.9375,4.0,5.125,4.375],"tintindex":0,"rotation":0,"texture":"#0"},"north":{"uv":[0.75,3.6875,0.9375,4.0625],"tintindex":0,"rotation":0,"texture":"#0"},"west":{"uv":[4.9375,4.4375,5.125,4.8125],"tintindex":0,"rotation":0,"texture":"#0"},"up":{"uv":[5.6875,1.25,5.5,1.0625],"tintindex":0,"rotation":0,"texture":"#0"},"down":{"uv":[5.75,0.25,5.5625,0.4375],"tintindex":0,"rotation":0,"texture":"#0"}}}]}