{"textures":{"0":"modelengine:entity/nocsy_sewer_rat"},"elements":[{"from":[7.817155,4.753555,5.7492094],"to":[8.827155,5.7635555,8.25921],"faces":{"east":{"uv":[2.8125,5.375,3.125,5.5],"tintindex":0,"rotation":0,"texture":"#0"},"south":{"uv":[5.75,1.125,5.875,1.25],"tintindex":0,"rotation":0,"texture":"#0"},"north":{"uv":[5.75,0.9375,5.875,1.0625],"tintindex":0,"rotation":0,"texture":"#0"},"west":{"uv":[0.9375,5.4375,1.25,5.5625],"tintindex":0,"rotation":0,"texture":"#0"},"up":{"uv":[1.9375,5.6875,1.8125,5.375],"tintindex":0,"rotation":0,"texture":"#0"},"down":{"uv":[1.4375,5.4375,1.3125,5.75],"tintindex":0,"rotation":0,"texture":"#0"}}},{"from":[7.227479,4.7585554,5.8964815],"to":[8.227479,5.7585554,8.3964815],"faces":{"east":{"uv":[5.25,2.8125,5.5625,2.9375],"tintindex":0,"rotation":0,"texture":"#0"},"south":{"uv":[4.75,5.6875,4.875,5.8125],"tintindex":0,"rotation":0,"texture":"#0"},"north":{"uv":[3.5625,5.6875,3.6875,5.8125],"tintindex":0,"rotation":0,"texture":"#0"},"west":{"uv":[5.1875,5.25,5.5,5.375],"tintindex":0,"rotation":0,"texture":"#0"},"up":{"uv":[4.25,5.5625,4.125,5.25],"tintindex":0,"rotation":0,"texture":"#0"},"down":{"uv":[3.5,5.3125,3.375,5.625],"tintindex":0,"rotation":0,"texture":"#0"}},"rotation":{"origin":[8.0,5.2585554,7.880526],"angle":22.5,"axis":"y"}},{"from":[8.698795,4.7585554,8.039509],"to":[9.698795,5.7585554,10.539509],"faces":{"east":{"uv":[0.5625,5.375,0.875,5.5],"tintindex":0,"rotation":0,"texture":"#0"},"south":{"uv":[5.75,0.75,5.875,0.875],"tintindex":0,"rotation":0,"texture":"#0"},"north":{"uv":[5.75,0.0,5.875,0.125],"tintindex":0,"rotation":0,"texture":"#0"},"west":{"uv":[2.4375,5.375,2.75,5.5],"tintindex":0,"rotation":0,"texture":"#0"},"up":{"uv":[3.6875,5.625,3.5625,5.3125],"tintindex":0,"rotation":0,"texture":"#0"},"down":{"uv":[5.0,5.3125,4.875,5.625],"tintindex":0,"rotation":0,"texture":"#0"}},"rotation":{"origin":[14.1,5.2585554,7.880526],"angle":-22.5,"axis":"y"}},{"from":[7.505,4.7635555,7.1355267],"to":[8.995,8.253555,8.625526],"faces":{"east":{"uv":[2.6875,4.6875,2.875,5.125],"tintindex":0,"rotation":0,"texture":"#0"},"south":{"uv":[2.9375,4.6875,3.125,5.125],"tintindex":0,"rotation":0,"texture":"#0"},"north":{"uv":[2.4375,4.6875,2.625,5.125],"tintindex":0,"rotation":0,"texture":"#0"},"west":{"uv":[3.1875,4.6875,3.375,5.125],"tintindex":0,"rotation":0,"texture":"#0"},"up":{"uv":[1.6875,5.75,1.5,5.5625],"tintindex":0,"rotation":0,"texture":"#0"},"down":{"uv":[2.5625,5.5625,2.375,5.75],"tintindex":0,"rotation":0,"texture":"#0"}}}]}