{"textures":{"0":"modelengine:entity/nocsy_sewer_rat"},"elements":[{"from":[7.5,5.751568,6.4989524],"to":[10.0,9.251568,9.998952],"faces":{"east":{"uv":[3.3125,0.5,3.75,0.9375],"tintindex":0,"rotation":0,"texture":"#0"},"south":{"uv":[2.125,4.1875,2.4375,4.625],"tintindex":0,"rotation":0,"texture":"#0"},"north":{"uv":[1.125,4.125,1.4375,4.5625],"tintindex":0,"rotation":0,"texture":"#0"},"west":{"uv":[3.3125,1.0,3.75,1.4375],"tintindex":0,"rotation":0,"texture":"#0"},"up":{"uv":[2.8125,4.625,2.5,4.1875],"tintindex":0,"rotation":0,"texture":"#0"},"down":{"uv":[3.1875,4.1875,2.875,4.625],"tintindex":0,"rotation":0,"texture":"#0"}},"rotation":{"origin":[11.25,8.501568,8.748953],"angle":22.5,"axis":"x"}},{"from":[7.75,4.6933656,6.7271442],"to":[9.75,7.6933656,8.727144],"faces":{"east":{"uv":[1.0625,4.625,1.3125,5.0],"tintindex":0,"rotation":0,"texture":"#0"},"south":{"uv":[4.625,2.8125,4.875,3.1875],"tintindex":0,"rotation":0,"texture":"#0"},"north":{"uv":[0.75,4.625,1.0,5.0],"tintindex":0,"rotation":0,"texture":"#0"},"west":{"uv":[4.625,4.125,4.875,4.5],"tintindex":0,"rotation":0,"texture":"#0"},"up":{"uv":[2.375,5.375,2.125,5.125],"tintindex":0,"rotation":0,"texture":"#0"},"down":{"uv":[5.375,3.3125,5.125,3.5625],"tintindex":0,"rotation":0,"texture":"#0"}}}]}