{"textures":{"0":"modelengine:entity/nocsy_sewer_rat"},"elements":[{"from":[6.25,4.6933656,6.7271442],"to":[8.25,7.6933656,8.727144],"faces":{"east":{"uv":[4.6875,1.5,4.9375,1.875],"tintindex":0,"rotation":0,"texture":"#0"},"south":{"uv":[4.6875,1.9375,4.9375,2.3125],"tintindex":0,"rotation":0,"texture":"#0"},"north":{"uv":[4.625,4.5625,4.875,4.9375],"tintindex":0,"rotation":0,"texture":"#0"},"west":{"uv":[2.125,4.6875,2.375,5.0625],"tintindex":0,"rotation":0,"texture":"#0"},"up":{"uv":[5.375,3.875,5.125,3.625],"tintindex":0,"rotation":0,"texture":"#0"},"down":{"uv":[5.4375,0.0,5.1875,0.25],"tintindex":0,"rotation":0,"texture":"#0"}}},{"from":[6.0,5.751568,6.4989524],"to":[8.5,9.251568,9.998952],"faces":{"east":{"uv":[3.3125,1.5,3.75,1.9375],"tintindex":0,"rotation":0,"texture":"#0"},"south":{"uv":[4.25,2.875,4.5625,3.3125],"tintindex":0,"rotation":0,"texture":"#0"},"north":{"uv":[3.25,4.1875,3.5625,4.625],"tintindex":0,"rotation":0,"texture":"#0"},"west":{"uv":[3.3125,2.0,3.75,2.4375],"tintindex":0,"rotation":0,"texture":"#0"},"up":{"uv":[4.625,2.0,4.3125,1.5625],"tintindex":0,"rotation":0,"texture":"#0"},"down":{"uv":[4.625,2.0625,4.3125,2.5],"tintindex":0,"rotation":0,"texture":"#0"}},"rotation":{"origin":[4.75,8.501568,8.748953],"angle":22.5,"axis":"x"}}]}