{"textures":{"0":"modelengine:entity/nocsy_sewer_rat"},"elements":[{"from":[6.301204,4.7585554,8.039509],"to":[7.301204,5.7585554,10.539509],"faces":{"east":{"uv":[5.4375,3.3125,5.75,3.4375],"tintindex":0,"rotation":0,"texture":"#0"},"south":{"uv":[5.75,4.4375,5.875,4.5625],"tintindex":0,"rotation":0,"texture":"#0"},"north":{"uv":[4.3125,5.75,4.4375,5.875],"tintindex":0,"rotation":0,"texture":"#0"},"west":{"uv":[5.4375,3.5,5.75,3.625],"tintindex":0,"rotation":0,"texture":"#0"},"up":{"uv":[2.3125,5.75,2.1875,5.4375],"tintindex":0,"rotation":0,"texture":"#0"},"down":{"uv":[4.6875,5.4375,4.5625,5.75],"tintindex":0,"rotation":0,"texture":"#0"}},"rotation":{"origin":[1.8999996,5.2585554,7.880526],"angle":22.5,"axis":"y"}},{"from":[7.005,4.7635555,7.1355267],"to":[8.495,8.253555,8.625526],"faces":{"east":{"uv":[1.375,4.75,1.5625,5.1875],"tintindex":0,"rotation":0,"texture":"#0"},"south":{"uv":[3.875,4.75,4.0625,5.1875],"tintindex":0,"rotation":0,"texture":"#0"},"north":{"uv":[0.375,4.75,0.5625,5.1875],"tintindex":0,"rotation":0,"texture":"#0"},"west":{"uv":[4.125,4.75,4.3125,5.1875],"tintindex":0,"rotation":0,"texture":"#0"},"up":{"uv":[2.8125,5.75,2.625,5.5625],"tintindex":0,"rotation":0,"texture":"#0"},"down":{"uv":[3.0625,5.5625,2.875,5.75],"tintindex":0,"rotation":0,"texture":"#0"}}},{"from":[7.172845,4.753555,5.7492094],"to":[8.182845,5.7635555,8.25921],"faces":{"east":{"uv":[5.4375,3.6875,5.75,3.8125],"tintindex":0,"rotation":0,"texture":"#0"},"south":{"uv":[5.75,4.8125,5.875,4.9375],"tintindex":0,"rotation":0,"texture":"#0"},"north":{"uv":[5.75,4.625,5.875,4.75],"tintindex":0,"rotation":0,"texture":"#0"},"west":{"uv":[5.0625,5.4375,5.375,5.5625],"tintindex":0,"rotation":0,"texture":"#0"},"up":{"uv":[5.5625,5.75,5.4375,5.4375],"tintindex":0,"rotation":0,"texture":"#0"},"down":{"uv":[0.3125,5.5,0.1875,5.8125],"tintindex":0,"rotation":0,"texture":"#0"}}},{"from":[7.772521,4.7585554,5.8964815],"to":[8.772521,5.7585554,8.3964815],"faces":{"east":{"uv":[5.4375,1.6875,5.75,1.8125],"tintindex":0,"rotation":0,"texture":"#0"},"south":{"uv":[3.125,5.75,3.25,5.875],"tintindex":0,"rotation":0,"texture":"#0"},"north":{"uv":[1.75,5.75,1.875,5.875],"tintindex":0,"rotation":0,"texture":"#0"},"west":{"uv":[5.4375,1.875,5.75,2.0],"tintindex":0,"rotation":0,"texture":"#0"},"up":{"uv":[2.125,5.75,2.0,5.4375],"tintindex":0,"rotation":0,"texture":"#0"},"down":{"uv":[5.5625,2.0625,5.4375,2.375],"tintindex":0,"rotation":0,"texture":"#0"}},"rotation":{"origin":[8.0,5.2585554,7.880526],"angle":-22.5,"axis":"y"}}]}