{"textures":{"0":"modelengine:entity/nocsy_sewer_rat"},"elements":[{"from":[8.350522,6.0824094,5.4642196],"to":[9.350522,7.0824094,7.9642196],"faces":{"east":{"uv":[5.1875,4.875,5.5,5.0],"tintindex":0,"rotation":0,"texture":"#0"},"south":{"uv":[5.625,5.375,5.75,5.5],"tintindex":0,"rotation":0,"texture":"#0"},"north":{"uv":[5.25,5.625,5.375,5.75],"tintindex":0,"rotation":0,"texture":"#0"},"west":{"uv":[5.1875,5.0625,5.5,5.1875],"tintindex":0,"rotation":0,"texture":"#0"},"up":{"uv":[4.5,5.5,4.375,5.1875],"tintindex":0,"rotation":0,"texture":"#0"},"down":{"uv":[0.5,5.25,0.375,5.5625],"tintindex":0,"rotation":0,"texture":"#0"}},"rotation":{"origin":[8.0,6.5824094,6.7129636],"angle":-22.5,"axis":"y"}},{"from":[7.557458,6.067562,5.4825335],"to":[8.557458,7.067562,7.9825335],"faces":{"east":{"uv":[5.25,2.4375,5.5625,2.5625],"tintindex":0,"rotation":0,"texture":"#0"},"south":{"uv":[3.375,5.6875,3.5,5.8125],"tintindex":0,"rotation":0,"texture":"#0"},"north":{"uv":[5.6875,3.0,5.8125,3.125],"tintindex":0,"rotation":0,"texture":"#0"},"west":{"uv":[5.25,2.625,5.5625,2.75],"tintindex":0,"rotation":0,"texture":"#0"},"up":{"uv":[3.875,5.5625,3.75,5.25],"tintindex":0,"rotation":0,"texture":"#0"},"down":{"uv":[4.0625,5.25,3.9375,5.5625],"tintindex":0,"rotation":0,"texture":"#0"}}},{"from":[7.2477818,6.0767326,6.8379064],"to":[8.747782,9.076733,8.337906],"faces":{"east":{"uv":[5.0,1.5,5.1875,1.875],"tintindex":0,"rotation":0,"texture":"#0"},"south":{"uv":[5.0,1.9375,5.1875,2.3125],"tintindex":0,"rotation":0,"texture":"#0"},"north":{"uv":[4.9375,4.875,5.125,5.25],"tintindex":0,"rotation":0,"texture":"#0"},"west":{"uv":[4.625,5.0,4.8125,5.375],"tintindex":0,"rotation":0,"texture":"#0"},"up":{"uv":[5.75,0.6875,5.5625,0.5],"tintindex":0,"rotation":0,"texture":"#0"},"down":{"uv":[0.75,5.5625,0.5625,5.75],"tintindex":0,"rotation":0,"texture":"#0"}}},{"from":[6.416132,6.08459,7.3858457],"to":[7.416132,7.0845904,9.885845],"faces":{"east":{"uv":[1.25,5.25,1.5625,5.375],"tintindex":0,"rotation":0,"texture":"#0"},"south":{"uv":[0.0,5.6875,0.125,5.8125],"tintindex":0,"rotation":0,"texture":"#0"},"north":{"uv":[5.625,5.5625,5.75,5.6875],"tintindex":0,"rotation":0,"texture":"#0"},"west":{"uv":[5.25,1.5,5.5625,1.625],"tintindex":0,"rotation":0,"texture":"#0"},"up":{"uv":[5.375,2.0,5.25,1.6875],"tintindex":0,"rotation":0,"texture":"#0"},"down":{"uv":[5.375,2.0625,5.25,2.375],"tintindex":0,"rotation":0,"texture":"#0"}},"rotation":{"origin":[3.0,6.5824094,6.7129636],"angle":22.5,"axis":"y"}}]}