{"textures":{"0":"modelengine:entity/nocsy_sewer_rat"},"elements":[{"from":[7.0,7.182145,7.081077],"to":[9.0,9.182145,12.081077],"faces":{"east":{"uv":[3.8125,0.4375,4.4375,0.6875],"tintindex":0,"rotation":0,"texture":"#0"},"south":{"uv":[0.9375,5.0625,1.1875,5.3125],"tintindex":0,"rotation":0,"texture":"#0"},"north":{"uv":[0.625,5.0625,0.875,5.3125],"tintindex":0,"rotation":0,"texture":"#0"},"west":{"uv":[3.8125,0.75,4.4375,1.0],"tintindex":0,"rotation":0,"texture":"#0"},"up":{"uv":[0.6875,4.3125,0.4375,3.6875],"tintindex":0,"rotation":0,"texture":"#0"},"down":{"uv":[4.0625,1.0625,3.8125,1.6875],"tintindex":0,"rotation":0,"texture":"#0"}}}]}