{"textures":{"0":"modelengine:entity/skog"},"elements":[{"from":[4.8440566,-5.1488667,5.8274045],"to":[8.844057,7.8511333,9.827404],"faces":{"east":{"uv":[10.252,11.627,10.498,12.4355],"tintindex":0,"rotation":0,"texture":"#0"},"south":{"uv":[1.4395,11.6895,1.6855,12.498],"tintindex":0,"rotation":0,"texture":"#0"},"north":{"uv":[11.6895,10.5645,11.9355,11.373],"tintindex":0,"rotation":0,"texture":"#0"},"west":{"uv":[4.252,11.6895,4.498,12.498],"tintindex":0,"rotation":0,"texture":"#0"},"up":{"uv":[12.3105,8.623,12.0645,8.377],"tintindex":0,"rotation":90,"texture":"#0"},"down":{"uv":[12.3105,8.627,12.0645,8.873],"tintindex":0,"rotation":270,"texture":"#0"}}},{"from":[5.8440566,-8.921026,10.817837],"to":[7.8440566,-4.921027,19.817837],"faces":{"east":{"uv":[11.877,0.4395,12.4355,0.6855],"tintindex":0,"rotation":0,"texture":"#0"},"south":{"uv":[5.877,2.877,5.998,3.123],"tintindex":0,"rotation":0,"texture":"#0"},"north":{"uv":[5.877,3.127,5.998,3.373],"tintindex":0,"rotation":0,"texture":"#0"},"west":{"uv":[11.877,9.9395,12.4355,10.1855],"tintindex":0,"rotation":0,"texture":"#0"},"up":{"uv":[9.8105,5.498,9.252,5.377],"tintindex":0,"rotation":90,"texture":"#0"},"down":{"uv":[10.373,5.377,9.8145,5.498],"tintindex":0,"rotation":270,"texture":"#0"}},"rotation":{"origin":[-2.8322468,1.4820108,18.277248],"angle":22.5,"axis":"x"}}]}