{"textures":{"4":"modelengine:entity/magnuscracks"},"elements":[{"from":[4.5,-14.722326,15.012904],"to":[11.5,-9.722326,17.012905],"faces":{"east":{"uv":[1.875,14.375,1.625,15.0],"tintindex":0,"rotation":0,"texture":"#4"},"south":{"uv":[5.25,13.125,4.375,13.75],"tintindex":0,"rotation":0,"texture":"#4"},"north":{"uv":[13.875,10.875,13.0,11.5],"tintindex":0,"rotation":0,"texture":"#4"},"west":{"uv":[1.625,14.375,1.375,15.0],"tintindex":0,"rotation":0,"texture":"#4"},"up":{"uv":[8.5,2.625,9.375,2.375],"tintindex":0,"rotation":0,"texture":"#4"},"down":{"uv":[13.0,11.5,13.875,11.75],"tintindex":0,"rotation":0,"texture":"#4"}},"rotation":{"origin":[11.0,15.777674,23.512905],"angle":45.0,"axis":"x"}},{"from":[5.5,-0.7223263,17.012905],"to":[10.5,2.2776737,26.012905],"faces":{"east":{"uv":[2.125,13.625,1.0,14.0],"tintindex":0,"rotation":0,"texture":"#4"},"south":{"uv":[7.875,14.125,7.25,14.5],"tintindex":0,"rotation":0,"texture":"#4"},"north":{"uv":[14.75,7.125,14.125,7.5],"tintindex":0,"rotation":0,"texture":"#4"},"west":{"uv":[14.625,13.5,13.5,13.875],"tintindex":0,"rotation":0,"texture":"#4"},"up":{"uv":[5.25,13.5,5.875,12.375],"tintindex":0,"rotation":0,"texture":"#4"},"down":{"uv":[5.875,12.375,6.5,13.5],"tintindex":0,"rotation":0,"texture":"#4"}},"rotation":{"origin":[11.0,15.777674,23.512905],"angle":45.0,"axis":"x"}},{"from":[4.0,-7.7223263,17.012905],"to":[13.0,-0.7223263,28.012905],"faces":{"east":{"uv":[11.625,1.0,10.25,1.875],"tintindex":0,"rotation":0,"texture":"#4"},"south":{"uv":[12.5,0.0,11.375,0.875],"tintindex":0,"rotation":0,"texture":"#4"},"north":{"uv":[10.25,11.25,9.125,12.125],"tintindex":0,"rotation":0,"texture":"#4"},"west":{"uv":[11.25,5.25,9.875,6.125],"tintindex":0,"rotation":0,"texture":"#4"},"up":{"uv":[8.625,9.125,9.75,7.75],"tintindex":0,"rotation":0,"texture":"#4"},"down":{"uv":[8.75,4.75,9.875,6.125],"tintindex":0,"rotation":0,"texture":"#4"}},"rotation":{"origin":[11.0,15.777674,23.512905],"angle":45.0,"axis":"x"}},{"from":[5.5,-2.7223263,15.012904],"to":[11.5,4.2776737,17.012905],"faces":{"east":{"uv":[8.625,14.25,8.375,15.125],"tintindex":0,"rotation":0,"texture":"#4"},"south":{"uv":[7.25,12.75,6.5,13.625],"tintindex":0,"rotation":0,"texture":"#4"},"north":{"uv":[13.5,0.5,12.75,1.375],"tintindex":0,"rotation":0,"texture":"#4"},"west":{"uv":[8.375,14.25,8.125,15.125],"tintindex":0,"rotation":0,"texture":"#4"},"up":{"uv":[12.0,12.0,12.75,11.75],"tintindex":0,"rotation":0,"texture":"#4"},"down":{"uv":[14.25,5.625,15.0,5.875],"tintindex":0,"rotation":0,"texture":"#4"}},"rotation":{"origin":[11.0,15.777674,23.512905],"angle":45.0,"axis":"x"}},{"from":[4.5,-14.722326,17.012905],"to":[11.5,-7.7223263,26.012905],"faces":{"east":{"uv":[12.75,0.875,11.625,1.75],"tintindex":0,"rotation":0,"texture":"#4"},"south":{"uv":[5.25,12.25,4.375,13.125],"tintindex":0,"rotation":0,"texture":"#4"},"north":{"uv":[10.0,12.125,9.125,13.0],"tintindex":0,"rotation":0,"texture":"#4"},"west":{"uv":[1.875,11.5,0.75,12.375],"tintindex":0,"rotation":0,"texture":"#4"},"up":{"uv":[7.125,12.75,8.0,11.625],"tintindex":0,"rotation":0,"texture":"#4"},"down":{"uv":[1.875,11.875,2.75,13.0],"tintindex":0,"rotation":0,"texture":"#4"}},"rotation":{"origin":[11.0,15.777674,23.512905],"angle":45.0,"axis":"x"}}]}