{"textures":{"1":"modelengine:entity/ethereal_reaver_flame"},"elements":[{"from":[0.0,8.0,8.0],"to":[16.0,20.0,8.0],"faces":{"south":{"uv":[4.108108,6.918919,12.1081085,12.918919],"tintindex":0,"rotation":0,"texture":"#1"},"north":{"uv":[4.108108,6.918919,12.1081085,12.918919],"tintindex":0,"rotation":0,"texture":"#1"}}}]}