{"credit":"magic_store_official","texture_size":[48,48],"textures":{"1":"diamondworld/decoration/furnitures/summer_001/oak"},"elements":[{"from":[12.75,0,-12],"to":[17.75,2,20],"rotation":{"angle":-22.5,"axis":"y","origin":[5.75,0,-3]},"faces":{"north":{"uv":[11.33333,0,12,1.66667],"rotation":90,"texture":"#1"},"east":{"uv":[0,1.66667,10.66667,2.33333],"texture":"#1"},"south":{"uv":[10.66667,0,11.33333,1.66667],"rotation":90,"texture":"#1"},"west":{"uv":[0,2.33333,10.66667,3],"texture":"#1"},"up":{"uv":[0,0,10.66667,1.66667],"rotation":90,"texture":"#1"},"down":{"uv":[0,0,10.66667,1.66667],"rotation":90,"texture":"#1"}}},{"from":[4.75,0,-6],"to":[9.75,2,26],"rotation":{"angle":-22.5,"axis":"y","origin":[5.75,0,-3]},"faces":{"north":{"uv":[11.33333,0,12,1.66667],"rotation":90,"texture":"#1"},"east":{"uv":[0,1.66667,10.66667,2.33333],"texture":"#1"},"south":{"uv":[10.66667,0,11.33333,1.66667],"rotation":90,"texture":"#1"},"west":{"uv":[0,2.33333,10.66667,3],"texture":"#1"},"up":{"uv":[0,0,10.66667,1.66667],"rotation":90,"texture":"#1"},"down":{"uv":[0,0,10.66667,1.66667],"rotation":90,"texture":"#1"}}},{"from":[6,4,-7],"to":[11,6,25],"rotation":{"angle":0,"axis":"z","origin":[5.75,0,1]},"faces":{"north":{"uv":[11.33333,0,12,1.66667],"rotation":90,"texture":"#1"},"east":{"uv":[0,1.66667,10.66667,2.33333],"texture":"#1"},"south":{"uv":[10.66667,0,11.33333,1.66667],"rotation":90,"texture":"#1"},"west":{"uv":[0,2.33333,10.66667,3],"texture":"#1"},"up":{"uv":[0,0,10.66667,1.66667],"rotation":90,"texture":"#1"},"down":{"uv":[0,0,10.66667,1.66667],"rotation":90,"texture":"#1"}}},{"from":[-11.25,2,6.25],"to":[20.75,4,11.25],"rotation":{"angle":22.5,"axis":"y","origin":[5.75,0,1]},"faces":{"north":{"uv":[0,2.33333,10.66667,3],"texture":"#1"},"east":{"uv":[11.33333,0,12,1.66667],"rotation":90,"texture":"#1"},"south":{"uv":[0,1.66667,10.66667,2.33333],"texture":"#1"},"west":{"uv":[10.66667,0,11.33333,1.66667],"rotation":90,"texture":"#1"},"up":{"uv":[0,0,10.66667,1.66667],"rotation":180,"texture":"#1"},"down":{"uv":[0,0,10.66667,1.66667],"texture":"#1"}}}],"gui_light":"front","display":{"thirdperson_righthand":{"rotation":[80.57,87.24,-102.43],"translation":[0.5,1.5,0],"scale":[0.2,0.2,0.2]},"thirdperson_lefthand":{"rotation":[80.57,87.24,-102.43],"translation":[0.5,1.5,0],"scale":[0.2,0.2,0.2]},"firstperson_righthand":{"rotation":[-0.41,19.85,16.74],"translation":[9.75,2.75,0.25]},"firstperson_lefthand":{"rotation":[-0.41,19.85,16.74],"translation":[9.75,2.75,0.25]},"ground":{"translation":[0,2.25,0],"scale":[0.3,0.3,0.3]},"gui":{"rotation":[21.75,0,0],"translation":[0.25,1.25,0],"scale":[0.5,0.5,0.5]},"head":{"translation":[0,-30.5,0],"scale":[2.31,2.31,2.31]},"fixed":{"rotation":[-90,0,0],"translation":[0,0,-16],"scale":[2,2,2]}}}