{"textures":{"0":"modelengine:entity/fortress_turtle"},"elements":[{"from":[7.5,7.5,7.5],"to":[8.5,8.5,8.5],"faces":{"east":{"uv":[11.5625,6.53125,12.34375,7.28125],"tintindex":0,"rotation":0,"texture":"#0"},"south":{"uv":[11.5625,6.53125,12.34375,7.28125],"tintindex":0,"rotation":0,"texture":"#0"},"north":{"uv":[11.5625,6.53125,12.34375,7.28125],"tintindex":0,"rotation":0,"texture":"#0"},"west":{"uv":[11.5625,6.53125,12.34375,7.28125],"tintindex":0,"rotation":0,"texture":"#0"},"up":{"uv":[11.5625,6.53125,12.34375,7.28125],"tintindex":0,"rotation":0,"texture":"#0"},"down":{"uv":[11.5625,6.53125,12.34375,7.28125],"tintindex":0,"rotation":0,"texture":"#0"}}}]}