{"textures":{"0":"modelengine:entity/fortress_turtle"},"elements":[{"from":[2.5,4.5,2.5],"to":[13.5,25.5,13.5],"faces":{"east":{"uv":[6.596875,9.128125,6.934375,9.778125],"tintindex":0,"rotation":0,"texture":"#0"},"south":{"uv":[6.940625,9.128125,7.278125,9.778125],"tintindex":0,"rotation":0,"texture":"#0"},"north":{"uv":[6.253125,9.128125,6.590625,9.778125],"tintindex":0,"rotation":0,"texture":"#0"},"west":{"uv":[0.284375,9.221875,0.621875,9.871875],"tintindex":0,"rotation":0,"texture":"#0"},"up":{"uv":[9.903125,0.340625,9.565625,0.003125],"tintindex":0,"rotation":0,"texture":"#0"},"down":{"uv":[9.903125,2.128125,9.565625,2.465625],"tintindex":0,"rotation":0,"texture":"#0"}}}]}