{"textures":{"0":"modelengine:entity/fortress_turtle"},"elements":[{"from":[7.9886255,8.128078,2.25],"to":[16.488625,8.128078,13.75],"faces":{"up":{"uv":[4.153125,8.403125,3.628125,7.690625],"tintindex":0,"rotation":0,"texture":"#0"},"down":{"uv":[4.153125,7.690625,3.628125,8.403125],"tintindex":0,"rotation":0,"texture":"#0"}}},{"from":[23.096453,1.8702106,2.25],"to":[31.596453,1.8702106,13.75],"faces":{"up":{"uv":[5.628125,8.496875,6.153125,7.784375],"tintindex":0,"rotation":0,"texture":"#0"},"down":{"uv":[5.628125,7.784375,6.153125,8.496875],"tintindex":0,"rotation":0,"texture":"#0"}},"rotation":{"origin":[27.346453,1.8702106,8.0],"angle":-45.0,"axis":"z"}},{"from":[16.164923,6.501711,2.25],"to":[24.664923,6.501711,13.75],"faces":{"up":{"uv":[4.159375,8.403125,4.684375,7.690625],"tintindex":0,"rotation":0,"texture":"#0"},"down":{"uv":[4.159375,7.690625,4.684375,8.403125],"tintindex":0,"rotation":0,"texture":"#0"}},"rotation":{"origin":[20.414923,6.501711,8.0],"angle":-22.5,"axis":"z"}}]}