{"textures":{"0":"modelengine:entity/fortress_turtle"},"elements":[{"from":[3.5,4.500001,3.5],"to":[12.5,25.5,12.5],"faces":{"east":{"uv":[1.846875,9.284375,2.121875,9.934375],"tintindex":0,"rotation":0,"texture":"#0"},"south":{"uv":[9.284375,2.159375,9.559375,2.809375],"tintindex":0,"rotation":0,"texture":"#0"},"north":{"uv":[8.128125,9.253125,8.403125,9.903125],"tintindex":0,"rotation":0,"texture":"#0"},"west":{"uv":[8.409375,9.284375,8.684375,9.934375],"tintindex":0,"rotation":0,"texture":"#0"},"up":{"uv":[10.059375,9.434375,9.784375,9.159375],"tintindex":0,"rotation":0,"texture":"#0"},"down":{"uv":[10.090625,0.346875,9.815625,0.621875],"tintindex":0,"rotation":0,"texture":"#0"}}}]}