{"textures":{"10":"modelengine:entity/fdefender_firesourcesprit"},"elements":[{"from":[8.0,-8.0,-8.0],"to":[8.0,24.0,24.0],"faces":{"east":{"uv":[6.9995,0.0005,6.0005,0.9995],"tintindex":0,"rotation":180,"texture":"#10"},"south":{"uv":[-0.0005,0.001,-0.016625,7.999],"tintindex":0,"rotation":180,"texture":"#10"},"north":{"uv":[-0.0005,0.001,-0.016625,7.999],"tintindex":0,"rotation":180,"texture":"#10"},"west":{"uv":[6.0005,0.0005,6.9995,0.9995],"tintindex":0,"rotation":180,"texture":"#10"},"up":{"uv":[0.001,-0.0005,7.999,-0.016625],"tintindex":0,"rotation":90,"texture":"#10"},"down":{"uv":[0.001,-0.0005,7.999,-0.016625],"tintindex":0,"rotation":270,"texture":"#10"}}},{"from":[-8.0,-8.0,8.0],"to":[24.0,24.0,8.0],"faces":{"east":{"uv":[-0.0005,0.001,-0.016625,7.999],"tintindex":0,"rotation":180,"texture":"#10"},"south":{"uv":[6.9995,0.0005,6.0005,0.9995],"tintindex":0,"rotation":180,"texture":"#10"},"north":{"uv":[6.0005,0.0005,6.9995,0.9995],"tintindex":0,"rotation":180,"texture":"#10"},"west":{"uv":[-0.0005,0.001,-0.016625,7.999],"tintindex":0,"rotation":180,"texture":"#10"},"up":{"uv":[0.001,-0.0005,7.999,-0.016625],"tintindex":0,"rotation":180,"texture":"#10"},"down":{"uv":[0.001,-0.0005,7.999,-0.016625],"tintindex":0,"rotation":180,"texture":"#10"}}},{"from":[-8.0,8.0,-8.0],"to":[24.0,8.0,24.0],"faces":{"east":{"uv":[0.001,-0.0005,7.999,-0.016625],"tintindex":0,"rotation":180,"texture":"#10"},"south":{"uv":[-0.0005,0.001,-0.016625,7.999],"tintindex":0,"rotation":270,"texture":"#10"},"north":{"uv":[-0.0005,0.001,-0.016625,7.999],"tintindex":0,"rotation":90,"texture":"#10"},"west":{"uv":[0.001,-0.0005,7.999,-0.016625],"tintindex":0,"rotation":0,"texture":"#10"},"up":{"uv":[6.0005,0.0005,6.9995,0.9995],"tintindex":0,"rotation":270,"texture":"#10"},"down":{"uv":[6.9995,0.0005,6.0005,0.9995],"tintindex":0,"rotation":270,"texture":"#10"}}}]}