{"textures":{"0":"modelengine:entity/zahar"},"elements":[{"from":[9.5,-5.8500004,2.0],"to":[11.5,-3.8500004,5.0],"faces":{"east":{"uv":[2.8875,12.7625,3.2375,12.9875],"tintindex":0,"rotation":0,"texture":"#0"},"south":{"uv":[12.7625,12.2625,12.9875,12.4875],"tintindex":0,"rotation":0,"texture":"#0"},"north":{"uv":[12.7625,12.0125,12.9875,12.2375],"tintindex":0,"rotation":0,"texture":"#0"},"west":{"uv":[12.7625,3.0125,13.1125,3.2375],"tintindex":0,"rotation":0,"texture":"#0"},"up":{"uv":[3.4875,13.1125,3.2625,12.7625],"tintindex":0,"rotation":0,"texture":"#0"},"down":{"uv":[12.9875,3.2625,12.7625,3.6125],"tintindex":0,"rotation":0,"texture":"#0"}},"rotation":{"origin":[8.0,-6.3500004,5.0],"angle":22.5,"axis":"z"}},{"from":[8.233593,-5.236208,1.5509844],"to":[10.233593,-3.236208,4.5509844],"faces":{"east":{"uv":[12.7625,4.3625,12.9875,4.0125],"tintindex":0,"rotation":270,"texture":"#0"},"south":{"uv":[12.7625,12.7625,12.9875,12.9875],"tintindex":0,"rotation":180,"texture":"#0"},"north":{"uv":[12.7625,12.7375,12.9875,12.5125],"tintindex":0,"rotation":0,"texture":"#0"},"west":{"uv":[12.7625,5.1125,12.9875,4.7625],"tintindex":0,"rotation":90,"texture":"#0"},"up":{"uv":[12.7625,3.9875,12.9875,3.6375],"tintindex":0,"rotation":180,"texture":"#0"},"down":{"uv":[12.7625,4.7375,12.9875,4.3875],"tintindex":0,"rotation":0,"texture":"#0"}}},{"from":[4.733593,-4.9970093,2.0],"to":[9.733593,2.0029907,8.0],"faces":{"east":{"uv":[8.0125,9.7625,8.7375,10.6125],"tintindex":0,"rotation":0,"texture":"#0"},"south":{"uv":[11.0125,5.7625,11.6125,6.6125],"tintindex":0,"rotation":0,"texture":"#0"},"north":{"uv":[10.8875,10.5125,11.4875,11.3625],"tintindex":0,"rotation":0,"texture":"#0"},"west":{"uv":[8.7625,9.7625,9.4875,10.6125],"tintindex":0,"rotation":0,"texture":"#0"},"up":{"uv":[11.7375,5.3625,11.1375,4.6375],"tintindex":0,"rotation":0,"texture":"#0"},"down":{"uv":[6.2375,11.1375,5.6375,11.8625],"tintindex":0,"rotation":0,"texture":"#0"}}},{"from":[5.5,-7.8500004,2.1000004],"to":[10.5,-3.8500004,7.8999996],"faces":{"east":{"uv":[2.8875,11.7625,3.6125,12.2375],"tintindex":0,"rotation":0,"texture":"#0"},"south":{"uv":[8.0125,11.8875,8.6125,12.3625],"tintindex":0,"rotation":0,"texture":"#0"},"north":{"uv":[5.6375,11.8875,6.2375,12.3625],"tintindex":0,"rotation":0,"texture":"#0"},"west":{"uv":[11.7625,3.8875,12.4875,4.3625],"tintindex":0,"rotation":0,"texture":"#0"},"up":{"uv":[11.7375,9.3625,11.1375,8.6375],"tintindex":0,"rotation":0,"texture":"#0"},"down":{"uv":[11.8625,0.0125,11.2625,0.7375],"tintindex":0,"rotation":0,"texture":"#0"}},"rotation":{"origin":[8.0,-6.3500004,5.0],"angle":22.5,"axis":"z"}},{"from":[7.733593,-5.736208,0.5509844],"to":[10.733593,-2.736208,1.5509844],"faces":{"east":{"uv":[3.6375,1.7375,3.9875,1.6375],"tintindex":0,"rotation":270,"texture":"#0"},"south":{"uv":[12.5125,0.0125,12.8625,0.3625],"tintindex":0,"rotation":180,"texture":"#0"},"north":{"uv":[0.0125,12.8625,0.3625,12.5125],"tintindex":0,"rotation":0,"texture":"#0"},"west":{"uv":[7.0125,1.2375,7.3625,1.1375],"tintindex":0,"rotation":90,"texture":"#0"},"up":{"uv":[3.2625,1.7375,3.6125,1.6375],"tintindex":0,"rotation":180,"texture":"#0"},"down":{"uv":[5.8875,6.6125,6.2375,6.5125],"tintindex":0,"rotation":0,"texture":"#0"}}},{"from":[4.733593,2.0029907,1.0],"to":[10.733593,8.002991,8.0],"faces":{"east":{"uv":[2.2625,9.7625,3.1125,10.4875],"tintindex":0,"rotation":0,"texture":"#0"},"south":{"uv":[0.5125,10.5125,1.2375,11.2375],"tintindex":0,"rotation":0,"texture":"#0"},"north":{"uv":[10.3875,8.8875,11.1125,9.6125],"tintindex":0,"rotation":0,"texture":"#0"},"west":{"uv":[9.7625,3.2625,10.6125,3.9875],"tintindex":0,"rotation":0,"texture":"#0"},"up":{"uv":[10.4875,4.8625,9.7625,4.0125],"tintindex":0,"rotation":0,"texture":"#0"},"down":{"uv":[10.4875,4.8875,9.7625,5.7375],"tintindex":0,"rotation":0,"texture":"#0"}}},{"from":[6.733593,-6.736208,4.5509844],"to":[11.733593,-1.736208,9.550985],"faces":{"east":{"uv":[7.0125,12.1125,7.6125,11.5125],"tintindex":0,"rotation":270,"texture":"#0"},"south":{"uv":[11.5125,10.3875,12.1125,10.9875],"tintindex":0,"rotation":180,"texture":"#0"},"north":{"uv":[9.2625,12.1125,9.8625,11.5125],"tintindex":0,"rotation":0,"texture":"#0"},"west":{"uv":[8.6375,12.1125,9.2375,11.5125],"tintindex":0,"rotation":90,"texture":"#0"},"up":{"uv":[11.5125,3.4875,12.1125,2.8875],"tintindex":0,"rotation":180,"texture":"#0"},"down":{"uv":[11.5125,8.6125,12.1125,8.0125],"tintindex":0,"rotation":0,"texture":"#0"}}}]}