{"textures":{"0":"modelengine:entity/fortress_turtle"},"elements":[{"from":[-9.1875,2.5,4.0],"to":[11.3125,12.0,12.0],"faces":{"east":{"uv":[6.778125,8.534375,6.284375,9.121875],"tintindex":0,"rotation":0,"texture":"#0"},"south":{"uv":[2.059375,5.346875,0.784375,5.934375],"tintindex":0,"rotation":0,"texture":"#0"},"north":{"uv":[3.340625,5.721875,2.065625,6.309375],"tintindex":0,"rotation":0,"texture":"#0"},"west":{"uv":[7.278125,8.534375,6.784375,9.121875],"tintindex":0,"rotation":0,"texture":"#0"},"up":{"uv":[1.871875,5.940625,0.596875,6.434375],"tintindex":0,"rotation":0,"texture":"#0"},"down":{"uv":[6.184375,6.746875,4.909375,6.253125],"tintindex":0,"rotation":0,"texture":"#0"}}}]}