{"textures":{"0":"modelengine:entity/fortress_turtle"},"elements":[{"from":[2.5,0.5,4.75],"to":[13.5,13.0,10.75],"faces":{"east":{"uv":[8.565625,7.159375,8.934375,7.934375],"tintindex":0,"rotation":0,"texture":"#0"},"south":{"uv":[3.628125,6.565625,4.309375,7.340625],"tintindex":0,"rotation":0,"texture":"#0"},"north":{"uv":[6.534375,5.409375,7.215625,6.184375],"tintindex":0,"rotation":0,"texture":"#0"},"west":{"uv":[8.628125,0.003125,8.996875,0.778125],"tintindex":0,"rotation":0,"texture":"#0"},"up":{"uv":[9.465625,6.184375,8.784375,5.815625],"tintindex":0,"rotation":0,"texture":"#0"},"down":{"uv":[9.465625,6.190625,8.784375,6.559375],"tintindex":0,"rotation":0,"texture":"#0"}}},{"from":[1.4919524,7.0,-4.6548653],"to":[5.4919524,12.5,3.8451347],"faces":{"east":{"uv":[9.284375,4.784375,9.809375,5.121875],"tintindex":0,"rotation":0,"texture":"#0"},"south":{"uv":[4.878125,9.784375,5.121875,10.121875],"tintindex":0,"rotation":0,"texture":"#0"},"north":{"uv":[3.628125,9.784375,3.871875,10.121875],"tintindex":0,"rotation":0,"texture":"#0"},"west":{"uv":[8.690625,9.284375,9.215625,9.621875],"tintindex":0,"rotation":0,"texture":"#0"},"up":{"uv":[6.121875,7.278125,5.878125,6.753125],"tintindex":0,"rotation":0,"texture":"#0"},"down":{"uv":[0.528125,8.284375,0.284375,8.809375],"tintindex":0,"rotation":0,"texture":"#0"}},"rotation":{"origin":[3.9919524,10.5,0.095134735],"angle":-22.5,"axis":"y"}},{"from":[0.9919524,11.0,-5.1548653],"to":[5.4919524,14.5,2.3451347],"faces":{"east":{"uv":[10.940625,0.003125,11.409375,0.221875],"tintindex":0,"rotation":0,"texture":"#0"},"south":{"uv":[11.409375,0.003125,11.690625,0.221875],"tintindex":0,"rotation":0,"texture":"#0"},"north":{"uv":[11.221875,0.503125,11.503125,0.721875],"tintindex":0,"rotation":0,"texture":"#0"},"west":{"uv":[11.253125,0.253125,11.721875,0.471875],"tintindex":0,"rotation":0,"texture":"#0"},"up":{"uv":[11.221875,0.690625,10.940625,0.221875],"tintindex":0,"rotation":0,"texture":"#0"},"down":{"uv":[11.815625,0.503125,11.534375,0.971875],"tintindex":0,"rotation":0,"texture":"#0"}},"rotation":{"origin":[3.9919524,10.5,0.095134735],"angle":-22.5,"axis":"y"}},{"from":[3.5,6.0,-5.25],"to":[12.5,12.5,4.75],"faces":{"east":{"uv":[8.784375,7.940625,9.403125,8.340625],"tintindex":0,"rotation":0,"texture":"#0"},"south":{"uv":[9.003125,8.878125,9.559375,9.278125],"tintindex":0,"rotation":0,"texture":"#0"},"north":{"uv":[9.003125,0.003125,9.559375,0.403125],"tintindex":0,"rotation":0,"texture":"#0"},"west":{"uv":[0.284375,8.815625,0.903125,9.215625],"tintindex":0,"rotation":0,"texture":"#0"},"up":{"uv":[2.809375,8.809375,2.253125,8.190625],"tintindex":0,"rotation":0,"texture":"#0"},"down":{"uv":[8.778125,6.128125,8.221875,6.746875],"tintindex":0,"rotation":0,"texture":"#0"}}},{"from":[3.4839048,8.256479,-4.4059105],"to":[12.483905,14.756477,5.0940895],"faces":{"east":{"uv":[5.878125,3.315625,6.465625,3.715625],"tintindex":0,"rotation":0,"texture":"#0"},"south":{"uv":[9.128125,3.221875,9.684375,3.621875],"tintindex":0,"rotation":0,"texture":"#0"},"north":{"uv":[9.096875,6.565625,9.653125,6.965625],"tintindex":0,"rotation":0,"texture":"#0"},"west":{"uv":[8.409375,8.878125,8.996875,9.278125],"tintindex":0,"rotation":0,"texture":"#0"},"up":{"uv":[8.809375,4.871875,8.253125,4.284375],"tintindex":0,"rotation":0,"texture":"#0"},"down":{"uv":[7.840625,8.253125,7.284375,8.840625],"tintindex":0,"rotation":0,"texture":"#0"}},"rotation":{"origin":[7.483905,11.506479,0.8440895],"angle":-22.5,"axis":"x"}},{"from":[10.491953,11.0,-5.1548653],"to":[14.991953,14.5,2.3451347],"faces":{"east":{"uv":[11.721875,0.253125,11.253125,0.471875],"tintindex":0,"rotation":0,"texture":"#0"},"south":{"uv":[11.690625,0.003125,11.409375,0.215625],"tintindex":0,"rotation":0,"texture":"#0"},"north":{"uv":[11.503125,0.503125,11.221875,0.721875],"tintindex":0,"rotation":0,"texture":"#0"},"west":{"uv":[11.409375,0.003125,10.940625,0.215625],"tintindex":0,"rotation":0,"texture":"#0"},"up":{"uv":[10.940625,0.684375,11.221875,0.221875],"tintindex":0,"rotation":0,"texture":"#0"},"down":{"uv":[11.534375,0.503125,11.815625,0.971875],"tintindex":0,"rotation":0,"texture":"#0"}},"rotation":{"origin":[11.991953,10.5,0.095134735],"angle":22.5,"axis":"y"}},{"from":[10.491953,7.0,-4.6548653],"to":[14.491953,12.5,3.8451347],"faces":{"east":{"uv":[9.215625,9.284375,8.690625,9.621875],"tintindex":0,"rotation":0,"texture":"#0"},"south":{"uv":[5.121875,9.784375,4.878125,10.121875],"tintindex":0,"rotation":0,"texture":"#0"},"north":{"uv":[3.871875,9.784375,3.628125,10.121875],"tintindex":0,"rotation":0,"texture":"#0"},"west":{"uv":[9.809375,4.784375,9.284375,5.121875],"tintindex":0,"rotation":0,"texture":"#0"},"up":{"uv":[5.878125,7.278125,6.121875,6.753125],"tintindex":0,"rotation":0,"texture":"#0"},"down":{"uv":[0.284375,8.284375,0.528125,8.809375],"tintindex":0,"rotation":0,"texture":"#0"}},"rotation":{"origin":[11.991953,10.5,0.095134735],"angle":22.5,"axis":"y"}}]}