{"textures":{"0":"modelengine:entity/fortress_turtle"},"elements":[{"from":[3.5080476,0.0,-2.25],"to":[12.508047,7.0,-0.75],"faces":{"east":{"uv":[3.878125,9.784375,3.965625,10.215625],"tintindex":0,"rotation":0,"texture":"#0"},"south":{"uv":[7.846875,8.815625,8.403125,9.246875],"tintindex":0,"rotation":0,"texture":"#0"},"north":{"uv":[4.503125,3.721875,5.059375,4.153125],"tintindex":0,"rotation":0,"texture":"#0"},"west":{"uv":[7.503125,9.784375,7.590625,10.215625],"tintindex":0,"rotation":0,"texture":"#0"},"up":{"uv":[7.028125,4.840625,6.471875,4.753125],"tintindex":0,"rotation":0,"texture":"#0"},"down":{"uv":[10.215625,6.815625,9.659375,6.903125],"tintindex":0,"rotation":0,"texture":"#0"}}},{"from":[11.008047,0.0,-0.75],"to":[12.508047,7.0,7.75],"faces":{"east":{"uv":[5.721875,8.909375,6.246875,9.340625],"tintindex":0,"rotation":0,"texture":"#0"},"south":{"uv":[9.909375,2.034375,9.996875,2.465625],"tintindex":0,"rotation":0,"texture":"#0"},"north":{"uv":[0.503125,9.878125,0.590625,10.309375],"tintindex":0,"rotation":0,"texture":"#0"},"west":{"uv":[8.940625,7.159375,9.465625,7.590625],"tintindex":0,"rotation":0,"texture":"#0"},"up":{"uv":[1.746875,10.246875,1.659375,9.721875],"tintindex":0,"rotation":0,"texture":"#0"},"down":{"uv":[1.840625,9.721875,1.753125,10.246875],"tintindex":0,"rotation":0,"texture":"#0"}}},{"from":[3.5080476,0.0,-0.75],"to":[5.0080476,7.0,7.75],"faces":{"east":{"uv":[8.909375,1.721875,9.434375,2.153125],"tintindex":0,"rotation":0,"texture":"#0"},"south":{"uv":[5.628125,9.753125,5.715625,10.184375],"tintindex":0,"rotation":0,"texture":"#0"},"north":{"uv":[3.159375,9.753125,3.246875,10.184375],"tintindex":0,"rotation":0,"texture":"#0"},"west":{"uv":[8.909375,3.846875,9.434375,4.278125],"tintindex":0,"rotation":0,"texture":"#0"},"up":{"uv":[8.621875,0.528125,8.534375,0.003125],"tintindex":0,"rotation":0,"texture":"#0"},"down":{"uv":[3.371875,8.628125,3.284375,9.153125],"tintindex":0,"rotation":0,"texture":"#0"}}},{"from":[5.0080476,0.0,-0.75],"to":[11.008047,5.0,7.75],"faces":{"east":{"uv":[9.315625,4.284375,9.840625,4.590625],"tintindex":0,"rotation":0,"texture":"#0"},"south":{"uv":[5.721875,9.659375,6.090625,9.965625],"tintindex":0,"rotation":0,"texture":"#0"},"north":{"uv":[4.034375,9.659375,4.403125,9.965625],"tintindex":0,"rotation":0,"texture":"#0"},"west":{"uv":[5.721875,9.346875,6.246875,9.653125],"tintindex":0,"rotation":0,"texture":"#0"},"up":{"uv":[3.215625,7.996875,2.846875,7.471875],"tintindex":0,"rotation":0,"texture":"#0"},"down":{"uv":[3.278125,9.221875,2.909375,9.746875],"tintindex":0,"rotation":0,"texture":"#0"}}},{"from":[3.5080476,-4.3287296,-3.1110382],"to":[12.508047,0.17127037,-3.1110382],"faces":{"south":{"uv":[13.96875,3.471875,13.40625,3.753125],"tintindex":0,"rotation":0,"texture":"#0"},"north":{"uv":[13.40625,3.471875,13.96875,3.753125],"tintindex":0,"rotation":0,"texture":"#0"}},"rotation":{"origin":[8.008047,-2.0787296,-3.1110382],"angle":22.5,"axis":"x"}}]}