{"textures":{"0":"modelengine:entity/fortress_turtle"},"elements":[{"from":[7.5,13.5,-5.999998],"to":[7.5,16.5,8.0],"faces":{"east":{"uv":[12.221875,3.721875,11.346875,3.909375],"tintindex":0,"rotation":0,"texture":"#0"},"west":{"uv":[11.346875,3.721875,12.221875,3.909375],"tintindex":0,"rotation":0,"texture":"#0"}}},{"from":[3.0,2.0,-1.9999981],"to":[12.0,13.5,8.0],"faces":{"east":{"uv":[6.846875,4.034375,7.465625,4.746875],"tintindex":0,"rotation":0,"texture":"#0"},"south":{"uv":[2.284375,7.471875,2.840625,8.184375],"tintindex":0,"rotation":0,"texture":"#0"},"north":{"uv":[1.128125,7.471875,1.684375,8.184375],"tintindex":0,"rotation":0,"texture":"#0"},"west":{"uv":[6.971875,6.690625,7.590625,7.403125],"tintindex":0,"rotation":0,"texture":"#0"},"up":{"uv":[1.090625,8.809375,0.534375,8.190625],"tintindex":0,"rotation":0,"texture":"#0"},"down":{"uv":[1.653125,8.190625,1.096875,8.809375],"tintindex":0,"rotation":0,"texture":"#0"}}}]}