{"textures":{"0":"modelengine:entity/fortress_turtle"},"elements":[{"from":[-1.0,-3.5,-13.0],"to":[17.0,19.5,7.0],"faces":{"east":{"uv":[2.503125,6.753125,3.121875,7.465625],"tintindex":0,"rotation":0,"texture":"#0"},"south":{"uv":[0.565625,7.471875,1.121875,8.184375],"tintindex":0,"rotation":0,"texture":"#0"},"north":{"uv":[1.721875,7.346875,2.278125,8.059375],"tintindex":0,"rotation":0,"texture":"#0"},"west":{"uv":[6.846875,3.315625,7.465625,4.028125],"tintindex":0,"rotation":0,"texture":"#0"},"up":{"uv":[3.403125,8.621875,2.846875,8.003125],"tintindex":0,"rotation":0,"texture":"#0"},"down":{"uv":[2.246875,8.065625,1.690625,8.684375],"tintindex":0,"rotation":0,"texture":"#0"}}}]}