{"textures":{"0":"modelengine:entity/fortress_turtle"},"elements":[{"from":[-8.664923,6.5017166,2.25],"to":[-0.16492271,6.5017166,13.75],"faces":{"up":{"uv":[4.684375,8.403125,4.159375,7.690625],"tintindex":0,"rotation":0,"texture":"#0"},"down":{"uv":[4.684375,7.690625,4.159375,8.403125],"tintindex":0,"rotation":0,"texture":"#0"}},"rotation":{"origin":[-4.4149227,6.5017166,8.0],"angle":22.5,"axis":"z"}},{"from":[-0.48862553,8.128082,2.25],"to":[8.011374,8.128082,13.75],"faces":{"up":{"uv":[3.628125,8.403125,4.153125,7.690625],"tintindex":0,"rotation":0,"texture":"#0"},"down":{"uv":[3.628125,7.690625,4.153125,8.403125],"tintindex":0,"rotation":0,"texture":"#0"}}},{"from":[-15.596453,1.8702126,2.25],"to":[-7.0964518,1.8702126,13.75],"faces":{"up":{"uv":[6.153125,8.496875,5.628125,7.784375],"tintindex":0,"rotation":0,"texture":"#0"},"down":{"uv":[6.153125,7.784375,5.628125,8.496875],"tintindex":0,"rotation":0,"texture":"#0"}},"rotation":{"origin":[-11.346453,1.8702126,8.0],"angle":45.0,"axis":"z"}}]}