{"textures":{"0":"modelengine:entity/fortress_turtle"},"elements":[{"from":[5.891095,15.25,0.8097267],"to":[5.891095,21.25,28.80973],"faces":{"east":{"uv":[12.221875,3.721875,11.346875,3.909375],"tintindex":0,"rotation":0,"texture":"#0"},"west":{"uv":[11.346875,3.721875,12.221875,3.909375],"tintindex":0,"rotation":0,"texture":"#0"}}},{"from":[-2.125,-1.75,8.0],"to":[20.875,15.25,28.0],"faces":{"east":{"uv":[8.903125,1.815625,8.284375,2.340625],"tintindex":0,"rotation":0,"texture":"#0"},"south":{"uv":[7.815625,0.003125,8.528125,0.528125],"tintindex":0,"rotation":0,"texture":"#0"},"north":{"uv":[7.596875,6.815625,8.309375,7.340625],"tintindex":0,"rotation":0,"texture":"#0"},"west":{"uv":[8.284375,1.815625,8.903125,2.340625],"tintindex":0,"rotation":0,"texture":"#0"},"up":{"uv":[7.809375,0.621875,7.096875,0.003125],"tintindex":0,"rotation":0,"texture":"#0"},"down":{"uv":[7.809375,0.628125,7.096875,1.246875],"tintindex":0,"rotation":0,"texture":"#0"}}},{"from":[12.891095,15.25,0.8097267],"to":[12.891095,21.25,28.80973],"faces":{"east":{"uv":[12.221875,3.721875,11.346875,3.909375],"tintindex":0,"rotation":0,"texture":"#0"},"west":{"uv":[11.346875,3.721875,12.221875,3.909375],"tintindex":0,"rotation":0,"texture":"#0"}}}]}