{"textures":{"0":"modelengine:entity/fortress_turtle"},"elements":[{"from":[13.349428,11.266212,8.678986],"to":[13.349428,17.266212,27.67899],"faces":{"east":{"uv":[11.940625,3.721875,11.346875,3.909375],"tintindex":0,"rotation":0,"texture":"#0"},"west":{"uv":[11.346875,3.721875,11.940625,3.909375],"tintindex":0,"rotation":0,"texture":"#0"}}},{"from":[0.33333302,-2.166666,7.916668],"to":[19.333332,12.833332,27.916668],"faces":{"east":{"uv":[9.246875,8.409375,8.628125,8.871875],"tintindex":0,"rotation":0,"texture":"#0"},"south":{"uv":[8.659375,1.253125,9.246875,1.715625],"tintindex":0,"rotation":0,"texture":"#0"},"north":{"uv":[3.909375,2.596875,4.496875,3.059375],"tintindex":0,"rotation":0,"texture":"#0"},"west":{"uv":[8.628125,8.409375,9.246875,8.871875],"tintindex":0,"rotation":0,"texture":"#0"},"up":{"uv":[7.278125,8.528125,6.690625,7.909375],"tintindex":0,"rotation":0,"texture":"#0"},"down":{"uv":[8.559375,7.346875,7.971875,7.965625],"tintindex":0,"rotation":0,"texture":"#0"}}},{"from":[6.349428,11.266212,8.678986],"to":[6.349428,17.266212,27.67899],"faces":{"east":{"uv":[11.940625,3.721875,11.346875,3.909375],"tintindex":0,"rotation":0,"texture":"#0"},"west":{"uv":[11.346875,3.721875,11.940625,3.909375],"tintindex":0,"rotation":0,"texture":"#0"}}}]}