{"textures":{"0":"modelengine:entity/fortress_turtle"},"elements":[{"from":[0.5,3.0,8.0],"to":[15.5,13.0,20.0],"faces":{"east":{"uv":[1.278125,9.690625,0.909375,9.996875],"tintindex":0,"rotation":0,"texture":"#0"},"south":{"uv":[9.440625,3.846875,9.903125,4.153125],"tintindex":0,"rotation":0,"texture":"#0"},"north":{"uv":[8.315625,5.815625,8.778125,6.121875],"tintindex":0,"rotation":0,"texture":"#0"},"west":{"uv":[0.909375,9.690625,1.278125,9.996875],"tintindex":0,"rotation":0,"texture":"#0"},"up":{"uv":[1.371875,9.684375,0.909375,9.315625],"tintindex":0,"rotation":0,"texture":"#0"},"down":{"uv":[2.590625,9.315625,2.128125,9.684375],"tintindex":0,"rotation":0,"texture":"#0"}}}]}