{"textures":{"1":"modelengine:entity/witch"},"elements":[{"from":[6.306267,2.557313,6.4204407],"to":[8.306267,8.557314,12.420441],"faces":{"east":{"uv":[10.375,4.375,11.125,5.125],"tintindex":0,"rotation":0,"texture":"#1"},"south":{"uv":[8.375,10.75,8.625,11.5],"tintindex":0,"rotation":0,"texture":"#1"},"north":{"uv":[1.0,10.625,1.25,11.375],"tintindex":0,"rotation":0,"texture":"#1"},"west":{"uv":[10.375,5.625,11.125,6.375],"tintindex":0,"rotation":0,"texture":"#1"},"up":{"uv":[8.875,11.5,8.625,10.75],"tintindex":0,"rotation":0,"texture":"#1"},"down":{"uv":[9.125,10.75,8.875,11.5],"tintindex":0,"rotation":0,"texture":"#1"}}},{"from":[8.306267,2.557313,6.4204407],"to":[11.306267,6.557313,12.420441],"faces":{"east":{"uv":[6.5,8.0,7.25,8.5],"tintindex":0,"rotation":0,"texture":"#1"},"south":{"uv":[9.5,10.75,9.875,11.25],"tintindex":0,"rotation":0,"texture":"#1"},"north":{"uv":[9.125,10.75,9.5,11.25],"tintindex":0,"rotation":0,"texture":"#1"},"west":{"uv":[3.75,8.75,4.5,9.25],"tintindex":0,"rotation":0,"texture":"#1"},"up":{"uv":[8.375,11.375,8.0,10.625],"tintindex":0,"rotation":0,"texture":"#1"},"down":{"uv":[10.375,10.625,10.0,11.375],"tintindex":0,"rotation":0,"texture":"#1"}}},{"from":[8.306267,5.557313,5.4204407],"to":[10.306267,8.557314,10.420441],"faces":{"east":{"uv":[10.75,1.625,11.375,2.0],"tintindex":0,"rotation":0,"texture":"#1"},"south":{"uv":[11.0,8.75,11.25,9.125],"tintindex":0,"rotation":0,"texture":"#1"},"north":{"uv":[11.0,8.375,11.25,8.75],"tintindex":0,"rotation":0,"texture":"#1"},"west":{"uv":[1.75,10.75,2.375,11.125],"tintindex":0,"rotation":0,"texture":"#1"},"up":{"uv":[5.0,11.5,4.75,10.875],"tintindex":0,"rotation":0,"texture":"#1"},"down":{"uv":[5.25,10.875,5.0,11.5],"tintindex":0,"rotation":0,"texture":"#1"}}}]}