{"textures":{"1":"modelengine:entity/witch"},"elements":[{"from":[7.693733,2.557313,6.42044],"to":[9.693733,8.557313,12.42044],"faces":{"east":{"uv":[11.125,5.625,10.375,6.375],"tintindex":0,"rotation":0,"texture":"#1"},"south":{"uv":[8.625,10.75,8.375,11.5],"tintindex":0,"rotation":0,"texture":"#1"},"north":{"uv":[1.25,10.625,1.0,11.375],"tintindex":0,"rotation":0,"texture":"#1"},"west":{"uv":[11.125,4.375,10.375,5.125],"tintindex":0,"rotation":0,"texture":"#1"},"up":{"uv":[8.625,11.5,8.875,10.75],"tintindex":0,"rotation":0,"texture":"#1"},"down":{"uv":[8.875,10.75,9.125,11.5],"tintindex":0,"rotation":0,"texture":"#1"}}},{"from":[5.693733,5.557313,5.42044],"to":[7.693733,8.557313,10.42044],"faces":{"east":{"uv":[2.375,10.75,1.75,11.125],"tintindex":0,"rotation":0,"texture":"#1"},"south":{"uv":[11.25,8.75,11.0,9.125],"tintindex":0,"rotation":0,"texture":"#1"},"north":{"uv":[11.25,8.375,11.0,8.75],"tintindex":0,"rotation":0,"texture":"#1"},"west":{"uv":[11.375,1.625,10.75,2.0],"tintindex":0,"rotation":0,"texture":"#1"},"up":{"uv":[4.75,11.5,5.0,10.875],"tintindex":0,"rotation":0,"texture":"#1"},"down":{"uv":[5.0,10.875,5.25,11.5],"tintindex":0,"rotation":0,"texture":"#1"}}},{"from":[4.6937327,2.557313,6.42044],"to":[7.693733,6.557313,12.42044],"faces":{"east":{"uv":[4.5,8.75,3.75,9.25],"tintindex":0,"rotation":0,"texture":"#1"},"south":{"uv":[9.875,10.75,9.5,11.25],"tintindex":0,"rotation":0,"texture":"#1"},"north":{"uv":[9.5,10.75,9.125,11.25],"tintindex":0,"rotation":0,"texture":"#1"},"west":{"uv":[7.25,8.0,6.5,8.5],"tintindex":0,"rotation":0,"texture":"#1"},"up":{"uv":[8.0,11.375,8.375,10.625],"tintindex":0,"rotation":0,"texture":"#1"},"down":{"uv":[10.0,10.625,10.375,11.375],"tintindex":0,"rotation":0,"texture":"#1"}}}]}