{"textures":{"0":"modelengine:entity/voras_baby"},"elements":[{"from":[5.423497,6.2742615,7.5],"to":[5.423497,7.2742615,8.5],"faces":{"east":{"uv":[5.0,4.0,6.0,5.0],"tintindex":0,"rotation":0,"texture":"#0"},"west":{"uv":[5.0,5.0,6.0,6.0],"tintindex":0,"rotation":0,"texture":"#0"}},"rotation":{"origin":[8.423497,7.2742615,8.5],"angle":-22.5,"axis":"z"}},{"from":[10.576503,6.2742615,7.5],"to":[10.576503,7.2742615,8.5],"faces":{"east":{"uv":[6.0,5.0,5.0,6.0],"tintindex":0,"rotation":0,"texture":"#0"},"west":{"uv":[6.0,4.0,5.0,5.0],"tintindex":0,"rotation":0,"texture":"#0"}},"rotation":{"origin":[7.5765033,7.2742615,8.5],"angle":22.5,"axis":"z"}},{"from":[5.423497,7.2742615,7.5],"to":[7.4234967,7.2742615,8.5],"faces":{"up":{"uv":[4.0,5.0,2.0,4.0],"tintindex":0,"rotation":0,"texture":"#0"},"down":{"uv":[6.0,2.0,4.0,3.0],"tintindex":0,"rotation":0,"texture":"#0"}},"rotation":{"origin":[8.423497,7.2742615,8.5],"angle":-22.5,"axis":"z"}},{"from":[8.576503,7.2742615,7.5],"to":[10.576503,7.2742615,8.5],"faces":{"up":{"uv":[2.0,5.0,4.0,4.0],"tintindex":0,"rotation":0,"texture":"#0"},"down":{"uv":[4.0,2.0,6.0,3.0],"tintindex":0,"rotation":0,"texture":"#0"}},"rotation":{"origin":[7.5765033,7.2742615,8.5],"angle":22.5,"axis":"z"}}]}