{"textures":{"0":"modelengine:entity/mso_piglin_queen"},"elements":[{"from":[-6.798909,11.964285,-6.4612827],"to":[6.4256477,20.906605,0.4658661],"faces":{"east":{"uv":[7.65625,6.15625,7.90625,6.46875],"tintindex":0,"rotation":0,"texture":"#0"},"south":{"uv":[1.9375,6.46875,2.40625,6.78125],"tintindex":0,"rotation":0,"texture":"#0"},"north":{"uv":[6.46875,1.75,6.9375,2.0625],"tintindex":0,"rotation":0,"texture":"#0"},"west":{"uv":[6.34375,7.65625,6.59375,7.96875],"tintindex":0,"rotation":0,"texture":"#0"},"up":{"uv":[7.5,4.90625,7.03125,4.65625],"tintindex":0,"rotation":0,"texture":"#0"},"down":{"uv":[7.5,5.71875,7.03125,5.96875],"tintindex":0,"rotation":0,"texture":"#0"}},"rotation":{"origin":[8.0,16.750313,6.1335335],"angle":22.5,"axis":"x"}},{"from":[-6.4840384,18.70251,-6.4612827],"to":[6.110778,22.292034,-3.942319],"faces":{"east":{"uv":[8.46875,3.4375,8.5625,3.5625],"tintindex":0,"rotation":0,"texture":"#0"},"south":{"uv":[8.03125,2.0625,8.46875,2.1875],"tintindex":0,"rotation":0,"texture":"#0"},"north":{"uv":[8.0,4.3125,8.4375,4.4375],"tintindex":0,"rotation":0,"texture":"#0"},"west":{"uv":[3.46875,8.46875,3.5625,8.59375],"tintindex":0,"rotation":0,"texture":"#0"},"up":{"uv":[0.90625,5.03125,0.46875,4.9375],"tintindex":0,"rotation":0,"texture":"#0"},"down":{"uv":[5.78125,0.78125,5.34375,0.875],"tintindex":0,"rotation":0,"texture":"#0"}},"rotation":{"origin":[8.0,17.506004,6.1335335],"angle":-22.5,"axis":"x"}},{"from":[9.889222,18.70251,-6.4612827],"to":[22.48404,22.292034,-3.942319],"faces":{"east":{"uv":[3.28125,8.46875,3.375,8.59375],"tintindex":0,"rotation":0,"texture":"#0"},"south":{"uv":[8.0,2.65625,8.4375,2.78125],"tintindex":0,"rotation":0,"texture":"#0"},"north":{"uv":[7.90625,6.28125,8.34375,6.40625],"tintindex":0,"rotation":0,"texture":"#0"},"west":{"uv":[8.46875,3.3125,8.5625,3.4375],"tintindex":0,"rotation":0,"texture":"#0"},"up":{"uv":[4.96875,1.65625,4.53125,1.5625],"tintindex":0,"rotation":0,"texture":"#0"},"down":{"uv":[2.28125,4.78125,1.84375,4.875],"tintindex":0,"rotation":0,"texture":"#0"}},"rotation":{"origin":[8.0,17.506004,6.1335335],"angle":-22.5,"axis":"x"}},{"from":[-6.4840384,20.906605,-3.564475],"to":[22.48404,31.80112,17.909687],"faces":{"east":{"uv":[0.0,4.0,0.78125,4.40625],"tintindex":0,"rotation":0,"texture":"#0"},"south":{"uv":[3.53125,2.71875,4.5625,3.125],"tintindex":0,"rotation":0,"texture":"#0"},"north":{"uv":[3.53125,2.3125,4.5625,2.71875],"tintindex":0,"rotation":0,"texture":"#0"},"west":{"uv":[4.25,0.0,5.03125,0.40625],"tintindex":0,"rotation":0,"texture":"#0"},"up":{"uv":[3.53125,2.46875,2.5,1.6875],"tintindex":0,"rotation":0,"texture":"#0"},"down":{"uv":[3.53125,2.46875,2.5,3.25],"tintindex":0,"rotation":0,"texture":"#0"}},"rotation":{"origin":[8.0,27.2355,6.9836836],"angle":-22.5,"axis":"x"}},{"from":[9.574352,11.964285,-6.4612827],"to":[22.798908,20.906605,0.4658661],"faces":{"east":{"uv":[7.65625,5.84375,7.90625,6.15625],"tintindex":0,"rotation":0,"texture":"#0"},"south":{"uv":[6.46875,1.4375,6.9375,1.75],"tintindex":0,"rotation":0,"texture":"#0"},"north":{"uv":[5.375,6.4375,5.84375,6.75],"tintindex":0,"rotation":0,"texture":"#0"},"west":{"uv":[6.09375,7.65625,6.34375,7.96875],"tintindex":0,"rotation":0,"texture":"#0"},"up":{"uv":[7.40625,4.15625,6.9375,3.90625],"tintindex":0,"rotation":0,"texture":"#0"},"down":{"uv":[7.46875,2.4375,7.0,2.6875],"tintindex":0,"rotation":0,"texture":"#0"}},"rotation":{"origin":[8.0,16.750313,6.1335335],"angle":22.5,"axis":"x"}},{"from":[-7.74352,16.876263,-3.816371],"to":[23.743519,25.692635,19.798908],"faces":{"east":{"uv":[4.53125,1.25,5.375,1.5625],"tintindex":0,"rotation":0,"texture":"#0"},"south":{"uv":[4.15625,3.4375,5.28125,3.75],"tintindex":0,"rotation":0,"texture":"#0"},"north":{"uv":[4.15625,3.125,5.28125,3.4375],"tintindex":0,"rotation":0,"texture":"#0"},"west":{"uv":[0.46875,4.625,1.3125,4.9375],"tintindex":0,"rotation":0,"texture":"#0"},"up":{"uv":[3.625,0.84375,2.5,0.0],"tintindex":0,"rotation":0,"texture":"#0"},"down":{"uv":[3.625,0.84375,2.5,1.6875],"tintindex":0,"rotation":0,"texture":"#0"}}}]}