{"textures":{"0":"modelengine:entity/mso_piglin_queen"},"elements":[{"from":[2.9620733,2.0179534,2.9581075],"to":[13.037926,8.315361,11.774479],"faces":{"east":{"uv":[0.46875,4.40625,0.78125,4.625],"tintindex":0,"rotation":0,"texture":"#0"},"south":{"uv":[6.0625,4.78125,6.4375,5.0],"tintindex":0,"rotation":0,"texture":"#0"},"north":{"uv":[5.6875,4.34375,6.0625,4.5625],"tintindex":0,"rotation":0,"texture":"#0"},"west":{"uv":[7.6875,4.3125,8.0,4.53125],"tintindex":0,"rotation":0,"texture":"#0"},"up":{"uv":[7.3125,2.0625,6.9375,1.75],"tintindex":0,"rotation":0,"texture":"#0"},"down":{"uv":[3.75,6.96875,3.375,7.28125],"tintindex":0,"rotation":0,"texture":"#0"}}},{"from":[5.858881,2.1439013,0.43914413],"to":[12.660082,7.9375167,6.8625],"faces":{"east":{"uv":[0.8125,5.96875,1.03125,6.1875],"tintindex":0,"rotation":0,"texture":"#0"},"south":{"uv":[0.375,7.84375,0.625,8.0625],"tintindex":0,"rotation":0,"texture":"#0"},"north":{"uv":[6.21875,1.4375,6.46875,1.65625],"tintindex":0,"rotation":0,"texture":"#0"},"west":{"uv":[4.78125,8.03125,5.0,8.25],"tintindex":0,"rotation":0,"texture":"#0"},"up":{"uv":[1.15625,8.0625,0.90625,7.84375],"tintindex":0,"rotation":0,"texture":"#0"},"down":{"uv":[5.25,7.90625,5.0,8.125],"tintindex":0,"rotation":0,"texture":"#0"}},"rotation":{"origin":[8.0,5.1666574,8.625774],"angle":-22.5,"axis":"y"}},{"from":[3.2769442,0.75847197,10.137153],"to":[12.723057,6.300191,14.41939],"faces":{"east":{"uv":[3.9375,8.21875,4.09375,8.40625],"tintindex":0,"rotation":0,"texture":"#0"},"south":{"uv":[5.21875,7.71875,5.5625,7.90625],"tintindex":0,"rotation":0,"texture":"#0"},"north":{"uv":[5.78125,0.6875,6.125,0.875],"tintindex":0,"rotation":0,"texture":"#0"},"west":{"uv":[8.25,2.4375,8.40625,2.625],"tintindex":0,"rotation":0,"texture":"#0"},"up":{"uv":[7.65625,2.0625,7.3125,1.90625],"tintindex":0,"rotation":0,"texture":"#0"},"down":{"uv":[2.9375,8.03125,2.59375,8.1875],"tintindex":0,"rotation":0,"texture":"#0"}},"rotation":{"origin":[8.0,5.1666574,7.366293],"angle":-22.5,"axis":"x"}},{"from":[11.82313,2.7736425,-4.1159487],"to":[14.719938,6.6780353,0.29223728],"faces":{"east":{"uv":[3.40625,4.84375,3.5625,4.96875],"tintindex":0,"rotation":0,"texture":"#0"},"south":{"uv":[3.375,6.34375,3.46875,6.46875],"tintindex":0,"rotation":0,"texture":"#0"},"north":{"uv":[2.25,4.15625,2.34375,4.28125],"tintindex":0,"rotation":0,"texture":"#0"},"west":{"uv":[3.53125,5.40625,3.6875,5.53125],"tintindex":0,"rotation":0,"texture":"#0"},"up":{"uv":[5.125,7.4375,5.03125,7.28125],"tintindex":0,"rotation":0,"texture":"#0"},"down":{"uv":[7.625,5.0625,7.53125,5.21875],"tintindex":0,"rotation":0,"texture":"#0"}},"rotation":{"origin":[11.067442,5.0407095,4.5115004],"angle":22.5,"axis":"y"}},{"from":[1.2800622,2.7736425,-4.1159487],"to":[4.1768703,6.6780353,0.29223728],"faces":{"east":{"uv":[6.78125,4.03125,6.9375,4.15625],"tintindex":0,"rotation":0,"texture":"#0"},"south":{"uv":[2.6875,6.84375,2.78125,6.96875],"tintindex":0,"rotation":0,"texture":"#0"},"north":{"uv":[6.75,6.09375,6.84375,6.21875],"tintindex":0,"rotation":0,"texture":"#0"},"west":{"uv":[7.03125,5.96875,7.1875,6.09375],"tintindex":0,"rotation":0,"texture":"#0"},"up":{"uv":[1.25,8.0,1.15625,7.84375],"tintindex":0,"rotation":0,"texture":"#0"},"down":{"uv":[0.65625,8.46875,0.5625,8.625],"tintindex":0,"rotation":0,"texture":"#0"}},"rotation":{"origin":[4.932559,5.0407095,4.5115004],"angle":-22.5,"axis":"y"}},{"from":[3.3399181,2.1439013,0.43914413],"to":[10.141119,7.9375167,6.8625],"faces":{"east":{"uv":[8.03125,6.96875,8.25,7.1875],"tintindex":0,"rotation":0,"texture":"#0"},"south":{"uv":[5.5,7.90625,5.75,8.125],"tintindex":0,"rotation":0,"texture":"#0"},"north":{"uv":[5.25,7.90625,5.5,8.125],"tintindex":0,"rotation":0,"texture":"#0"},"west":{"uv":[0.25,8.0625,0.46875,8.28125],"tintindex":0,"rotation":0,"texture":"#0"},"up":{"uv":[6.0,8.125,5.75,7.90625],"tintindex":0,"rotation":0,"texture":"#0"},"down":{"uv":[8.15625,5.84375,7.90625,6.0625],"tintindex":0,"rotation":0,"texture":"#0"}},"rotation":{"origin":[8.0,5.1666574,8.625774],"angle":22.5,"axis":"y"}},{"from":[0.6503215,2.4587717,0.29223728],"to":[4.806611,7.307776,4.700423],"faces":{"east":{"uv":[2.28125,8.21875,2.4375,8.40625],"tintindex":0,"rotation":0,"texture":"#0"},"south":{"uv":[2.4375,8.21875,2.59375,8.40625],"tintindex":0,"rotation":0,"texture":"#0"},"north":{"uv":[2.125,8.21875,2.28125,8.40625],"tintindex":0,"rotation":0,"texture":"#0"},"west":{"uv":[3.375,8.21875,3.53125,8.40625],"tintindex":0,"rotation":0,"texture":"#0"},"up":{"uv":[8.46875,6.5625,8.3125,6.40625],"tintindex":0,"rotation":0,"texture":"#0"},"down":{"uv":[8.46875,7.15625,8.3125,7.3125],"tintindex":0,"rotation":0,"texture":"#0"}},"rotation":{"origin":[4.932559,5.0407095,4.5115004],"angle":-22.5,"axis":"y"}},{"from":[11.19339,2.4587717,0.29223728],"to":[15.349678,7.307776,4.700423],"faces":{"east":{"uv":[6.875,8.1875,7.03125,8.375],"tintindex":0,"rotation":0,"texture":"#0"},"south":{"uv":[8.21875,1.46875,8.375,1.65625],"tintindex":0,"rotation":0,"texture":"#0"},"north":{"uv":[5.6875,6.75,5.84375,6.9375],"tintindex":0,"rotation":0,"texture":"#0"},"west":{"uv":[8.21875,1.65625,8.375,1.84375],"tintindex":0,"rotation":0,"texture":"#0"},"up":{"uv":[5.875,3.71875,5.71875,3.5625],"tintindex":0,"rotation":0,"texture":"#0"},"down":{"uv":[7.65625,7.90625,7.5,8.0625],"tintindex":0,"rotation":0,"texture":"#0"}},"rotation":{"origin":[11.067442,5.0407095,4.5115004],"angle":22.5,"axis":"y"}}]}