{"textures":{"0":"modelengine:entity/mso_piglin_queen"},"elements":[{"from":[2.905397,7.9752693,7.938172],"to":[13.094603,20.02473,16.061829],"faces":{"east":{"uv":[6.9375,3.46875,7.21875,3.90625],"tintindex":0,"rotation":0,"texture":"#0"},"south":{"uv":[6.09375,6.21875,6.46875,6.65625],"tintindex":0,"rotation":0,"texture":"#0"},"north":{"uv":[6.21875,1.0,6.59375,1.4375],"tintindex":0,"rotation":0,"texture":"#0"},"west":{"uv":[6.375,6.9375,6.65625,7.375],"tintindex":0,"rotation":0,"texture":"#0"},"up":{"uv":[4.5,7.40625,4.125,7.125],"tintindex":0,"rotation":0,"texture":"#0"},"down":{"uv":[1.78125,7.15625,1.40625,7.4375],"tintindex":0,"rotation":0,"texture":"#0"}}}]}