{"textures":{"0":"modelengine:entity/mso_piglin_queen"},"elements":[{"from":[5.9008636,-2.9426994,-4.5679846],"to":[11.568531,9.652115,2.3591642],"faces":{"east":{"uv":[1.4375,6.625,1.5625,6.84375],"tintindex":0,"rotation":0,"texture":"#0"},"south":{"uv":[2.78125,6.40625,2.875,6.625],"tintindex":0,"rotation":0,"texture":"#0"},"north":{"uv":[1.71875,5.6875,1.8125,5.90625],"tintindex":0,"rotation":0,"texture":"#0"},"west":{"uv":[6.25,7.125,6.375,7.34375],"tintindex":0,"rotation":0,"texture":"#0"},"up":{"uv":[3.84375,8.59375,3.75,8.46875],"tintindex":0,"rotation":0,"texture":"#0"},"down":{"uv":[5.5,8.46875,5.40625,8.59375],"tintindex":0,"rotation":0,"texture":"#0"}},"rotation":{"origin":[8.734695,3.3547096,-2.0490217],"angle":45.0,"axis":"x"}},{"from":[10.938789,-3.5724392,-3.3085032],"to":[12.198269,2.0952263,1.0996828],"faces":{"east":{"uv":[1.3125,8.21875,1.40625,8.3125],"tintindex":0,"rotation":0,"texture":"#0"},"south":{"uv":[3.6875,5.40625,3.71875,5.5],"tintindex":0,"rotation":0,"texture":"#0"},"north":{"uv":[3.125,5.25,3.15625,5.34375],"tintindex":0,"rotation":0,"texture":"#0"},"west":{"uv":[4.03125,8.5,4.125,8.59375],"tintindex":0,"rotation":0,"texture":"#0"},"up":{"uv":[0.40625,6.1875,0.375,6.09375],"tintindex":0,"rotation":0,"texture":"#0"},"down":{"uv":[4.84375,6.125,4.8125,6.21875],"tintindex":0,"rotation":0,"texture":"#0"}},"rotation":{"origin":[8.734695,3.3547096,-2.0490217],"angle":45.0,"axis":"x"}},{"from":[-6.064213,-7.980626,0.4699421],"to":[13.457752,9.022375,16.843203],"faces":{"east":{"uv":[4.84375,5.53125,5.125,5.84375],"tintindex":0,"rotation":0,"texture":"#0"},"south":{"uv":[6.03125,7.0,5.6875,7.3125],"tintindex":0,"rotation":0,"texture":"#0"},"north":{"uv":[5.6875,7.0,6.03125,7.3125],"tintindex":0,"rotation":0,"texture":"#0"},"west":{"uv":[7.40625,4.125,7.6875,4.4375],"tintindex":0,"rotation":0,"texture":"#0"},"up":{"uv":[6.0,7.59375,5.65625,7.3125],"tintindex":0,"rotation":0,"texture":"#0"},"down":{"uv":[7.65625,6.40625,7.3125,6.6875],"tintindex":0,"rotation":0,"texture":"#0"}}}]}