{"textures":{"0":"modelengine:entity/mso_piglin_queen"},"elements":[{"from":[1.2800617,2.7736425,-4.1159487],"to":[4.1768703,6.6780353,0.29223728],"faces":{"east":{"uv":[3.6875,5.40625,3.53125,5.53125],"tintindex":0,"rotation":0,"texture":"#0"},"south":{"uv":[3.46875,6.34375,3.375,6.46875],"tintindex":0,"rotation":0,"texture":"#0"},"north":{"uv":[2.34375,4.15625,2.25,4.28125],"tintindex":0,"rotation":0,"texture":"#0"},"west":{"uv":[3.5625,4.84375,3.40625,4.96875],"tintindex":0,"rotation":0,"texture":"#0"},"up":{"uv":[5.03125,7.4375,5.125,7.28125],"tintindex":0,"rotation":0,"texture":"#0"},"down":{"uv":[7.53125,5.0625,7.625,5.21875],"tintindex":0,"rotation":0,"texture":"#0"}},"rotation":{"origin":[4.932558,5.0407095,4.5115004],"angle":-22.5,"axis":"y"}},{"from":[3.2769432,0.75847197,10.137153],"to":[12.723056,6.300191,14.41939],"faces":{"east":{"uv":[8.40625,2.4375,8.25,2.625],"tintindex":0,"rotation":0,"texture":"#0"},"south":{"uv":[5.5625,7.71875,5.21875,7.90625],"tintindex":0,"rotation":0,"texture":"#0"},"north":{"uv":[6.125,0.6875,5.78125,0.875],"tintindex":0,"rotation":0,"texture":"#0"},"west":{"uv":[4.09375,8.21875,3.9375,8.40625],"tintindex":0,"rotation":0,"texture":"#0"},"up":{"uv":[7.3125,2.0625,7.65625,1.90625],"tintindex":0,"rotation":0,"texture":"#0"},"down":{"uv":[2.59375,8.03125,2.9375,8.1875],"tintindex":0,"rotation":0,"texture":"#0"}},"rotation":{"origin":[8.0,5.1666574,7.366293],"angle":-22.5,"axis":"x"}},{"from":[3.3399181,2.1439013,0.43914413],"to":[10.141119,7.9375167,6.8625],"faces":{"east":{"uv":[5.0,8.03125,4.78125,8.25],"tintindex":0,"rotation":0,"texture":"#0"},"south":{"uv":[0.625,7.84375,0.375,8.0625],"tintindex":0,"rotation":0,"texture":"#0"},"north":{"uv":[6.46875,1.4375,6.21875,1.65625],"tintindex":0,"rotation":0,"texture":"#0"},"west":{"uv":[1.03125,5.96875,0.8125,6.1875],"tintindex":0,"rotation":0,"texture":"#0"},"up":{"uv":[0.90625,8.0625,1.15625,7.84375],"tintindex":0,"rotation":0,"texture":"#0"},"down":{"uv":[5.0,7.90625,5.25,8.125],"tintindex":0,"rotation":0,"texture":"#0"}},"rotation":{"origin":[8.0,5.1666574,8.625774],"angle":22.5,"axis":"y"}},{"from":[2.9620743,2.0179534,2.9581075],"to":[13.037927,8.315361,11.774479],"faces":{"east":{"uv":[8.0,4.3125,7.6875,4.53125],"tintindex":0,"rotation":0,"texture":"#0"},"south":{"uv":[6.4375,4.78125,6.0625,5.0],"tintindex":0,"rotation":0,"texture":"#0"},"north":{"uv":[6.0625,4.34375,5.6875,4.5625],"tintindex":0,"rotation":0,"texture":"#0"},"west":{"uv":[0.78125,4.40625,0.46875,4.625],"tintindex":0,"rotation":0,"texture":"#0"},"up":{"uv":[6.9375,2.0625,7.3125,1.75],"tintindex":0,"rotation":0,"texture":"#0"},"down":{"uv":[3.375,6.96875,3.75,7.28125],"tintindex":0,"rotation":0,"texture":"#0"}}},{"from":[0.65032196,2.4587717,0.29223728],"to":[4.80661,7.307776,4.700423],"faces":{"east":{"uv":[8.375,1.65625,8.21875,1.84375],"tintindex":0,"rotation":0,"texture":"#0"},"south":{"uv":[8.375,1.46875,8.21875,1.65625],"tintindex":0,"rotation":0,"texture":"#0"},"north":{"uv":[5.84375,6.75,5.6875,6.9375],"tintindex":0,"rotation":0,"texture":"#0"},"west":{"uv":[7.03125,8.1875,6.875,8.375],"tintindex":0,"rotation":0,"texture":"#0"},"up":{"uv":[5.71875,3.71875,5.875,3.5625],"tintindex":0,"rotation":0,"texture":"#0"},"down":{"uv":[7.5,7.90625,7.65625,8.0625],"tintindex":0,"rotation":0,"texture":"#0"}},"rotation":{"origin":[4.932558,5.0407095,4.5115004],"angle":-22.5,"axis":"y"}},{"from":[11.193389,2.4587717,0.29223728],"to":[15.349678,7.307776,4.700423],"faces":{"east":{"uv":[3.53125,8.21875,3.375,8.40625],"tintindex":0,"rotation":0,"texture":"#0"},"south":{"uv":[2.59375,8.21875,2.4375,8.40625],"tintindex":0,"rotation":0,"texture":"#0"},"north":{"uv":[2.28125,8.21875,2.125,8.40625],"tintindex":0,"rotation":0,"texture":"#0"},"west":{"uv":[2.4375,8.21875,2.28125,8.40625],"tintindex":0,"rotation":0,"texture":"#0"},"up":{"uv":[8.3125,6.5625,8.46875,6.40625],"tintindex":0,"rotation":0,"texture":"#0"},"down":{"uv":[8.3125,7.15625,8.46875,7.3125],"tintindex":0,"rotation":0,"texture":"#0"}},"rotation":{"origin":[11.067441,5.0407095,4.5115004],"angle":22.5,"axis":"y"}},{"from":[5.858881,2.1439013,0.43914413],"to":[12.660082,7.9375167,6.8625],"faces":{"east":{"uv":[0.46875,8.0625,0.25,8.28125],"tintindex":0,"rotation":0,"texture":"#0"},"south":{"uv":[5.75,7.90625,5.5,8.125],"tintindex":0,"rotation":0,"texture":"#0"},"north":{"uv":[5.5,7.90625,5.25,8.125],"tintindex":0,"rotation":0,"texture":"#0"},"west":{"uv":[8.25,6.96875,8.03125,7.1875],"tintindex":0,"rotation":0,"texture":"#0"},"up":{"uv":[5.75,8.125,6.0,7.90625],"tintindex":0,"rotation":0,"texture":"#0"},"down":{"uv":[7.90625,5.84375,8.15625,6.0625],"tintindex":0,"rotation":0,"texture":"#0"}},"rotation":{"origin":[8.0,5.1666574,8.625774],"angle":-22.5,"axis":"y"}},{"from":[11.82313,2.7736425,-4.1159487],"to":[14.719938,6.6780353,0.29223728],"faces":{"east":{"uv":[7.1875,5.96875,7.03125,6.09375],"tintindex":0,"rotation":0,"texture":"#0"},"south":{"uv":[2.78125,6.84375,2.6875,6.96875],"tintindex":0,"rotation":0,"texture":"#0"},"north":{"uv":[6.84375,6.09375,6.75,6.21875],"tintindex":0,"rotation":0,"texture":"#0"},"west":{"uv":[6.9375,4.03125,6.78125,4.15625],"tintindex":0,"rotation":0,"texture":"#0"},"up":{"uv":[1.15625,8.0,1.25,7.84375],"tintindex":0,"rotation":0,"texture":"#0"},"down":{"uv":[0.5625,8.46875,0.65625,8.625],"tintindex":0,"rotation":0,"texture":"#0"}},"rotation":{"origin":[11.067441,5.0407095,4.5115004],"angle":22.5,"axis":"y"}}]}