{"textures":{"0":"modelengine:entity/mso_piglin_queen"},"elements":[{"from":[-10.262484,-5.8914204,0.92374706],"to":[26.262484,-0.85349464,7.536025],"faces":{"east":{"uv":[6.1875,4.15625,6.4375,4.34375],"tintindex":0,"rotation":0,"texture":"#0"},"south":{"uv":[4.8125,1.0625,6.125,1.25],"tintindex":0,"rotation":0,"texture":"#0"},"north":{"uv":[4.8125,0.875,6.125,1.0625],"tintindex":0,"rotation":0,"texture":"#0"},"west":{"uv":[6.59375,2.0625,6.84375,2.25],"tintindex":0,"rotation":0,"texture":"#0"},"up":{"uv":[5.46875,4.0,4.15625,3.75],"tintindex":0,"rotation":0,"texture":"#0"},"down":{"uv":[5.46875,4.0,4.15625,4.25],"tintindex":0,"rotation":0,"texture":"#0"}}},{"from":[9.574352,-6.206291,-0.33573437],"to":[16.501501,-0.5386238,5.961673],"faces":{"east":{"uv":[8.0625,4.09375,8.28125,4.3125],"tintindex":0,"rotation":0,"texture":"#0"},"south":{"uv":[6.0,7.96875,6.25,8.1875],"tintindex":0,"rotation":0,"texture":"#0"},"north":{"uv":[4.1875,7.96875,4.4375,8.1875],"tintindex":0,"rotation":0,"texture":"#0"},"west":{"uv":[8.0625,5.03125,8.28125,5.25],"tintindex":0,"rotation":0,"texture":"#0"},"up":{"uv":[6.5,8.1875,6.25,7.96875],"tintindex":0,"rotation":0,"texture":"#0"},"down":{"uv":[7.03125,7.96875,6.78125,8.1875],"tintindex":0,"rotation":0,"texture":"#0"}},"rotation":{"origin":[12.723056,-3.215023,2.9704046],"angle":22.5,"axis":"y"}},{"from":[4.851296,-6.521162,-0.33573437],"to":[11.148705,0.09111595,6.2765436],"faces":{"east":{"uv":[1.25,7.75,1.5,8.0],"tintindex":0,"rotation":0,"texture":"#0"},"south":{"uv":[2.15625,7.96875,2.375,8.21875],"tintindex":0,"rotation":0,"texture":"#0"},"north":{"uv":[2.65625,6.15625,2.875,6.40625],"tintindex":0,"rotation":0,"texture":"#0"},"west":{"uv":[2.65625,7.78125,2.90625,8.03125],"tintindex":0,"rotation":0,"texture":"#0"},"up":{"uv":[2.59375,8.21875,2.375,7.96875],"tintindex":0,"rotation":0,"texture":"#0"},"down":{"uv":[4.1875,7.96875,3.96875,8.21875],"tintindex":0,"rotation":0,"texture":"#0"}}},{"from":[-8.05839,-13.952103,4.7021914],"to":[24.05839,2.043312,11.62934],"faces":{"east":{"uv":[5.84375,6.4375,6.09375,7.0],"tintindex":0,"rotation":0,"texture":"#0"},"south":{"uv":[1.1875,3.3125,2.34375,3.875],"tintindex":0,"rotation":0,"texture":"#0"},"north":{"uv":[2.375,3.25,3.53125,3.8125],"tintindex":0,"rotation":0,"texture":"#0"},"west":{"uv":[4.125,6.46875,4.375,7.03125],"tintindex":0,"rotation":0,"texture":"#0"},"up":{"uv":[5.59375,1.90625,4.4375,1.65625],"tintindex":0,"rotation":0,"texture":"#0"},"down":{"uv":[5.59375,1.90625,4.4375,2.15625],"tintindex":0,"rotation":0,"texture":"#0"}},"rotation":{"origin":[8.0,-2.112976,17.297009],"angle":22.5,"axis":"x"}},{"from":[-0.5015011,-6.206291,-0.33573437],"to":[6.4256477,-0.5386238,5.961673],"faces":{"east":{"uv":[8.0625,5.25,8.28125,5.46875],"tintindex":0,"rotation":0,"texture":"#0"},"south":{"uv":[1.15625,8.0,1.40625,8.21875],"tintindex":0,"rotation":0,"texture":"#0"},"north":{"uv":[0.0,8.0,0.25,8.21875],"tintindex":0,"rotation":0,"texture":"#0"},"west":{"uv":[8.0625,6.59375,8.28125,6.8125],"tintindex":0,"rotation":0,"texture":"#0"},"up":{"uv":[8.25,2.65625,8.0,2.4375],"tintindex":0,"rotation":0,"texture":"#0"},"down":{"uv":[3.65625,8.0,3.40625,8.21875],"tintindex":0,"rotation":0,"texture":"#0"}},"rotation":{"origin":[3.2769442,-3.215023,2.9704046],"angle":-22.5,"axis":"y"}}]}