{"textures":{"0":"modelengine:entity/mso_piglin_queen"},"elements":[{"from":[6.977066,6.743197,24.65578],"to":[9.023724,8.63242,26.545002],"faces":{"east":{"uv":[6.8125,1.3125,6.9375,1.4375],"tintindex":0,"rotation":0,"texture":"#0"},"south":{"uv":[8.40625,3.625,8.5625,3.75],"tintindex":0,"rotation":0,"texture":"#0"},"north":{"uv":[8.375,1.71875,8.53125,1.84375],"tintindex":0,"rotation":0,"texture":"#0"},"west":{"uv":[4.0,7.28125,4.125,7.40625],"tintindex":0,"rotation":0,"texture":"#0"},"up":{"uv":[8.5625,4.84375,8.40625,4.71875],"tintindex":0,"rotation":0,"texture":"#0"},"down":{"uv":[5.15625,8.40625,5.0,8.53125],"tintindex":0,"rotation":0,"texture":"#0"}},"rotation":{"origin":[8.000395,7.923961,25.836544],"angle":45.0,"axis":"x"}},{"from":[7.1321306,7.0265803,3.6539245],"to":[8.863918,8.758368,25.379982],"faces":{"east":{"uv":[5.28125,3.03125,6.84375,3.15625],"tintindex":0,"rotation":0,"texture":"#0"},"south":{"uv":[3.0,6.625,3.125,6.75],"tintindex":0,"rotation":0,"texture":"#0"},"north":{"uv":[2.375,3.125,2.5,3.25],"tintindex":0,"rotation":0,"texture":"#0"},"west":{"uv":[5.28125,3.15625,6.84375,3.28125],"tintindex":0,"rotation":0,"texture":"#0"},"up":{"uv":[3.0,6.625,2.875,5.0625],"tintindex":0,"rotation":0,"texture":"#0"},"down":{"uv":[3.125,5.0625,3.0,6.625],"tintindex":0,"rotation":0,"texture":"#0"}}},{"from":[7.1345015,6.617249,25.852287],"to":[8.866288,8.506472,27.111769],"faces":{"east":{"uv":[8.46875,5.71875,8.5625,5.84375],"tintindex":0,"rotation":0,"texture":"#0"},"south":{"uv":[7.03125,8.4375,7.15625,8.5625],"tintindex":0,"rotation":0,"texture":"#0"},"north":{"uv":[8.4375,5.84375,8.5625,5.96875],"tintindex":0,"rotation":0,"texture":"#0"},"west":{"uv":[8.46875,6.40625,8.5625,6.53125],"tintindex":0,"rotation":0,"texture":"#0"},"up":{"uv":[6.625,8.5625,6.5,8.46875],"tintindex":0,"rotation":0,"texture":"#0"},"down":{"uv":[6.75,8.46875,6.625,8.5625],"tintindex":0,"rotation":0,"texture":"#0"}},"rotation":{"origin":[8.000395,7.3257074,27.284948],"angle":-45.0,"axis":"x"}},{"from":[7.1345015,7.3729377,25.852287],"to":[8.866288,9.26216,27.111769],"faces":{"east":{"uv":[5.5,8.46875,5.59375,8.59375],"tintindex":0,"rotation":0,"texture":"#0"},"south":{"uv":[8.4375,4.28125,8.5625,4.40625],"tintindex":0,"rotation":0,"texture":"#0"},"north":{"uv":[7.53125,3.5625,7.65625,3.6875],"tintindex":0,"rotation":0,"texture":"#0"},"west":{"uv":[8.46875,5.59375,8.5625,5.71875],"tintindex":0,"rotation":0,"texture":"#0"},"up":{"uv":[2.21875,7.84375,2.09375,7.75],"tintindex":0,"rotation":0,"texture":"#0"},"down":{"uv":[1.53125,8.0,1.40625,8.09375],"tintindex":0,"rotation":0,"texture":"#0"}},"rotation":{"origin":[8.000395,8.553701,27.284948],"angle":45.0,"axis":"x"}},{"from":[7.291937,7.498886,27.111769],"to":[8.708854,9.702978,28.37125],"faces":{"east":{"uv":[8.46875,1.5625,8.5625,1.71875],"tintindex":0,"rotation":0,"texture":"#0"},"south":{"uv":[1.625,8.46875,1.71875,8.625],"tintindex":0,"rotation":0,"texture":"#0"},"north":{"uv":[1.03125,8.46875,1.125,8.625],"tintindex":0,"rotation":0,"texture":"#0"},"west":{"uv":[8.46875,2.03125,8.5625,2.1875],"tintindex":0,"rotation":0,"texture":"#0"},"up":{"uv":[8.59375,4.65625,8.5,4.5625],"tintindex":0,"rotation":0,"texture":"#0"},"down":{"uv":[8.59375,5.40625,8.5,5.5],"tintindex":0,"rotation":0,"texture":"#0"}},"rotation":{"origin":[8.000395,8.553701,26.938591],"angle":-45.0,"axis":"x"}},{"from":[7.291937,6.144943,27.125084],"to":[8.708854,9.626691,28.37125],"faces":{"east":{"uv":[6.84375,3.03125,6.9375,3.28125],"tintindex":0,"rotation":0,"texture":"#0"},"south":{"uv":[7.4375,3.125,7.53125,3.375],"tintindex":0,"rotation":0,"texture":"#0"},"north":{"uv":[6.125,1.0,6.21875,1.25],"tintindex":0,"rotation":0,"texture":"#0"},"west":{"uv":[3.0,8.34375,3.09375,8.59375],"tintindex":0,"rotation":0,"texture":"#0"},"up":{"uv":[8.59375,5.59375,8.5,5.5],"tintindex":0,"rotation":0,"texture":"#0"},"down":{"uv":[5.6875,8.5,5.59375,8.59375],"tintindex":0,"rotation":0,"texture":"#0"}},"rotation":{"origin":[8.000395,7.3257074,26.938591],"angle":45.0,"axis":"x"}}]}