{"textures":{"0":"modelengine:entity/mso_piglin_queen"},"elements":[{"from":[14.297408,-5.8717594,5.795906],"to":[19.965076,9.871759,10.204092],"faces":{"east":{"uv":[4.90625,8.25,5.0,8.53125],"tintindex":0,"rotation":0,"texture":"#0"},"south":{"uv":[1.78125,8.28125,1.875,8.5625],"tintindex":0,"rotation":0,"texture":"#0"},"north":{"uv":[4.09375,8.21875,4.1875,8.5],"tintindex":0,"rotation":0,"texture":"#0"},"west":{"uv":[7.84375,8.28125,7.9375,8.5625],"tintindex":0,"rotation":0,"texture":"#0"},"up":{"uv":[4.03125,5.0625,3.9375,4.96875],"tintindex":0,"rotation":0,"texture":"#0"},"down":{"uv":[6.78125,5.28125,6.6875,5.375],"tintindex":0,"rotation":0,"texture":"#0"}}},{"from":[-3.9650755,-5.8717594,5.795906],"to":[1.7025919,9.871759,10.204092],"faces":{"east":{"uv":[1.875,8.34375,1.96875,8.625],"tintindex":0,"rotation":0,"texture":"#0"},"south":{"uv":[1.96875,8.34375,2.0625,8.625],"tintindex":0,"rotation":0,"texture":"#0"},"north":{"uv":[1.53125,8.3125,1.625,8.59375],"tintindex":0,"rotation":0,"texture":"#0"},"west":{"uv":[2.59375,8.34375,2.6875,8.625],"tintindex":0,"rotation":0,"texture":"#0"},"up":{"uv":[6.875,0.5625,6.78125,0.46875],"tintindex":0,"rotation":0,"texture":"#0"},"down":{"uv":[6.96875,0.84375,6.875,0.9375],"tintindex":0,"rotation":0,"texture":"#0"}}}]}