{"textures":{"0":"modelengine:entity/mso_piglin_queen"},"elements":[{"from":[-0.8163719,-11.977228,5.0498443],"to":[16.816372,17.242746,23.312328],"faces":{"east":{"uv":[5.875,3.8125,6.1875,4.34375],"tintindex":0,"rotation":0,"texture":"#0"},"south":{"uv":[1.71875,5.90625,2.03125,6.4375],"tintindex":0,"rotation":0,"texture":"#0"},"north":{"uv":[5.875,3.28125,6.1875,3.8125],"tintindex":0,"rotation":0,"texture":"#0"},"west":{"uv":[4.84375,5.90625,5.15625,6.4375],"tintindex":0,"rotation":0,"texture":"#0"},"up":{"uv":[7.53125,3.6875,7.21875,3.375],"tintindex":0,"rotation":0,"texture":"#0"},"down":{"uv":[7.53125,4.90625,7.21875,5.21875],"tintindex":0,"rotation":0,"texture":"#0"}},"rotation":{"origin":[8.0,-5.67982,14.181087],"angle":-22.5,"axis":"x"}}]}