{"textures":{"0":"modelengine:entity/mso_piglin_queen"},"elements":[{"from":[1.1232305,2.7640839,0.6069908],"to":[14.87677,11.114441,7.8767185],"faces":{"east":{"uv":[8.40625,6.78125,8.53125,6.9375],"tintindex":0,"rotation":0,"texture":"#0"},"south":{"uv":[2.84375,8.1875,3.09375,8.34375],"tintindex":0,"rotation":0,"texture":"#0"},"north":{"uv":[2.59375,8.1875,2.84375,8.34375],"tintindex":0,"rotation":0,"texture":"#0"},"west":{"uv":[8.40625,6.9375,8.53125,7.09375],"tintindex":0,"rotation":0,"texture":"#0"},"up":{"uv":[3.40625,4.96875,3.15625,4.84375],"tintindex":0,"rotation":0,"texture":"#0"},"down":{"uv":[3.375,6.34375,3.125,6.46875],"tintindex":0,"rotation":0,"texture":"#0"}},"rotation":{"origin":[8.0,5.5639114,7.287281],"angle":22.5,"axis":"x"}}]}