{"textures":{"0":"modelengine:entity/mso_piglin_queen"},"elements":[{"from":[-2.705594,-3.2939034,5.1661644],"to":[5.481037,12.4496155,10.833832],"faces":{"east":{"uv":[0.28125,6.90625,0.375,7.1875],"tintindex":0,"rotation":0,"texture":"#0"},"south":{"uv":[5.3125,8.125,5.46875,8.40625],"tintindex":0,"rotation":0,"texture":"#0"},"north":{"uv":[5.15625,8.125,5.3125,8.40625],"tintindex":0,"rotation":0,"texture":"#0"},"west":{"uv":[1.78125,7.15625,1.875,7.4375],"tintindex":0,"rotation":0,"texture":"#0"},"up":{"uv":[2.0625,7.96875,1.90625,7.875],"tintindex":0,"rotation":0,"texture":"#0"},"down":{"uv":[8.625,1.46875,8.46875,1.5625],"tintindex":0,"rotation":0,"texture":"#0"}},"rotation":{"origin":[0.12824011,3.3183746,8.0],"angle":-22.5,"axis":"z"}},{"from":[10.518963,-3.2939034,5.1661644],"to":[18.705593,12.4496155,10.833832],"faces":{"east":{"uv":[2.25,3.875,2.34375,4.15625],"tintindex":0,"rotation":0,"texture":"#0"},"south":{"uv":[5.0,8.125,5.15625,8.40625],"tintindex":0,"rotation":0,"texture":"#0"},"north":{"uv":[5.71875,3.28125,5.875,3.5625],"tintindex":0,"rotation":0,"texture":"#0"},"west":{"uv":[6.375,6.65625,6.46875,6.9375],"tintindex":0,"rotation":0,"texture":"#0"},"up":{"uv":[7.0,2.53125,6.84375,2.4375],"tintindex":0,"rotation":0,"texture":"#0"},"down":{"uv":[7.21875,0.375,7.0625,0.46875],"tintindex":0,"rotation":0,"texture":"#0"}},"rotation":{"origin":[15.871759,3.3183746,8.0],"angle":22.5,"axis":"z"}}]}