{"textures":{"0":"modelengine:entity/mso_piglin_queen"},"elements":[{"from":[8.0,5.344452,5.846116],"to":[8.0,19.687428,22.153885],"faces":{"east":{"uv":[1.6875,4.28125,2.28125,4.78125],"tintindex":0,"rotation":0,"texture":"#0"},"west":{"uv":[2.96875,4.34375,3.5625,4.84375],"tintindex":0,"rotation":0,"texture":"#0"}}},{"from":[5.83873,6.9162827,5.846116],"to":[5.83873,19.687428,22.153885],"faces":{"east":{"uv":[4.625,4.59375,4.03125,5.0625],"tintindex":0,"rotation":0,"texture":"#0"},"west":{"uv":[4.03125,4.59375,4.625,5.0625],"tintindex":0,"rotation":0,"texture":"#0"}},"rotation":{"origin":[5.83873,12.515942,14.0],"angle":22.5,"axis":"z"}},{"from":[10.16127,6.9162827,5.846116],"to":[10.16127,19.687428,22.153885],"faces":{"east":{"uv":[2.28125,4.40625,2.875,4.875],"tintindex":0,"rotation":0,"texture":"#0"},"west":{"uv":[2.875,4.40625,2.28125,4.875],"tintindex":0,"rotation":0,"texture":"#0"}},"rotation":{"origin":[10.16127,12.515942,14.0],"angle":-22.5,"axis":"z"}}]}