{"textures":{"0":"modelengine:entity/mso_piglin_queen"},"elements":[{"from":[-8.688131,-5.539467,7.2330103],"to":[24.688131,3.276905,7.2330103],"faces":{"south":{"uv":[4.8125,0.625,3.625,0.9375],"tintindex":0,"rotation":0,"texture":"#0"},"north":{"uv":[3.625,0.625,4.8125,0.9375],"tintindex":0,"rotation":0,"texture":"#0"}},"rotation":{"origin":[8.0,3.276905,19.764853],"angle":22.5,"axis":"x"}}]}