{"textures":{"0":"modelengine:entity/mso_piglin_queen"},"elements":[{"from":[-0.5334015,6.9055862,3.0880222],"to":[14.202534,9.558052,12.911979],"faces":{"east":{"uv":[8.65625,8.40625,8.46875,8.46875],"tintindex":0,"rotation":0,"texture":"#0"},"south":{"uv":[0.5625,8.46875,0.3125,8.53125],"tintindex":0,"rotation":0,"texture":"#0"},"north":{"uv":[8.6875,8.1875,8.4375,8.25],"tintindex":0,"rotation":0,"texture":"#0"},"west":{"uv":[8.65625,8.34375,8.46875,8.40625],"tintindex":0,"rotation":0,"texture":"#0"},"up":{"uv":[8.09375,8.09375,8.34375,7.90625],"tintindex":0,"rotation":0,"texture":"#0"},"down":{"uv":[8.09375,8.09375,8.34375,8.28125],"tintindex":0,"rotation":0,"texture":"#0"}},"rotation":{"origin":[6.8345656,5.1863937,6.2316875],"angle":-22.5,"axis":"z"}}]}