{"textures":{"0":"modelengine:entity/mso_piglin_queen"},"elements":[{"from":[-8.3732605,-10.594994,-2.7019453],"to":[24.37326,7.0377502,22.487686],"faces":{"east":{"uv":[0.0,3.375,0.90625,4.0],"tintindex":0,"rotation":0,"texture":"#0"},"south":{"uv":[0.0,2.75,1.1875,3.375],"tintindex":0,"rotation":0,"texture":"#0"},"north":{"uv":[1.1875,2.6875,2.375,3.3125],"tintindex":0,"rotation":0,"texture":"#0"},"west":{"uv":[3.53125,1.6875,4.4375,2.3125],"tintindex":0,"rotation":0,"texture":"#0"},"up":{"uv":[2.5,0.90625,1.3125,0.0],"tintindex":0,"rotation":0,"texture":"#0"},"down":{"uv":[2.5,0.90625,1.3125,1.8125],"tintindex":0,"rotation":0,"texture":"#0"}}},{"from":[6.4256477,1.8738747,-3.8354788],"to":[9.574352,10.438351,2.8397737],"faces":{"east":{"uv":[6.78125,7.65625,7.03125,7.96875],"tintindex":0,"rotation":0,"texture":"#0"},"south":{"uv":[2.09375,7.4375,2.21875,7.75],"tintindex":0,"rotation":0,"texture":"#0"},"north":{"uv":[1.1875,2.3125,1.3125,2.625],"tintindex":0,"rotation":0,"texture":"#0"},"west":{"uv":[7.65625,7.34375,7.90625,7.65625],"tintindex":0,"rotation":0,"texture":"#0"},"up":{"uv":[4.15625,4.59375,4.03125,4.34375],"tintindex":0,"rotation":0,"texture":"#0"},"down":{"uv":[1.6875,6.1875,1.5625,6.4375],"tintindex":0,"rotation":0,"texture":"#0"}},"rotation":{"origin":[11.778444,6.2820587,8.507441],"angle":22.5,"axis":"x"}}]}