{"textures":{"0":"modelengine:entity/mso_piglin_queen"},"elements":[{"from":[-6.924857,7.483589,-2.297636],"to":[-3.2723598,14.725609,2.322143],"faces":{"east":{"uv":[8.5,0.0,8.59375,0.125],"tintindex":0,"rotation":0,"texture":"#0"},"south":{"uv":[1.875,7.0,1.9375,7.125],"tintindex":0,"rotation":0,"texture":"#0"},"north":{"uv":[5.34375,6.96875,5.40625,7.09375],"tintindex":0,"rotation":0,"texture":"#0"},"west":{"uv":[8.5,2.25,8.59375,2.375],"tintindex":0,"rotation":0,"texture":"#0"},"up":{"uv":[4.09375,8.5,4.03125,8.40625],"tintindex":0,"rotation":0,"texture":"#0"},"down":{"uv":[7.84375,8.40625,7.78125,8.5],"tintindex":0,"rotation":0,"texture":"#0"}}},{"from":[-9.933121,6.1510544,-2.6912174],"to":[-5.0123415,10.080635,9.347532],"faces":{"east":{"uv":[8.46875,3.1875,8.6875,3.25],"tintindex":0,"rotation":0,"texture":"#0"},"south":{"uv":[2.3125,6.78125,2.40625,6.84375],"tintindex":0,"rotation":0,"texture":"#0"},"north":{"uv":[6.5,0.9375,6.59375,1.0],"tintindex":0,"rotation":0,"texture":"#0"},"west":{"uv":[8.46875,3.25,8.6875,3.3125],"tintindex":0,"rotation":0,"texture":"#0"},"up":{"uv":[8.46875,8.5625,8.375,8.34375],"tintindex":0,"rotation":0,"texture":"#0"},"down":{"uv":[0.09375,8.40625,0.0,8.625],"tintindex":0,"rotation":0,"texture":"#0"}}},{"from":[19.146412,13.906944,-1.6678944],"to":[21.791325,17.622414,1.6924024],"faces":{"east":{"uv":[8.53125,6.90625,8.59375,6.96875],"tintindex":0,"rotation":0,"texture":"#0"},"south":{"uv":[8.53125,6.96875,8.59375,7.03125],"tintindex":0,"rotation":0,"texture":"#0"},"north":{"uv":[8.53125,6.84375,8.59375,6.90625],"tintindex":0,"rotation":0,"texture":"#0"},"west":{"uv":[8.53125,7.03125,8.59375,7.09375],"tintindex":0,"rotation":0,"texture":"#0"},"up":{"uv":[8.59375,7.625,8.53125,7.5625],"tintindex":0,"rotation":0,"texture":"#0"},"down":{"uv":[8.59375,8.25,8.53125,8.3125],"tintindex":0,"rotation":0,"texture":"#0"}},"rotation":{"origin":[20.342918,16.26847,0.012254238],"angle":22.5,"axis":"z"}},{"from":[-9.191923,-2.5922623,-6.0760803],"to":[25.191923,9.687683,9.249292],"faces":{"east":{"uv":[3.40625,7.78125,3.6875,8.0],"tintindex":0,"rotation":0,"texture":"#0"},"south":{"uv":[6.78125,5.5,7.40625,5.71875],"tintindex":0,"rotation":0,"texture":"#0"},"north":{"uv":[6.78125,5.28125,7.40625,5.5],"tintindex":0,"rotation":0,"texture":"#0"},"west":{"uv":[3.6875,7.78125,3.96875,8.0],"tintindex":0,"rotation":0,"texture":"#0"},"up":{"uv":[6.28125,2.53125,5.65625,2.25],"tintindex":0,"rotation":0,"texture":"#0"},"down":{"uv":[1.03125,5.6875,0.40625,5.96875],"tintindex":0,"rotation":0,"texture":"#0"}}},{"from":[-9.933121,6.1510544,-6.6208],"to":[25.93312,10.080635,-2.4412174],"faces":{"east":{"uv":[5.40625,8.40625,5.46875,8.46875],"tintindex":0,"rotation":0,"texture":"#0"},"south":{"uv":[7.9375,1.0,8.5625,1.0625],"tintindex":0,"rotation":0,"texture":"#0"},"north":{"uv":[7.90625,7.5625,8.53125,7.625],"tintindex":0,"rotation":0,"texture":"#0"},"west":{"uv":[8.5,4.65625,8.5625,4.71875],"tintindex":0,"rotation":0,"texture":"#0"},"up":{"uv":[8.5625,3.84375,7.9375,3.78125],"tintindex":0,"rotation":0,"texture":"#0"},"down":{"uv":[8.625,4.4375,8.0,4.5],"tintindex":0,"rotation":0,"texture":"#0"}}},{"from":[-5.7913237,13.906944,-1.6678944],"to":[-3.146412,17.622414,1.6924024],"faces":{"east":{"uv":[8.5625,1.5625,8.625,1.625],"tintindex":0,"rotation":0,"texture":"#0"},"south":{"uv":[8.5625,1.625,8.625,1.6875],"tintindex":0,"rotation":0,"texture":"#0"},"north":{"uv":[8.5625,1.0,8.625,1.0625],"tintindex":0,"rotation":0,"texture":"#0"},"west":{"uv":[1.71875,8.5625,1.78125,8.625],"tintindex":0,"rotation":0,"texture":"#0"},"up":{"uv":[1.84375,8.625,1.78125,8.5625],"tintindex":0,"rotation":0,"texture":"#0"},"down":{"uv":[8.625,2.03125,8.5625,2.09375],"tintindex":0,"rotation":0,"texture":"#0"}},"rotation":{"origin":[-4.3429193,16.26847,0.012254238],"angle":-22.5,"axis":"z"}},{"from":[21.01234,6.1510544,-2.6912174],"to":[25.93312,10.080635,9.347532],"faces":{"east":{"uv":[0.0,7.78125,0.21875,7.84375],"tintindex":0,"rotation":0,"texture":"#0"},"south":{"uv":[6.0,5.84375,6.09375,5.90625],"tintindex":0,"rotation":0,"texture":"#0"},"north":{"uv":[5.96875,2.53125,6.0625,2.59375],"tintindex":0,"rotation":0,"texture":"#0"},"west":{"uv":[8.46875,3.125,8.6875,3.1875],"tintindex":0,"rotation":0,"texture":"#0"},"up":{"uv":[6.5,8.59375,6.40625,8.375],"tintindex":0,"rotation":0,"texture":"#0"},"down":{"uv":[6.96875,8.375,6.875,8.59375],"tintindex":0,"rotation":0,"texture":"#0"}}},{"from":[19.27236,7.483589,-2.297636],"to":[22.924858,14.725609,2.322143],"faces":{"east":{"uv":[6.75,8.46875,6.84375,8.59375],"tintindex":0,"rotation":0,"texture":"#0"},"south":{"uv":[1.875,6.875,1.9375,7.0],"tintindex":0,"rotation":0,"texture":"#0"},"north":{"uv":[2.28125,4.28125,2.34375,4.40625],"tintindex":0,"rotation":0,"texture":"#0"},"west":{"uv":[8.46875,8.46875,8.5625,8.59375],"tintindex":0,"rotation":0,"texture":"#0"},"up":{"uv":[7.65625,7.90625,7.59375,7.8125],"tintindex":0,"rotation":0,"texture":"#0"},"down":{"uv":[6.09375,7.875,6.03125,7.96875],"tintindex":0,"rotation":0,"texture":"#0"}}}]}