{"textures":{"0":"modelengine:entity/mso_piglin_queen"},"elements":[{"from":[3.801731,-4.1724396,-1.9085026],"to":[5.0612106,1.4952278,2.4996824],"faces":{"east":{"uv":[4.125,8.5,4.03125,8.59375],"tintindex":0,"rotation":0,"texture":"#0"},"south":{"uv":[3.71875,5.40625,3.6875,5.5],"tintindex":0,"rotation":0,"texture":"#0"},"north":{"uv":[3.15625,5.25,3.125,5.34375],"tintindex":0,"rotation":0,"texture":"#0"},"west":{"uv":[1.40625,8.21875,1.3125,8.3125],"tintindex":0,"rotation":0,"texture":"#0"},"up":{"uv":[0.375,6.1875,0.40625,6.09375],"tintindex":0,"rotation":0,"texture":"#0"},"down":{"uv":[4.8125,6.125,4.84375,6.21875],"tintindex":0,"rotation":0,"texture":"#0"}},"rotation":{"origin":[7.2653046,3.3547096,-2.0490217],"angle":22.5,"axis":"x"}},{"from":[2.5422478,-7.980626,0.4699421],"to":[22.064213,9.022375,16.843203],"faces":{"east":{"uv":[7.6875,4.125,7.40625,4.4375],"tintindex":0,"rotation":0,"texture":"#0"},"south":{"uv":[5.6875,7.0,6.03125,7.3125],"tintindex":0,"rotation":0,"texture":"#0"},"north":{"uv":[6.03125,7.0,5.6875,7.3125],"tintindex":0,"rotation":0,"texture":"#0"},"west":{"uv":[5.125,5.53125,4.84375,5.84375],"tintindex":0,"rotation":0,"texture":"#0"},"up":{"uv":[5.65625,7.59375,6.0,7.3125],"tintindex":0,"rotation":0,"texture":"#0"},"down":{"uv":[7.3125,6.40625,7.65625,6.6875],"tintindex":0,"rotation":0,"texture":"#0"}}},{"from":[4.431469,-3.5426998,-3.167985],"to":[10.099136,9.052116,3.7591643],"faces":{"east":{"uv":[6.375,7.125,6.25,7.34375],"tintindex":0,"rotation":0,"texture":"#0"},"south":{"uv":[2.875,6.40625,2.78125,6.625],"tintindex":0,"rotation":0,"texture":"#0"},"north":{"uv":[1.8125,5.6875,1.71875,5.90625],"tintindex":0,"rotation":0,"texture":"#0"},"west":{"uv":[1.5625,6.625,1.4375,6.84375],"tintindex":0,"rotation":0,"texture":"#0"},"up":{"uv":[3.75,8.59375,3.84375,8.46875],"tintindex":0,"rotation":0,"texture":"#0"},"down":{"uv":[5.40625,8.46875,5.5,8.59375],"tintindex":0,"rotation":0,"texture":"#0"}},"rotation":{"origin":[7.2653046,3.3547096,-2.0490217],"angle":22.5,"axis":"x"}}]}