{"textures":{"0":"modelengine:entity/mso_piglin_queen"},"elements":[{"from":[-8.688131,8.343742,-4.956539],"to":[24.688131,8.343742,19.792274],"faces":{"up":{"uv":[2.5,2.6875,1.3125,1.8125],"tintindex":0,"rotation":0,"texture":"#0"},"down":{"uv":[2.5,1.8125,1.3125,2.6875],"tintindex":0,"rotation":0,"texture":"#0"}}}]}