{"textures":{"0":"modelengine:entity/mso_piglin_queen"},"elements":[{"from":[4.851296,-3.5522537,5.682562],"to":[11.148705,2.4932556,8.957214],"faces":{"east":{"uv":[5.59375,2.0625,5.65625,2.15625],"tintindex":0,"rotation":0,"texture":"#0"},"south":{"uv":[5.21875,7.4375,5.34375,7.53125],"tintindex":0,"rotation":0,"texture":"#0"},"north":{"uv":[5.15625,3.03125,5.28125,3.125],"tintindex":0,"rotation":0,"texture":"#0"},"west":{"uv":[3.46875,5.84375,3.53125,5.9375],"tintindex":0,"rotation":0,"texture":"#0"},"up":{"uv":[1.3125,2.6875,1.1875,2.625],"tintindex":0,"rotation":0,"texture":"#0"},"down":{"uv":[2.78125,6.40625,2.65625,6.46875],"tintindex":0,"rotation":0,"texture":"#0"}},"rotation":{"origin":[8.0,-1.4741096,8.2645],"angle":45.0,"axis":"x"}},{"from":[4.221555,-1.7889786,5.17877],"to":[11.778444,0.9818802,7.949629],"faces":{"east":{"uv":[5.9375,5.4375,6.0,5.5],"tintindex":0,"rotation":0,"texture":"#0"},"south":{"uv":[7.90625,6.40625,8.03125,6.46875],"tintindex":0,"rotation":0,"texture":"#0"},"north":{"uv":[7.1875,6.40625,7.3125,6.46875],"tintindex":0,"rotation":0,"texture":"#0"},"west":{"uv":[6.34375,5.375,6.40625,5.4375],"tintindex":0,"rotation":0,"texture":"#0"},"up":{"uv":[0.375,8.0625,0.25,8.0],"tintindex":0,"rotation":0,"texture":"#0"},"down":{"uv":[7.84375,8.0625,7.71875,8.125],"tintindex":0,"rotation":0,"texture":"#0"}},"rotation":{"origin":[8.0,0.037269592,8.012604],"angle":22.5,"axis":"x"}},{"from":[1.7025919,-0.78139496,5.682562],"to":[14.297408,8.412819,12.105919],"faces":{"east":{"uv":[4.4375,2.15625,4.5625,2.3125],"tintindex":0,"rotation":0,"texture":"#0"},"south":{"uv":[8.1875,6.8125,8.40625,6.96875],"tintindex":0,"rotation":0,"texture":"#0"},"north":{"uv":[8.1875,3.625,8.40625,3.78125],"tintindex":0,"rotation":0,"texture":"#0"},"west":{"uv":[5.65625,0.1875,5.78125,0.34375],"tintindex":0,"rotation":0,"texture":"#0"},"up":{"uv":[6.75,6.21875,6.53125,6.09375],"tintindex":0,"rotation":0,"texture":"#0"},"down":{"uv":[6.78125,4.03125,6.5625,4.15625],"tintindex":0,"rotation":0,"texture":"#0"}}}]}