{"textures":{"0":"modelengine:entity/mso_piglin_queen"},"elements":[{"from":[-1.7567501,-14.999651,-2.705594],"to":[18.394955,9.560242,18.705593],"faces":{"east":{"uv":[1.1875,6.1875,1.5625,6.625],"tintindex":0,"rotation":0,"texture":"#0"},"south":{"uv":[6.1875,3.28125,6.5625,3.71875],"tintindex":0,"rotation":0,"texture":"#0"},"north":{"uv":[0.8125,6.1875,1.1875,6.625],"tintindex":0,"rotation":0,"texture":"#0"},"west":{"uv":[6.1875,3.71875,6.5625,4.15625],"tintindex":0,"rotation":0,"texture":"#0"},"up":{"uv":[0.375,6.90625,0.0,6.53125],"tintindex":0,"rotation":0,"texture":"#0"},"down":{"uv":[6.9375,3.28125,6.5625,3.65625],"tintindex":0,"rotation":0,"texture":"#0"}}},{"from":[8.319103,-14.369911,-4.594816],"to":[19.654438,9.560242,20.594816],"faces":{"east":{"uv":[0.9375,5.25,1.375,5.6875],"tintindex":0,"rotation":0,"texture":"#0"},"south":{"uv":[7.375,6.96875,7.59375,7.40625],"tintindex":0,"rotation":0,"texture":"#0"},"north":{"uv":[0.0,7.34375,0.21875,7.78125],"tintindex":0,"rotation":0,"texture":"#0"},"west":{"uv":[1.375,5.25,1.8125,5.6875],"tintindex":0,"rotation":0,"texture":"#0"},"up":{"uv":[1.25,7.84375,1.03125,7.40625],"tintindex":0,"rotation":0,"texture":"#0"},"down":{"uv":[2.4375,7.40625,2.21875,7.84375],"tintindex":0,"rotation":0,"texture":"#0"}}},{"from":[-2.3864918,0.7438698,-3.9650755],"to":[8.319103,4.522316,19.965075],"faces":{"east":{"uv":[8.15625,6.21875,8.59375,6.28125],"tintindex":0,"rotation":0,"texture":"#0"},"south":{"uv":[7.65625,3.84375,7.84375,3.90625],"tintindex":0,"rotation":0,"texture":"#0"},"north":{"uv":[7.21875,5.21875,7.40625,5.28125],"tintindex":0,"rotation":0,"texture":"#0"},"west":{"uv":[8.15625,7.5,8.59375,7.5625],"tintindex":0,"rotation":0,"texture":"#0"},"up":{"uv":[2.09375,7.875,1.90625,7.4375],"tintindex":0,"rotation":0,"texture":"#0"},"down":{"uv":[5.21875,7.4375,5.03125,7.875],"tintindex":0,"rotation":0,"texture":"#0"}}},{"from":[-2.3864918,-8.072502,-3.9650755],"to":[8.319103,-4.294056,19.965075],"faces":{"east":{"uv":[8.1875,0.9375,8.625,1.0],"tintindex":0,"rotation":0,"texture":"#0"},"south":{"uv":[8.46875,3.5625,8.65625,3.625],"tintindex":0,"rotation":0,"texture":"#0"},"north":{"uv":[3.5625,8.46875,3.75,8.53125],"tintindex":0,"rotation":0,"texture":"#0"},"west":{"uv":[8.21875,1.84375,8.65625,1.90625],"tintindex":0,"rotation":0,"texture":"#0"},"up":{"uv":[7.71875,3.5625,7.53125,3.125],"tintindex":0,"rotation":0,"texture":"#0"},"down":{"uv":[7.71875,4.625,7.53125,5.0625],"tintindex":0,"rotation":0,"texture":"#0"}}},{"from":[7.6893616,5.7817955,-5.224557],"to":[20.284176,12.079205,21.224556],"faces":{"east":{"uv":[7.71875,4.90625,8.1875,5.03125],"tintindex":0,"rotation":0,"texture":"#0"},"south":{"uv":[2.78125,6.625,3.0,6.75],"tintindex":0,"rotation":0,"texture":"#0"},"north":{"uv":[6.59375,1.3125,6.8125,1.4375],"tintindex":0,"rotation":0,"texture":"#0"},"west":{"uv":[7.71875,6.84375,8.1875,6.96875],"tintindex":0,"rotation":0,"texture":"#0"},"up":{"uv":[5.34375,7.4375,5.125,6.96875],"tintindex":0,"rotation":0,"texture":"#0"},"down":{"uv":[4.71875,7.125,4.5,7.59375],"tintindex":0,"rotation":0,"texture":"#0"}}},{"from":[7.6893616,-15.629391,-5.224557],"to":[20.284176,-9.331982,21.224556],"faces":{"east":{"uv":[5.5625,7.78125,6.03125,7.90625],"tintindex":0,"rotation":0,"texture":"#0"},"south":{"uv":[8.28125,2.25,8.5,2.375],"tintindex":0,"rotation":0,"texture":"#0"},"north":{"uv":[6.96875,1.1875,7.1875,1.3125],"tintindex":0,"rotation":0,"texture":"#0"},"west":{"uv":[7.8125,2.25,8.28125,2.375],"tintindex":0,"rotation":0,"texture":"#0"},"up":{"uv":[6.25,7.59375,6.03125,7.125],"tintindex":0,"rotation":0,"texture":"#0"},"down":{"uv":[7.375,6.75,7.15625,7.21875],"tintindex":0,"rotation":0,"texture":"#0"}}},{"from":[19.654438,-6.813019,2.9620733],"to":[21.921505,3.2628326,13.037927],"faces":{"east":{"uv":[5.6875,4.15625,5.875,4.34375],"tintindex":0,"rotation":0,"texture":"#0"},"south":{"uv":[1.28125,2.0625,1.3125,2.25],"tintindex":0,"rotation":0,"texture":"#0"},"north":{"uv":[1.28125,1.875,1.3125,2.0625],"tintindex":0,"rotation":0,"texture":"#0"},"west":{"uv":[3.09375,8.1875,3.28125,8.375],"tintindex":0,"rotation":0,"texture":"#0"},"up":{"uv":[2.5,2.875,2.46875,2.6875],"tintindex":0,"rotation":0,"texture":"#0"},"down":{"uv":[2.5,2.875,2.46875,3.0625],"tintindex":0,"rotation":0,"texture":"#0"}}}]}