{"textures":{"0":"modelengine:entity/mso_piglin_queen"},"elements":[{"from":[-10.262484,5.481037,1.0903134],"to":[26.262484,10.518963,26.909685],"faces":{"east":{"uv":[5.65625,0.0,6.59375,0.1875],"tintindex":0,"rotation":0,"texture":"#0"},"south":{"uv":[0.0,5.03125,1.3125,5.21875],"tintindex":0,"rotation":0,"texture":"#0"},"north":{"uv":[1.84375,4.875,3.15625,5.0625],"tintindex":0,"rotation":0,"texture":"#0"},"west":{"uv":[5.65625,2.0625,6.59375,2.25],"tintindex":0,"rotation":0,"texture":"#0"},"up":{"uv":[1.3125,0.9375,0.0,0.0],"tintindex":0,"rotation":0,"texture":"#0"},"down":{"uv":[1.3125,0.9375,0.0,1.875],"tintindex":0,"rotation":0,"texture":"#0"}}}]}