{"textures":{"0":"modelengine:entity/mso_piglin_queen"},"elements":[{"from":[0.0017738342,3.1826859,-6.4412165],"to":[17.586657,7.0140305,22.441216],"faces":{"east":{"uv":[2.96875,4.28125,3.5,4.34375],"tintindex":0,"rotation":0,"texture":"#0"},"south":{"uv":[7.3125,1.09375,7.625,1.15625],"tintindex":0,"rotation":0,"texture":"#0"},"north":{"uv":[6.0625,2.96875,6.375,3.03125],"tintindex":0,"rotation":0,"texture":"#0"},"west":{"uv":[4.78125,6.6875,5.3125,6.75],"tintindex":0,"rotation":0,"texture":"#0"},"up":{"uv":[2.65625,6.46875,2.34375,5.9375],"tintindex":0,"rotation":0,"texture":"#0"},"down":{"uv":[3.78125,5.9375,3.46875,6.46875],"tintindex":0,"rotation":0,"texture":"#0"}},"rotation":{"origin":[13.0676365,-0.5995331,7.607042],"angle":-22.5,"axis":"z"}}]}