{"textures":{"0":"modelengine:entity/mso_piglin_queen"},"elements":[{"from":[2.2063847,-0.690423,15.24202],"to":[2.2063847,16.627449,28.466576],"faces":{"east":{"uv":[3.5625,4.34375,4.03125,4.96875],"tintindex":0,"rotation":0,"texture":"#0"},"west":{"uv":[4.03125,4.96875,3.5625,4.34375],"tintindex":0,"rotation":0,"texture":"#0"}}}]}