{"textures":{"0":"modelengine:entity/mso_piglin_queen"},"elements":[{"from":[4.8563337,17.998287,0.16114283],"to":[11.143666,20.699875,2.4206529],"faces":{"east":{"uv":[0.40625,8.53125,0.5,8.625],"tintindex":0,"rotation":0,"texture":"#0"},"south":{"uv":[5.46875,4.15625,5.6875,4.25],"tintindex":0,"rotation":0,"texture":"#0"},"north":{"uv":[3.71875,4.96875,3.9375,5.0625],"tintindex":0,"rotation":0,"texture":"#0"},"west":{"uv":[8.53125,0.5625,8.625,0.65625],"tintindex":0,"rotation":0,"texture":"#0"},"up":{"uv":[6.6875,5.375,6.46875,5.28125],"tintindex":0,"rotation":0,"texture":"#0"},"down":{"uv":[6.78125,0.46875,6.5625,0.5625],"tintindex":0,"rotation":0,"texture":"#0"}},"rotation":{"origin":[8.0,21.461231,4.3363247],"angle":22.5,"axis":"x"}},{"from":[3.5300999,14.756382,-2.7860441],"to":[7.1649637,19.128044,4.680163],"faces":{"east":{"uv":[5.46875,8.125,5.75,8.28125],"tintindex":0,"rotation":0,"texture":"#0"},"south":{"uv":[8.40625,6.0,8.53125,6.15625],"tintindex":0,"rotation":0,"texture":"#0"},"north":{"uv":[5.28125,8.40625,5.40625,8.5625],"tintindex":0,"rotation":0,"texture":"#0"},"west":{"uv":[7.21875,8.125,7.5,8.28125],"tintindex":0,"rotation":0,"texture":"#0"},"up":{"uv":[6.75,8.46875,6.625,8.1875],"tintindex":0,"rotation":0,"texture":"#0"},"down":{"uv":[6.875,8.1875,6.75,8.46875],"tintindex":0,"rotation":0,"texture":"#0"}},"rotation":{"origin":[9.375354,16.942215,-0.57565403],"angle":-22.5,"axis":"y"}},{"from":[11.143666,19.668362,0.16114283],"to":[13.599655,20.699875,2.4206529],"faces":{"east":{"uv":[4.0625,1.65625,4.15625,1.6875],"tintindex":0,"rotation":0,"texture":"#0"},"south":{"uv":[4.15625,1.65625,4.25,1.6875],"tintindex":0,"rotation":0,"texture":"#0"},"north":{"uv":[3.96875,1.65625,4.0625,1.6875],"tintindex":0,"rotation":0,"texture":"#0"},"west":{"uv":[4.25,1.65625,4.34375,1.6875],"tintindex":0,"rotation":0,"texture":"#0"},"up":{"uv":[8.625,0.75,8.53125,0.65625],"tintindex":0,"rotation":0,"texture":"#0"},"down":{"uv":[8.625,0.75,8.53125,0.84375],"tintindex":0,"rotation":0,"texture":"#0"}},"rotation":{"origin":[14.287333,21.461231,4.3363247],"angle":22.5,"axis":"x"}},{"from":[-0.5959616,10.532082,4.385444],"to":[16.595963,14.707264,14.2094],"faces":{"east":{"uv":[8.03125,3.28125,8.375,3.4375],"tintindex":0,"rotation":0,"texture":"#0"},"south":{"uv":[7.1875,2.28125,7.8125,2.4375],"tintindex":0,"rotation":0,"texture":"#0"},"north":{"uv":[7.0625,4.46875,7.6875,4.625],"tintindex":0,"rotation":0,"texture":"#0"},"west":{"uv":[4.4375,8.03125,4.78125,8.1875],"tintindex":0,"rotation":0,"texture":"#0"},"up":{"uv":[5.65625,0.34375,5.03125,0.0],"tintindex":0,"rotation":0,"texture":"#0"},"down":{"uv":[5.6875,4.25,5.0625,4.59375],"tintindex":0,"rotation":0,"texture":"#0"}}},{"from":[-0.5959616,2.8693962,0.3085022],"to":[16.595963,9.647926,16.61627],"faces":{"east":{"uv":[6.4375,4.65625,7.03125,4.90625],"tintindex":0,"rotation":0,"texture":"#0"},"south":{"uv":[6.4375,4.40625,7.0625,4.65625],"tintindex":0,"rotation":0,"texture":"#0"},"north":{"uv":[6.4375,4.15625,7.0625,4.40625],"tintindex":0,"rotation":0,"texture":"#0"},"west":{"uv":[4.78125,6.4375,5.375,6.6875],"tintindex":0,"rotation":0,"texture":"#0"},"up":{"uv":[4.15625,4.34375,3.53125,3.75],"tintindex":0,"rotation":0,"texture":"#0"},"down":{"uv":[2.96875,3.8125,2.34375,4.40625],"tintindex":0,"rotation":0,"texture":"#0"}}},{"from":[8.835036,14.756382,-2.7860441],"to":[12.4699,19.128044,4.680163],"faces":{"east":{"uv":[8.03125,7.1875,8.3125,7.34375],"tintindex":0,"rotation":0,"texture":"#0"},"south":{"uv":[5.15625,8.40625,5.28125,8.5625],"tintindex":0,"rotation":0,"texture":"#0"},"north":{"uv":[7.25,7.53125,7.375,7.6875],"tintindex":0,"rotation":0,"texture":"#0"},"west":{"uv":[8.0625,5.46875,8.34375,5.625],"tintindex":0,"rotation":0,"texture":"#0"},"up":{"uv":[0.90625,4.28125,0.78125,4.0],"tintindex":0,"rotation":0,"texture":"#0"},"down":{"uv":[6.625,8.1875,6.5,8.46875],"tintindex":0,"rotation":0,"texture":"#0"}},"rotation":{"origin":[6.624646,16.942215,-0.57565403],"angle":22.5,"axis":"y"}},{"from":[4.316016,14.658142,-5.045554],"to":[11.683984,19.029804,1.6347365],"faces":{"east":{"uv":[8.15625,7.34375,8.40625,7.5],"tintindex":0,"rotation":0,"texture":"#0"},"south":{"uv":[8.1875,0.78125,8.4375,0.9375],"tintindex":0,"rotation":0,"texture":"#0"},"north":{"uv":[8.15625,6.0,8.40625,6.15625],"tintindex":0,"rotation":0,"texture":"#0"},"west":{"uv":[1.875,8.1875,2.125,8.34375],"tintindex":0,"rotation":0,"texture":"#0"},"up":{"uv":[3.15625,8.03125,2.90625,7.78125],"tintindex":0,"rotation":0,"texture":"#0"},"down":{"uv":[3.40625,7.78125,3.15625,8.03125],"tintindex":0,"rotation":0,"texture":"#0"}}},{"from":[-0.84156036,6.700737,-1.2633305],"to":[16.84156,12.889832,16.419792],"faces":{"east":{"uv":[2.78125,6.75,3.40625,6.96875],"tintindex":0,"rotation":0,"texture":"#0"},"south":{"uv":[3.40625,6.75,4.03125,6.96875],"tintindex":0,"rotation":0,"texture":"#0"},"north":{"uv":[6.4375,2.8125,7.0625,3.03125],"tintindex":0,"rotation":0,"texture":"#0"},"west":{"uv":[4.78125,6.75,5.40625,6.96875],"tintindex":0,"rotation":0,"texture":"#0"},"up":{"uv":[4.15625,3.75,3.53125,3.125],"tintindex":0,"rotation":0,"texture":"#0"},"down":{"uv":[4.25,0.0,3.625,0.625],"tintindex":0,"rotation":0,"texture":"#0"}},"rotation":{"origin":[8.0,8.567291,9.051824],"angle":-22.5,"axis":"x"}},{"from":[4.0704174,18.194767,-1.803648],"to":[11.929583,19.81572,2.911851],"faces":{"east":{"uv":[5.6875,6.9375,5.84375,7.0],"tintindex":0,"rotation":0,"texture":"#0"},"south":{"uv":[8.4375,2.84375,8.71875,2.90625],"tintindex":0,"rotation":0,"texture":"#0"},"north":{"uv":[4.84375,5.84375,5.125,5.90625],"tintindex":0,"rotation":0,"texture":"#0"},"west":{"uv":[6.09375,7.59375,6.25,7.65625],"tintindex":0,"rotation":0,"texture":"#0"},"up":{"uv":[8.0,8.28125,7.71875,8.125],"tintindex":0,"rotation":0,"texture":"#0"},"down":{"uv":[8.4375,5.84375,8.15625,6.0],"tintindex":0,"rotation":0,"texture":"#0"}},"rotation":{"origin":[8.0,17.53165,-0.42829418],"angle":-22.5,"axis":"x"}},{"from":[2.4003448,19.668362,0.16114283],"to":[4.8563337,20.699875,2.4206529],"faces":{"east":{"uv":[4.5625,3.09375,4.65625,3.125],"tintindex":0,"rotation":0,"texture":"#0"},"south":{"uv":[4.65625,3.09375,4.75,3.125],"tintindex":0,"rotation":0,"texture":"#0"},"north":{"uv":[4.34375,1.65625,4.4375,1.6875],"tintindex":0,"rotation":0,"texture":"#0"},"west":{"uv":[4.75,3.09375,4.84375,3.125],"tintindex":0,"rotation":0,"texture":"#0"},"up":{"uv":[8.625,0.9375,8.53125,0.84375],"tintindex":0,"rotation":0,"texture":"#0"},"down":{"uv":[8.625,1.71875,8.53125,1.8125],"tintindex":0,"rotation":0,"texture":"#0"}},"rotation":{"origin":[1.712668,21.461231,4.3363247],"angle":22.5,"axis":"x"}},{"from":[0.3864336,14.559902,1.6347365],"to":[15.613566,22.07523,13.914682],"faces":{"east":{"uv":[1.4375,6.875,1.875,7.15625],"tintindex":0,"rotation":0,"texture":"#0"},"south":{"uv":[6.4375,2.53125,7.0,2.8125],"tintindex":0,"rotation":0,"texture":"#0"},"north":{"uv":[6.28125,2.25,6.84375,2.53125],"tintindex":0,"rotation":0,"texture":"#0"},"west":{"uv":[6.875,6.46875,7.3125,6.75],"tintindex":0,"rotation":0,"texture":"#0"},"up":{"uv":[3.71875,5.40625,3.15625,4.96875],"tintindex":0,"rotation":0,"texture":"#0"},"down":{"uv":[2.40625,5.0625,1.84375,5.5],"tintindex":0,"rotation":0,"texture":"#0"}}},{"from":[0.92675114,19.275402,1.1435385],"to":[15.073249,25.218895,13.521724],"faces":{"east":{"uv":[7.21875,3.6875,7.65625,3.90625],"tintindex":0,"rotation":0,"texture":"#0"},"south":{"uv":[7.0625,2.6875,7.5625,2.90625],"tintindex":0,"rotation":0,"texture":"#0"},"north":{"uv":[4.25,0.40625,4.75,0.625],"tintindex":0,"rotation":0,"texture":"#0"},"west":{"uv":[7.40625,3.90625,7.84375,4.125],"tintindex":0,"rotation":0,"texture":"#0"},"up":{"uv":[5.625,5.5,5.125,5.0625],"tintindex":0,"rotation":0,"texture":"#0"},"down":{"uv":[5.65625,2.15625,5.15625,2.59375],"tintindex":0,"rotation":0,"texture":"#0"}},"rotation":{"origin":[8.0,21.461231,7.774709],"angle":-22.5,"axis":"x"}}]}