{"textures":{"0":"modelengine:entity/mso_piglin_queen"},"elements":[{"from":[7.6209297,8.336868,1.4328012],"to":[20.59359,14.382381,14.405462],"faces":{"east":{"uv":[2.21875,7.1875,2.6875,7.40625],"tintindex":0,"rotation":0,"texture":"#0"},"south":{"uv":[7.1875,5.96875,7.65625,6.1875],"tintindex":0,"rotation":0,"texture":"#0"},"north":{"uv":[7.1875,2.0625,7.65625,2.28125],"tintindex":0,"rotation":0,"texture":"#0"},"west":{"uv":[7.1875,6.1875,7.65625,6.40625],"tintindex":0,"rotation":0,"texture":"#0"},"up":{"uv":[2.875,5.53125,2.40625,5.0625],"tintindex":0,"rotation":0,"texture":"#0"},"down":{"uv":[4.1875,5.0625,3.71875,5.53125],"tintindex":0,"rotation":0,"texture":"#0"}},"rotation":{"origin":[14.925923,8.210922,7.9191318],"angle":22.5,"axis":"z"}},{"from":[8.502566,-9.54777,2.881205],"to":[17.948677,0.40213394,12.957058],"faces":{"east":{"uv":[1.9375,6.78125,2.3125,7.125],"tintindex":0,"rotation":0,"texture":"#0"},"south":{"uv":[6.96875,0.84375,7.3125,1.1875],"tintindex":0,"rotation":0,"texture":"#0"},"north":{"uv":[0.71875,6.96875,1.0625,7.3125],"tintindex":0,"rotation":0,"texture":"#0"},"west":{"uv":[4.375,6.78125,4.75,7.125],"tintindex":0,"rotation":0,"texture":"#0"},"up":{"uv":[0.71875,7.1875,0.375,6.8125],"tintindex":0,"rotation":0,"texture":"#0"},"down":{"uv":[7.1875,2.0625,6.84375,2.4375],"tintindex":0,"rotation":0,"texture":"#0"}}},{"from":[7.8728256,0.40213394,1.6217237],"to":[19.20816,11.737469,14.216539],"faces":{"east":{"uv":[1.8125,3.875,2.25,4.28125],"tintindex":0,"rotation":0,"texture":"#0"},"south":{"uv":[4.40625,5.9375,4.8125,6.34375],"tintindex":0,"rotation":0,"texture":"#0"},"north":{"uv":[5.8125,1.25,6.21875,1.65625],"tintindex":0,"rotation":0,"texture":"#0"},"west":{"uv":[5.375,1.25,5.8125,1.65625],"tintindex":0,"rotation":0,"texture":"#0"},"up":{"uv":[3.53125,5.84375,3.125,5.40625],"tintindex":0,"rotation":0,"texture":"#0"},"down":{"uv":[5.875,3.71875,5.46875,4.15625],"tintindex":0,"rotation":0,"texture":"#0"}}}]}