{"textures":{"0":"modelengine:entity/mso_piglin_queen"},"elements":[{"from":[2.6472034,2.5324688,0.6916046],"to":[13.352797,13.238062,12.530731],"faces":{"east":{"uv":[6.46875,5.0,6.03125,5.375],"tintindex":0,"rotation":0,"texture":"#0"},"south":{"uv":[6.84375,4.90625,6.46875,5.28125],"tintindex":0,"rotation":0,"texture":"#0"},"north":{"uv":[2.78125,6.46875,2.40625,6.84375],"tintindex":0,"rotation":0,"texture":"#0"},"west":{"uv":[6.46875,1.65625,6.03125,2.03125],"tintindex":0,"rotation":0,"texture":"#0"},"up":{"uv":[6.0625,2.96875,6.4375,2.53125],"tintindex":0,"rotation":0,"texture":"#0"},"down":{"uv":[6.0625,4.34375,6.4375,4.78125],"tintindex":0,"rotation":0,"texture":"#0"}},"rotation":{"origin":[8.0,9.207722,8.311468],"angle":-22.5,"axis":"x"}},{"from":[3.2769432,-0.7421837,-7.3690777],"to":[12.723056,7.3184986,6.3592715],"faces":{"east":{"uv":[4.125,6.46875,3.625,6.75],"tintindex":0,"rotation":0,"texture":"#0"},"south":{"uv":[7.65625,1.625,7.3125,1.90625],"tintindex":0,"rotation":0,"texture":"#0"},"north":{"uv":[7.65625,0.8125,7.3125,1.09375],"tintindex":0,"rotation":0,"texture":"#0"},"west":{"uv":[3.625,6.46875,3.125,6.75],"tintindex":0,"rotation":0,"texture":"#0"},"up":{"uv":[1.03125,6.1875,1.375,5.6875],"tintindex":0,"rotation":0,"texture":"#0"},"down":{"uv":[1.375,5.6875,1.71875,6.1875],"tintindex":0,"rotation":0,"texture":"#0"}},"rotation":{"origin":[8.0,3.2881584,0.37673378],"angle":-45.0,"axis":"x"}}]}