{"textures":{"0":"modelengine:entity/mso_piglin_queen"},"elements":[{"from":[-4.916045,2.9689026,11.256758],"to":[-2.7119532,9.8960495,13.775721],"faces":{"east":{"uv":[3.28125,8.375,3.1875,8.625],"tintindex":0,"rotation":0,"texture":"#0"},"south":{"uv":[8.46875,3.125,8.375,3.375],"tintindex":0,"rotation":0,"texture":"#0"},"north":{"uv":[8.46875,1.46875,8.375,1.71875],"tintindex":0,"rotation":0,"texture":"#0"},"west":{"uv":[3.1875,8.375,3.09375,8.625],"tintindex":0,"rotation":0,"texture":"#0"},"up":{"uv":[8.5,8.0,8.59375,7.90625],"tintindex":0,"rotation":0,"texture":"#0"},"down":{"uv":[0.3125,8.53125,0.40625,8.625],"tintindex":0,"rotation":0,"texture":"#0"}}},{"from":[-4.6011763,1.0796814,11.634602],"to":[-3.026824,3.5986443,13.775721],"faces":{"east":{"uv":[6.09375,7.78125,6.03125,7.875],"tintindex":0,"rotation":0,"texture":"#0"},"south":{"uv":[0.71875,7.75,0.65625,7.84375],"tintindex":0,"rotation":0,"texture":"#0"},"north":{"uv":[0.71875,7.65625,0.65625,7.75],"tintindex":0,"rotation":0,"texture":"#0"},"west":{"uv":[7.65625,7.71875,7.59375,7.8125],"tintindex":0,"rotation":0,"texture":"#0"},"up":{"uv":[3.53125,8.28125,3.59375,8.21875],"tintindex":0,"rotation":0,"texture":"#0"},"down":{"uv":[3.59375,8.21875,3.65625,8.28125],"tintindex":0,"rotation":0,"texture":"#0"}},"rotation":{"origin":[-3.8140001,2.5280838,12.516239],"angle":-22.5,"axis":"x"}},{"from":[-4.2863054,-0.09312439,12.952],"to":[-3.341693,1.7960968,14.589327],"faces":{"east":{"uv":[3.53125,8.40625,3.46875,8.46875],"tintindex":0,"rotation":0,"texture":"#0"},"south":{"uv":[4.40625,6.46875,4.375,6.53125],"tintindex":0,"rotation":0,"texture":"#0"},"north":{"uv":[6.46875,4.90625,6.4375,4.96875],"tintindex":0,"rotation":0,"texture":"#0"},"west":{"uv":[2.125,8.34375,2.0625,8.40625],"tintindex":0,"rotation":0,"texture":"#0"},"up":{"uv":[4.375,6.59375,4.40625,6.53125],"tintindex":0,"rotation":0,"texture":"#0"},"down":{"uv":[4.375,6.59375,4.40625,6.65625],"tintindex":0,"rotation":0,"texture":"#0"}},"rotation":{"origin":[-3.8140001,0.6625633,13.518766],"angle":-45.0,"axis":"x"}},{"from":[-5.545787,1.3315773,5.840987],"to":[-3.8454866,3.3467445,6.8485723],"faces":{"east":{"uv":[1.84375,5.4375,1.8125,5.5],"tintindex":0,"rotation":0,"texture":"#0"},"south":{"uv":[7.65625,7.34375,7.59375,7.40625],"tintindex":0,"rotation":0,"texture":"#0"},"north":{"uv":[7.53125,2.625,7.46875,2.6875],"tintindex":0,"rotation":0,"texture":"#0"},"west":{"uv":[3.15625,5.34375,3.125,5.40625],"tintindex":0,"rotation":0,"texture":"#0"},"up":{"uv":[2.9375,4.875,3.0,4.84375],"tintindex":0,"rotation":0,"texture":"#0"},"down":{"uv":[3.0,4.84375,3.0625,4.875],"tintindex":0,"rotation":0,"texture":"#0"}},"rotation":{"origin":[-4.695636,2.402134,6.34478],"angle":-45.0,"axis":"z"}},{"from":[-3.5935907,10.336868,1.4328012],"to":[9.37907,16.382381,14.405462],"faces":{"east":{"uv":[7.65625,6.1875,7.1875,6.40625],"tintindex":0,"rotation":0,"texture":"#0"},"south":{"uv":[7.65625,5.96875,7.1875,6.1875],"tintindex":0,"rotation":0,"texture":"#0"},"north":{"uv":[7.65625,2.0625,7.1875,2.28125],"tintindex":0,"rotation":0,"texture":"#0"},"west":{"uv":[2.6875,7.1875,2.21875,7.40625],"tintindex":0,"rotation":0,"texture":"#0"},"up":{"uv":[2.40625,5.53125,2.875,5.0625],"tintindex":0,"rotation":0,"texture":"#0"},"down":{"uv":[3.71875,5.0625,4.1875,5.53125],"tintindex":0,"rotation":0,"texture":"#0"}},"rotation":{"origin":[2.0740767,10.210922,7.9191318],"angle":-22.5,"axis":"z"}},{"from":[-4.4122534,3.9764862,1.936594],"to":[-2.2081594,9.644154,4.4555573],"faces":{"east":{"uv":[6.03125,8.375,5.9375,8.59375],"tintindex":0,"rotation":0,"texture":"#0"},"south":{"uv":[8.4375,8.0625,8.34375,8.28125],"tintindex":0,"rotation":0,"texture":"#0"},"north":{"uv":[4.125,6.75,4.03125,6.96875],"tintindex":0,"rotation":0,"texture":"#0"},"west":{"uv":[0.71875,7.84375,0.625,8.0625],"tintindex":0,"rotation":0,"texture":"#0"},"up":{"uv":[8.5,6.375,8.59375,6.28125],"tintindex":0,"rotation":0,"texture":"#0"},"down":{"uv":[7.15625,8.5,7.25,8.59375],"tintindex":0,"rotation":0,"texture":"#0"}}},{"from":[-4.916045,0.44993973,9.115639],"to":[-3.215745,2.4651108,10.123224],"faces":{"east":{"uv":[1.71875,6.34375,1.6875,6.40625],"tintindex":0,"rotation":0,"texture":"#0"},"south":{"uv":[0.25,8.21875,0.1875,8.28125],"tintindex":0,"rotation":0,"texture":"#0"},"north":{"uv":[6.0,8.125,5.9375,8.1875],"tintindex":0,"rotation":0,"texture":"#0"},"west":{"uv":[1.71875,6.28125,1.6875,6.34375],"tintindex":0,"rotation":0,"texture":"#0"},"up":{"uv":[3.0625,4.875,3.125,4.84375],"tintindex":0,"rotation":0,"texture":"#0"},"down":{"uv":[4.84375,3.09375,4.90625,3.125],"tintindex":0,"rotation":0,"texture":"#0"}},"rotation":{"origin":[-4.065896,1.5204964,9.619432],"angle":-45.0,"axis":"z"}},{"from":[-4.790097,4.354332,5.085298],"to":[-2.5860052,10.021999,7.6042614],"faces":{"east":{"uv":[6.40625,8.375,6.3125,8.59375],"tintindex":0,"rotation":0,"texture":"#0"},"south":{"uv":[6.3125,8.375,6.21875,8.59375],"tintindex":0,"rotation":0,"texture":"#0"},"north":{"uv":[6.125,8.375,6.03125,8.59375],"tintindex":0,"rotation":0,"texture":"#0"},"west":{"uv":[6.21875,8.375,6.125,8.59375],"tintindex":0,"rotation":0,"texture":"#0"},"up":{"uv":[7.25,8.59375,7.34375,8.5],"tintindex":0,"rotation":0,"texture":"#0"},"down":{"uv":[8.5,7.28125,8.59375,7.375],"tintindex":0,"rotation":0,"texture":"#0"}}},{"from":[-4.790097,2.5910568,5.5261164],"to":[-2.837901,4.9840736,7.1634426],"faces":{"east":{"uv":[4.5,7.40625,4.4375,7.5],"tintindex":0,"rotation":0,"texture":"#0"},"south":{"uv":[6.65625,7.375,6.59375,7.46875],"tintindex":0,"rotation":0,"texture":"#0"},"north":{"uv":[4.375,7.03125,4.3125,7.125],"tintindex":0,"rotation":0,"texture":"#0"},"west":{"uv":[5.40625,7.09375,5.34375,7.1875],"tintindex":0,"rotation":0,"texture":"#0"},"up":{"uv":[7.3125,6.75,7.375,6.6875],"tintindex":0,"rotation":0,"texture":"#0"},"down":{"uv":[7.40625,5.65625,7.46875,5.71875],"tintindex":0,"rotation":0,"texture":"#0"}},"rotation":{"origin":[-3.6880503,4.039463,6.34478],"angle":-22.5,"axis":"z"}},{"from":[-4.4122534,2.2132149,2.3774128],"to":[-2.4600573,4.606228,4.0147386],"faces":{"east":{"uv":[6.09375,7.0,6.03125,7.09375],"tintindex":0,"rotation":0,"texture":"#0"},"south":{"uv":[7.0625,2.6875,7.0,2.78125],"tintindex":0,"rotation":0,"texture":"#0"},"north":{"uv":[4.84375,6.34375,4.78125,6.4375],"tintindex":0,"rotation":0,"texture":"#0"},"west":{"uv":[7.03125,5.71875,6.96875,5.8125],"tintindex":0,"rotation":0,"texture":"#0"},"up":{"uv":[6.375,3.03125,6.4375,2.96875],"tintindex":0,"rotation":0,"texture":"#0"},"down":{"uv":[0.75,6.5625,0.8125,6.625],"tintindex":0,"rotation":0,"texture":"#0"}},"rotation":{"origin":[-3.3102064,3.6616173,3.1960754],"angle":-22.5,"axis":"z"}},{"from":[-2.2081594,2.402134,1.6217237],"to":[9.127174,13.737469,14.216539],"faces":{"east":{"uv":[5.8125,1.25,5.375,1.65625],"tintindex":0,"rotation":0,"texture":"#0"},"south":{"uv":[4.8125,5.9375,4.40625,6.34375],"tintindex":0,"rotation":0,"texture":"#0"},"north":{"uv":[6.21875,1.25,5.8125,1.65625],"tintindex":0,"rotation":0,"texture":"#0"},"west":{"uv":[2.25,3.875,1.8125,4.28125],"tintindex":0,"rotation":0,"texture":"#0"},"up":{"uv":[3.125,5.84375,3.53125,5.40625],"tintindex":0,"rotation":0,"texture":"#0"},"down":{"uv":[5.46875,3.71875,5.875,4.15625],"tintindex":0,"rotation":0,"texture":"#0"}}},{"from":[-5.167941,0.95373154,2.6922832],"to":[-3.4676428,2.9689026,3.6998682],"faces":{"east":{"uv":[2.5,3.0625,2.46875,3.125],"tintindex":0,"rotation":0,"texture":"#0"},"south":{"uv":[2.28125,7.125,2.21875,7.1875],"tintindex":0,"rotation":0,"texture":"#0"},"north":{"uv":[5.375,6.6875,5.3125,6.75],"tintindex":0,"rotation":0,"texture":"#0"},"west":{"uv":[1.3125,2.25,1.28125,2.3125],"tintindex":0,"rotation":0,"texture":"#0"},"up":{"uv":[4.75,0.625,4.8125,0.59375],"tintindex":0,"rotation":0,"texture":"#0"},"down":{"uv":[2.875,4.84375,2.9375,4.875],"tintindex":0,"rotation":0,"texture":"#0"}},"rotation":{"origin":[-4.317792,2.024292,3.1960754],"angle":-45.0,