{"textures":{"0":"modelengine:entity/skeleton_shaman"},"elements":[{"from":[3.3464546,2.9902248,8.039622],"to":[13.346455,7.990225,8.039622],"faces":{"south":{"uv":[3.625,1.25,4.875,1.875],"tintindex":0,"rotation":0,"texture":"#0"},"north":{"uv":[3.375,3.5,4.625,4.125],"tintindex":0,"rotation":0,"texture":"#0"}}}]}