{"textures":{"0":"modelengine:entity/skeleton_shaman"},"elements":[{"from":[3.0964546,4.1722145,7.3999343],"to":[13.096455,8.1722145,7.3999343],"faces":{"south":{"uv":[3.375,5.125,4.625,5.625],"tintindex":0,"rotation":0,"texture":"#0"},"north":{"uv":[2.0,5.125,3.25,5.625],"tintindex":0,"rotation":0,"texture":"#0"}},"rotation":{"origin":[8.096455,6.1722145,7.3999343],"angle":22.5,"axis":"x"}}]}