{"textures":{"0":"modelengine:entity/skeleton_shaman"},"elements":[{"from":[6.946455,9.645381,-6.9317484],"to":[9.946455,11.645381,-4.9317484],"faces":{"east":{"uv":[11.625,1.875,11.875,2.125],"tintindex":0,"rotation":0,"texture":"#0"},"south":{"uv":[5.875,11.25,6.25,11.5],"tintindex":0,"rotation":0,"texture":"#0"},"north":{"uv":[11.25,2.375,11.625,2.625],"tintindex":0,"rotation":0,"texture":"#0"},"west":{"uv":[11.875,1.875,11.625,2.125],"tintindex":0,"rotation":0,"texture":"#0"},"up":{"uv":[11.625,8.0,11.25,7.75],"tintindex":0,"rotation":0,"texture":"#0"},"down":{"uv":[11.625,8.5,11.25,8.75],"tintindex":0,"rotation":0,"texture":"#0"}},"rotation":{"origin":[8.446455,10.645381,-5.9317484],"angle":45.0,"axis":"x"}},{"from":[5.2941484,13.674911,-14.553923],"to":[6.2941484,14.674911,-11.553923],"faces":{"east":{"uv":[12.0,7.25,11.625,7.375],"tintindex":0,"rotation":0,"texture":"#0"},"south":{"uv":[10.375,11.875,10.25,12.0],"tintindex":0,"rotation":0,"texture":"#0"},"north":{"uv":[10.125,11.875,10.0,12.0],"tintindex":0,"rotation":0,"texture":"#0"},"west":{"uv":[12.0,4.25,11.625,4.375],"tintindex":0,"rotation":0,"texture":"#0"},"up":{"uv":[7.125,12.0,7.25,11.625],"tintindex":0,"rotation":0,"texture":"#0"},"down":{"uv":[11.0,11.625,11.125,12.0],"tintindex":0,"rotation":0,"texture":"#0"}},"rotation":{"origin":[5.7941484,14.174911,-13.053923],"angle":45.0,"axis":"x"}},{"from":[10.687099,13.674911,-14.553923],"to":[11.687099,14.674911,-11.553923],"faces":{"east":{"uv":[11.625,4.25,12.0,4.375],"tintindex":0,"rotation":0,"texture":"#0"},"south":{"uv":[10.25,11.875,10.375,12.0],"tintindex":0,"rotation":0,"texture":"#0"},"north":{"uv":[10.0,11.875,10.125,12.0],"tintindex":0,"rotation":0,"texture":"#0"},"west":{"uv":[11.625,7.25,12.0,7.375],"tintindex":0,"rotation":0,"texture":"#0"},"up":{"uv":[7.25,12.0,7.125,11.625],"tintindex":0,"rotation":0,"texture":"#0"},"down":{"uv":[11.125,11.625,11.0,12.0],"tintindex":0,"rotation":0,"texture":"#0"}},"rotation":{"origin":[11.187099,14.174911,-13.053923],"angle":45.0,"axis":"x"}},{"from":[7.446455,6.2550793,-8.398659],"to":[9.446455,8.255079,19.601341],"faces":{"east":{"uv":[2.5,0.875,6.0,1.125],"tintindex":0,"rotation":0,"texture":"#0"},"south":{"uv":[0.375,11.625,0.625,11.875],"tintindex":0,"rotation":0,"texture":"#0"},"north":{"uv":[11.5,11.25,11.75,11.5],"tintindex":0,"rotation":0,"texture":"#0"},"west":{"uv":[3.375,3.125,6.875,3.375],"tintindex":0,"rotation":0,"texture":"#0"},"up":{"uv":[0.25,6.875,0.0,3.375],"tintindex":0,"rotation":0,"texture":"#0"},"down":{"uv":[0.625,3.375,0.375,6.875],"tintindex":0,"rotation":0,"texture":"#0"}},"rotation":{"origin":[8.446455,7.2550793,5.6013412],"angle":22.5,"axis":"x"}},{"from":[6.446455,14.0469885,-5.948207],"to":[10.446455,14.0469885,-0.9482069],"faces":{"up":{"uv":[9.0,1.5,8.5,0.875],"tintindex":0,"rotation":0,"texture":"#0"},"down":{"uv":[9.0,0.875,8.5,1.5],"tintindex":0,"rotation":0,"texture":"#0"}}},{"from":[5.7535458,10.449229,-7.5005865],"to":[5.7535458,14.449229,-2.5005865],"faces":{"east":{"uv":[9.125,2.375,8.5,2.875],"tintindex":0,"rotation":0,"texture":"#0"},"west":{"uv":[8.5,2.375,9.125,2.875],"tintindex":0,"rotation":0,"texture":"#0"}},"rotation":{"origin":[5.7535458,12.449229,-5.0005865],"angle":-22.5,"axis":"y"}},{"from":[6.946455,4.9897118,5.4491005],"to":[9.946455,7.9897118,9.4491005],"faces":{"east":{"uv":[8.375,9.625,8.875,10.0],"tintindex":0,"rotation":0,"texture":"#0"},"south":{"uv":[10.375,5.625,10.75,6.0],"tintindex":0,"rotation":0,"texture":"#0"},"north":{"uv":[10.375,5.125,10.75,5.5],"tintindex":0,"rotation":0,"texture":"#0"},"west":{"uv":[9.625,9.5,10.125,9.875],"tintindex":0,"rotation":0,"texture":"#0"},"up":{"uv":[0.375,10.25,0.0,9.75],"tintindex":0,"rotation":0,"texture":"#0"},"down":{"uv":[2.0,9.75,1.625,10.25],"tintindex":0,"rotation":0,"texture":"#0"}},"rotation":{"origin":[8.446455,6.4897118,7.4491005],"angle":22.5,"axis":"x"}},{"from":[6.446455,11.229964,-10.409094],"to":[10.446455,15.229964,-6.409093],"faces":{"east":{"uv":[9.0,5.875,9.5,6.375],"tintindex":0,"rotation":0,"texture":"#0"},"south":{"uv":[9.0,6.5,9.5,7.0],"tintindex":0,"rotation":0,"texture":"#0"},"north":{"uv":[9.0,5.25,9.5,5.75],"tintindex":0,"rotation":0,"texture":"#0"},"west":{"uv":[9.5,5.875,9.0,6.375],"tintindex":0,"rotation":0,"texture":"#0"},"up":{"uv":[7.75,9.5,7.25,9.0],"tintindex":0,"rotation":0,"texture":"#0"},"down":{"uv":[0.5,9.125,0.0,9.625],"tintindex":0,"rotation":0,"texture":"#0"}},"rotation":{"origin":[8.446455,13.229964,-8.409094],"angle":22.5,"axis":"x"}},{"from":[7.9714556,-1.639494,18.601313],"to":[8.921455,-0.63949394,22.601313],"faces":{"east":{"uv":[11.375,9.625,11.875,9.75],"tintindex":0,"rotation":0,"texture":"#0"},"south":{"uv":[0.25,12.0,0.375,12.125],"tintindex":0,"rotation":0,"texture":"#0"},"north":{"uv":[11.875,11.25,12.0,11.375],"tintindex":0,"rotation":0,"texture":"#0"},"west":{"uv":[11.625,2.75,12.125,2.875],"tintindex":0,"rotation":0,"texture":"#0"},"up":{"uv":[6.0,12.125,5.875,11.625],"tintindex":0,"rotation":0,"texture":"#0"},"down":{"uv":[6.25,11.625,6.125,12.125],"tintindex":0,"rotation":0,"texture":"#0"}}},{"from":[7.946455,-1.4090519,17.759827],"to":[8.946455,2.590948,19.759827],"faces":{"east":{"uv":[2.625,11.0,2.875,11.5],"tintindex":0,"rotation":0,"texture":"#0"},"south":{"uv":[3.0,11.625,3.125,12.125],"tintindex":0,"rotation":0,"texture":"#0"},"north":{"uv":[10.75,11.5,10.875,12.0],"tintindex":0,"rotation":0,"texture":"#0"},"west":{"uv":[3.0,11.0,3.25,11.5],"tintindex":0,"rotation":0,"texture":"#0"},"up":{"uv":[4.75,12.125,4.625,11.875],"tintindex":0,"rotation":0,"texture":"#0"},"down":{"uv":[5.0,11.875,4.875,12.125],"tintindex":0,"rotation":0,"texture":"#0"}},"rotation":{"origin":[8.446455,0.5909481,18.759827],"angle":-22.5,"axis":"x"}},{"from":[5.906234,12.760697,-12.269653],"to":[6.906234,14.760697,-9.269653],"faces":{"east":{"uv":[11.75,0.0,11.375,0.25],"tintindex":0,"rotation":0,"texture":"#0"},"south":{"uv":[4.5,11.875,4.375,12.125],"tintindex":0,"rotation":0,"texture":"#0"},"north":{"uv":[12.0,3.0,11.875,3.25],"tintindex":0,"rotation":0,"texture":"#0"},"west":{"uv":[11.375,11.25,11.0,11.5],"tintindex":0,"rotation":0,"texture":"#0"},"up":{"uv":[11.25,12.0,11.375,11.625],"tintindex":0,"rotation":0,"texture":"#0"},"down":{"uv":[11.5,11.625,11.625,12.0],"tintindex":0,"rotation":0,"texture":"#0"}},"rotation":{"origin":[6.406234,13.760697,-10.769653],"angle":22.5,"axis":"y"}},{"from":[10.075014,12.760697,-12.269653],"to":[11.075014,14.760697,-9.269653],"faces":{"east":{"uv":[11.0,11.25,11.375,11.5],"tintindex":0,"rotation":0,"texture":"#0"},"south":{"uv":[4.375,11.875,4.5,12.125],"tintindex":0,"rotation":0,"texture":"#0"},"north":{"uv":[11.875,3.0,12.0,3.25],"tintindex":0,"rotation":0,"texture":"#0"},"west":{"uv":[11.375,0.0,11.75,0.25],"tintindex":0,"rotation":0,"texture":"#0"},"up":{"uv":[11.375,12.0,11.25,11.625],"tintindex":0,"rotation":0,"texture":"#0"},"down":{"uv":[11.625,11.625,11.5,12.0],"tintindex":0,"rotation":0,"texture":"#0"}},"rotation":{"origin":[10.575014,13.760697,-10.769653],"angle":-22.5,"axis":"y"}},{"from":[11.092966,10.449229,-7.462125],"to":[11.092966,14.449229,-2.4621248],"faces":{"east":{"uv":[8.375,8.5,9.0,9.0],"tintindex":0,"rotation":0,"texture":"#0"},"west":{"uv":[9.0,8.5,8.375,9.0],"tintindex":0,"rotation":0,"texture":"#0"}},"rotation":{"origin":[11.092966,12.449229,-4.962125],"angle":22.5,"axis":"y"}}]}