{"textures":{"0":"modelengine:entity/skeleton_shaman"},"elements":[{"from":[6.5964546,5.1147118,5.4491005],"to":[9.596455,8.114712,9.4491005],"faces":{"east":{"uv":[9.625,6.25,10.125,6.625],"tintindex":0,"rotation":0,"texture":"#0"},"south":{"uv":[10.25,6.25,10.625,6.625],"tintindex":0,"rotation":0,"texture":"#0"},"north":{"uv":[5.75,10.25,6.125,10.625],"tintindex":0,"rotation":0,"texture":"#0"},"west":{"uv":[6.75,9.625,7.25,10.0],"tintindex":0,"rotation":0,"texture":"#0"},"up":{"uv":[10.0,7.25,9.625,6.75],"tintindex":0,"rotation":0,"texture":"#0"},"down":{"uv":[7.75,9.625,7.375,10.125],"tintindex":0,"rotation":0,"texture":"#0"}},"rotation":{"origin":[8.096455,6.6147118,7.4491005],"angle":22.5,"axis":"x"}}]}