{"textures":{"0":"modelengine:entity/sintia_the_hydra"},"elements":[{"from":[7.8999996,1.4196997,-7.60999],"to":[8.0,15.4197,8.39001],"faces":{"east":{"uv":[11.4375,3.0625,12.4375,3.9375],"tintindex":0,"rotation":0,"texture":"#0"},"south":{"uv":[5.75,7.3125,5.6875,8.1875],"tintindex":0,"rotation":0,"texture":"#0"},"north":{"uv":[2.375,5.8125,2.3125,6.6875],"tintindex":0,"rotation":0,"texture":"#0"},"west":{"uv":[12.4375,3.0625,11.4375,3.9375],"tintindex":0,"rotation":0,"texture":"#0"},"up":{"uv":[2.1875,6.8125,2.25,5.8125],"tintindex":0,"rotation":0,"texture":"#0"},"down":{"uv":[2.25,5.8125,2.3125,6.8125],"tintindex":0,"rotation":0,"texture":"#0"}}},{"from":[5.0,7.0513387,2.1754465],"to":[11.0,13.051338,9.1754465],"faces":{"east":{"uv":[13.1875,8.5625,13.625,8.9375],"tintindex":0,"rotation":0,"texture":"#0"},"south":{"uv":[13.375,10.4375,13.75,10.8125],"tintindex":0,"rotation":0,"texture":"#0"},"north":{"uv":[13.75,10.4375,13.375,10.8125],"tintindex":0,"rotation":0,"texture":"#0"},"west":{"uv":[13.625,8.5625,13.1875,8.9375],"tintindex":0,"rotation":0,"texture":"#0"},"up":{"uv":[13.3125,7.0,13.6875,6.5625],"tintindex":0,"rotation":0,"texture":"#0"},"down":{"uv":[13.3125,6.5625,13.6875,7.0],"tintindex":0,"rotation":0,"texture":"#0"}},"rotation":{"origin":[7.9750004,8.70985,3.1950045],"angle":22.5,"axis":"x"}}]}