{"textures":{"0":"modelengine:entity/sintia_the_hydra"},"elements":[{"from":[2.5,1.5,0.5],"to":[13.5,8.5,13.5],"faces":{"east":{"uv":[12.9375,12.125,13.75,12.5625],"tintindex":0,"rotation":0,"texture":"#0"},"south":{"uv":[13.1875,0.375,13.875,0.8125],"tintindex":0,"rotation":0,"texture":"#0"},"north":{"uv":[13.875,0.375,13.1875,0.8125],"tintindex":0,"rotation":0,"texture":"#0"},"west":{"uv":[13.75,12.125,12.9375,12.5625],"tintindex":0,"rotation":0,"texture":"#0"},"up":{"uv":[13.125,13.375,12.4375,12.5625],"tintindex":0,"rotation":0,"texture":"#0"},"down":{"uv":[13.125,12.5625,12.4375,13.375],"tintindex":0,"rotation":0,"texture":"#0"}}},{"from":[4.5,1.5,13.5],"to":[11.5,8.5,17.5],"faces":{"east":{"uv":[2.125,7.75,2.375,8.1875],"tintindex":0,"rotation":0,"texture":"#0"},"south":{"uv":[13.1875,2.625,13.625,3.0625],"tintindex":0,"rotation":0,"texture":"#0"},"north":{"uv":[13.1875,2.625,13.625,3.0625],"tintindex":0,"rotation":0,"texture":"#0"},"west":{"uv":[2.375,7.75,2.125,8.1875],"tintindex":0,"rotation":0,"texture":"#0"},"up":{"uv":[5.75,10.0625,5.3125,9.8125],"tintindex":0,"rotation":0,"texture":"#0"},"down":{"uv":[5.75,9.8125,5.3125,10.0625],"tintindex":0,"rotation":0,"texture":"#0"}}},{"from":[1.5,0.115478516,12.015156],"to":[7.5,6.1154785,19.015156],"faces":{"east":{"uv":[13.625,8.5625,13.1875,8.9375],"tintindex":0,"rotation":0,"texture":"#0"},"south":{"uv":[13.375,10.4375,13.75,10.8125],"tintindex":0,"rotation":0,"texture":"#0"},"north":{"uv":[13.75,10.4375,13.375,10.8125],"tintindex":0,"rotation":0,"texture":"#0"},"west":{"uv":[13.1875,8.5625,13.625,8.9375],"tintindex":0,"rotation":0,"texture":"#0"},"up":{"uv":[13.3125,6.5625,13.6875,7.0],"tintindex":0,"rotation":0,"texture":"#0"},"down":{"uv":[13.3125,7.0,13.6875,6.5625],"tintindex":0,"rotation":0,"texture":"#0"}},"rotation":{"origin":[6.2250004,5.54015,8.25],"angle":-22.5,"axis":"x"}},{"from":[4.3999996,-1.5,13.5],"to":[4.5,12.5,29.5],"faces":{"east":{"uv":[12.4375,3.0625,11.4375,3.9375],"tintindex":0,"rotation":0,"texture":"#0"},"south":{"uv":[2.3125,5.8125,2.375,6.6875],"tintindex":0,"rotation":0,"texture":"#0"},"north":{"uv":[5.6875,7.3125,5.75,8.1875],"tintindex":0,"rotation":0,"texture":"#0"},"west":{"uv":[11.4375,3.0625,12.4375,3.9375],"tintindex":0,"rotation":0,"texture":"#0"},"up":{"uv":[2.1875,5.8125,2.25,6.8125],"tintindex":0,"rotation":0,"texture":"#0"},"down":{"uv":[2.25,6.8125,2.3125,5.8125],"tintindex":0,"rotation":0,"texture":"#0"}}}]}