{"textures":{"0":"modelengine:entity/sintia_the_hydra"},"elements":[{"from":[11.5,-1.5,13.5],"to":[11.6,12.5,29.5],"faces":{"east":{"uv":[12.4375,3.0625,11.4375,3.9375],"tintindex":0,"rotation":0,"texture":"#0"},"south":{"uv":[2.375,5.8125,2.3125,6.6875],"tintindex":0,"rotation":0,"texture":"#0"},"north":{"uv":[5.75,7.3125,5.6875,8.1875],"tintindex":0,"rotation":0,"texture":"#0"},"west":{"uv":[11.4375,3.0625,12.4375,3.9375],"tintindex":0,"rotation":0,"texture":"#0"},"up":{"uv":[2.25,5.8125,2.1875,6.8125],"tintindex":0,"rotation":0,"texture":"#0"},"down":{"uv":[2.3125,6.8125,2.25,5.8125],"tintindex":0,"rotation":0,"texture":"#0"}}},{"from":[2.5,1.5,0.5],"to":[13.5,8.5,13.5],"faces":{"east":{"uv":[12.9375,12.125,13.75,12.5625],"tintindex":0,"rotation":0,"texture":"#0"},"south":{"uv":[13.875,0.375,13.1875,0.8125],"tintindex":0,"rotation":0,"texture":"#0"},"north":{"uv":[13.1875,0.375,13.875,0.8125],"tintindex":0,"rotation":0,"texture":"#0"},"west":{"uv":[13.75,12.125,12.9375,12.5625],"tintindex":0,"rotation":0,"texture":"#0"},"up":{"uv":[12.4375,13.375,13.125,12.5625],"tintindex":0,"rotation":0,"texture":"#0"},"down":{"uv":[12.4375,12.5625,13.125,13.375],"tintindex":0,"rotation":0,"texture":"#0"}}},{"from":[8.5,0.4981618,12.091276],"to":[14.5,6.498162,19.091276],"faces":{"east":{"uv":[13.625,8.5625,13.1875,8.9375],"tintindex":0,"rotation":0,"texture":"#0"},"south":{"uv":[13.75,10.4375,13.375,10.8125],"tintindex":0,"rotation":0,"texture":"#0"},"north":{"uv":[13.375,10.4375,13.75,10.8125],"tintindex":0,"rotation":0,"texture":"#0"},"west":{"uv":[13.1875,8.5625,13.625,8.9375],"tintindex":0,"rotation":0,"texture":"#0"},"up":{"uv":[13.6875,6.5625,13.3125,7.0],"tintindex":0,"rotation":0,"texture":"#0"},"down":{"uv":[13.6875,7.0,13.3125,6.5625],"tintindex":0,"rotation":0,"texture":"#0"}},"rotation":{"origin":[9.775,5.54015,9.25],"angle":-22.5,"axis":"x"}},{"from":[4.5,1.5,13.5],"to":[11.5,8.5,17.5],"faces":{"east":{"uv":[2.125,7.75,2.375,8.1875],"tintindex":0,"rotation":0,"texture":"#0"},"south":{"uv":[13.625,2.625,13.1875,3.0625],"tintindex":0,"rotation":0,"texture":"#0"},"north":{"uv":[13.625,2.625,13.1875,3.0625],"tintindex":0,"rotation":0,"texture":"#0"},"west":{"uv":[2.375,7.75,2.125,8.1875],"tintindex":0,"rotation":0,"texture":"#0"},"up":{"uv":[5.3125,10.0625,5.75,9.8125],"tintindex":0,"rotation":0,"texture":"#0"},"down":{"uv":[5.3125,9.8125,5.75,10.0625],"tintindex":0,"rotation":0,"texture":"#0"}}}]}