{"textures":{"0":"modelengine:entity/sintia_the_hydra"},"elements":[{"from":[3.9723501,3.7749748,-0.36805725],"to":[12.47235,12.274975,7.6319427],"faces":{"east":{"uv":[2.8125,11.125,3.8125,12.1875],"tintindex":0,"rotation":0,"texture":"#0"},"south":{"uv":[10.375,2.875,11.4375,3.9375],"tintindex":0,"rotation":0,"texture":"#0"},"north":{"uv":[11.4375,2.875,10.375,3.9375],"tintindex":0,"rotation":0,"texture":"#0"},"west":{"uv":[3.8125,11.125,2.8125,12.1875],"tintindex":0,"rotation":0,"texture":"#0"},"up":{"uv":[7.5625,12.125,6.5,11.125],"tintindex":0,"rotation":0,"texture":"#0"},"down":{"uv":[8.625,11.125,7.5625,12.125],"tintindex":0,"rotation":0,"texture":"#0"}}},{"from":[5.994384,-11.371437,-6.3499985],"to":[6.0443835,3.628563,15.149998],"faces":{"east":{"uv":[5.75,13.0625,8.4375,14.9375],"tintindex":0,"rotation":0,"texture":"#0"},"south":{"uv":[0.00625,0.0,0.0,1.875],"tintindex":0,"rotation":0,"texture":"#0"},"north":{"uv":[0.00625,0.0,0.0,1.875],"tintindex":0,"rotation":0,"texture":"#0"},"west":{"uv":[8.4375,13.0625,5.75,14.9375],"tintindex":0,"rotation":0,"texture":"#0"},"up":{"uv":[0.00625,0.0,0.0,2.6875],"tintindex":0,"rotation":0,"texture":"#0"},"down":{"uv":[0.00625,0.0,0.0,2.6875],"tintindex":0,"rotation":0,"texture":"#0"}},"rotation":{"origin":[8.22235,8.325001,3.2262726],"angle":-22.5,"axis":"z"}},{"from":[3.75179,8.36393,-9.368057],"to":[7.25179,10.86393,-6.8680573],"faces":{"east":{"uv":[2.375,5.0625,2.6875,5.375],"tintindex":0,"rotation":0,"texture":"#0"},"south":{"uv":[4.875,10.9375,5.3125,11.25],"tintindex":0,"rotation":0,"texture":"#0"},"north":{"uv":[5.3125,10.9375,4.875,11.25],"tintindex":0,"rotation":0,"texture":"#0"},"west":{"uv":[2.6875,5.0625,2.375,5.375],"tintindex":0,"rotation":0,"texture":"#0"},"up":{"uv":[11.125,13.6875,11.5625,13.375],"tintindex":0,"rotation":0,"texture":"#0"},"down":{"uv":[11.125,13.375,11.5625,13.6875],"tintindex":0,"rotation":0,"texture":"#0"}},"rotation":{"origin":[8.22235,8.325001,3.2262726],"angle":-22.5,"axis":"z"}},{"from":[10.412863,-2.7250252,8.922989],"to":[10.462862,18.774975,23.922985],"faces":{"east":{"uv":[2.75,0.0,4.625,2.6875],"tintindex":0,"rotation":0,"texture":"#0"},"south":{"uv":[8.3125,13.0625,8.375,15.75],"tintindex":0,"rotation":0,"texture":"#0"},"north":{"uv":[8.25,13.0625,8.3125,15.75],"tintindex":0,"rotation":0,"texture":"#0"},"west":{"uv":[4.625,0.0,2.75,2.6875],"tintindex":0,"rotation":0,"texture":"#0"},"up":{"uv":[13.0,15.25,12.9375,13.375],"tintindex":0,"rotation":0,"texture":"#0"},"down":{"uv":[13.0625,13.375,13.0,15.25],"tintindex":0,"rotation":0,"texture":"#0"}},"rotation":{"origin":[8.22235,8.325001,3.2262726],"angle":22.5,"axis":"y"}},{"from":[8.4,11.25,-7.4000015],"to":[8.45,26.25,14.099998],"faces":{"east":{"uv":[8.4375,14.9375,5.75,13.0625],"tintindex":0,"rotation":0,"texture":"#0"},"south":{"uv":[0.0,0.0,0.00625,1.875],"tintindex":0,"rotation":0,"texture":"#0"},"north":{"uv":[0.0,0.0,0.00625,1.875],"tintindex":0,"rotation":0,"texture":"#0"},"west":{"uv":[5.75,14.9375,8.4375,13.0625],"tintindex":0,"rotation":0,"texture":"#0"},"up":{"uv":[0.0,0.0,0.00625,2.6875],"tintindex":0,"rotation":0,"texture":"#0"},"down":{"uv":[0.0,0.0,0.00625,2.6875],"tintindex":0,"rotation":0,"texture":"#0"}}},{"from":[4.72235,7.274975,-8.868057],"to":[11.72235,11.274975,-0.36805725],"faces":{"east":{"uv":[9.125,2.875,10.1875,3.375],"tintindex":0,"rotation":0,"texture":"#0"},"south":{"uv":[11.4375,2.125,10.5625,2.625],"tintindex":0,"rotation":0,"texture":"#0"},"north":{"uv":[10.5625,2.125,11.4375,2.625],"tintindex":0,"rotation":0,"texture":"#0"},"west":{"uv":[10.1875,2.875,9.125,3.375],"tintindex":0,"rotation":0,"texture":"#0"},"up":{"uv":[12.8125,7.0,11.9375,5.9375],"tintindex":0,"rotation":0,"texture":"#0"},"down":{"uv":[12.8125,5.9375,11.9375,7.0],"tintindex":0,"rotation":0,"texture":"#0"}}},{"from":[10.400316,-11.371437,-6.3499985],"to":[10.450316,3.628563,15.149998],"faces":{"east":{"uv":[5.75,13.0625,8.4375,14.9375],"tintindex":0,"rotation":0,"texture":"#0"},"south":{"uv":[0.0,0.0,0.00625,1.875],"tintindex":0,"rotation":0,"texture":"#0"},"north":{"uv":[0.0,0.0,0.00625,1.875],"tintindex":0,"rotation":0,"texture":"#0"},"west":{"uv":[8.4375,13.0625,5.75,14.9375],"tintindex":0,"rotation":0,"texture":"#0"},"up":{"uv":[0.0,0.0,0.00625,2.6875],"tintindex":0,"rotation":0,"texture":"#0"},"down":{"uv":[0.0,0.0,0.00625,2.6875],"tintindex":0,"rotation":0,"texture":"#0"}},"rotation":{"origin":[8.22235,8.325001,3.2262726],"angle":22.5,"axis":"z"}},{"from":[5.9818373,-2.7250252,8.922989],"to":[6.0318375,18.774975,23.922985],"faces":{"east":{"uv":[2.75,0.0,4.625,2.6875],"tintindex":0,"rotation":0,"texture":"#0"},"south":{"uv":[8.375,13.0625,8.3125,15.75],"tintindex":0,"rotation":0,"texture":"#0"},"north":{"uv":[8.3125,13.0625,8.25,15.75],"tintindex":0,"rotation":0,"texture":"#0"},"west":{"uv":[4.625,0.0,2.75,2.6875],"tintindex":0,"rotation":0,"texture":"#0"},"up":{"uv":[12.9375,15.25,13.0,13.375],"tintindex":0,"rotation":0,"texture":"#0"},"down":{"uv":[13.0,13.375,13.0625,15.25],"tintindex":0,"rotation":0,"texture":"#0"}},"rotation":{"origin":[8.22235,8.325001,3.2262726],"angle":-22.5,"axis":"y"}},{"from":[5.2473497,5.774975,-7.693054],"to":[11.09735,7.274975,-0.89305115],"faces":{"east":{"uv":[13.1875,5.8125,14.0625,5.625],"tintindex":0,"rotation":0,"texture":"#0"},"south":{"uv":[13.375,9.5,14.125,9.3125],"tintindex":0,"rotation":0,"texture":"#0"},"north":{"uv":[12.0625,10.3125,12.8125,10.125],"tintindex":0,"rotation":0,"texture":"#0"},"west":{"uv":[14.0625,5.8125,13.1875,5.625],"tintindex":0,"rotation":0,"texture":"#0"},"up":{"uv":[13.1875,3.9375,12.4375,3.0625],"tintindex":0,"rotation":0,"texture":"#0"},"down":{"uv":[13.1875,0.0,12.4375,0.875],"tintindex":0,"rotation":0,"texture":"#0"}}},{"from":[8.254532,1.2749748,9.236603],"to":[8.304531,15.774975,22.236607],"faces":{"east":{"uv":[5.8125,6.5625,7.4375,8.375],"tintindex":0,"rotation":0,"texture":"#0"},"south":{"uv":[2.5625,13.4375,2.5,15.25],"tintindex":0,"rotation":0,"texture":"#0"},"north":{"uv":[2.5,13.4375,2.4375,15.25],"tintindex":0,"rotation":0,"texture":"#0"},"west":{"uv":[7.4375,6.5625,5.8125,8.375],"tintindex":0,"rotation":0,"texture":"#0"},"up":{"uv":[2.5625,15.0625,2.625,13.4375],"tintindex":0,"rotation":0,"texture":"#0"},"down":{"uv":[2.625,13.4375,2.6875,15.0625],"tintindex":0,"rotation":0,"texture":"#0"}},"rotation":{"origin":[8.22235,8.325001,3.2262726],"angle":-45.0,"axis":"y"}},{"from":[8.140169,1.2749748,9.236603],"to":[8.190168,15.774975,22.236607],"faces":{"east":{"uv":[5.8125,6.5625,7.4375,8.375],"tintindex":0,"rotation":0,"texture":"#0"},"south":{"uv":[2.5,13.4375,2.5625,15.25],"tintindex":0,"rotation":0,"texture":"#0"},"north":{"uv":[2.4375,13.4375,2.5,15.25],"tintindex":0,"rotation":0,"texture":"#0"},"west":{"uv":[7.4375,6.5625,5.8125,8.375],"tintindex":0,"rotation":0,"texture":"#0"},"up":{"uv":[2.625,15.0625,2.5625,13.4375],"tintindex":0,"rotation":0,"texture":"#0"},"down":{"uv":[2.6875,13.4375,2.625,15.0625],"tintindex":0,"rotation":0,"texture":"#0"}},"rotation":{"origin":[8.22235,8.325001,3.2262726],"angle":45.0,"axis":"y"}},{"from":[9.192909,8.36393,-9.368057],"to":[12.69291,10.86393,-6.8680573],"faces":{"east":{"uv":[2.375,5.0625,2.6875,5.375],"tintindex":0,"rotation":0,"texture":"#0"},"south":{"uv":[5.3125,10.9375,4.875,11.25],"tintindex":0,"rotation":0,"texture":"#0"},"north":{"uv":[4.875,10.9375,5.3125,11.25],"tintindex":0,"rotation":0,"texture":"#0"},"west":{"uv":[2.6875,5.0625,2.375,5.375],"tintindex":0,"rotation":0,"texture":"#0"},"up":{"uv":[11.5625,13.6875,11.125,13.375],"tintindex":0,"rotation":0,"texture":"#0"},"down":{"uv":[11.5625,13.375,11.125,13.6875],"tintindex":0,"rotation":0,"texture":"#0"}},"rotation":{"origin":[8.22235,8.325001,3.2262726],"angle":22.5,"axis":"z"}}]}