{"textures":{"0":"modelengine:entity/sintia_the_hydra"},"elements":[{"from":[3.5167198,8.98154,-8.530689],"to":[7.01672,11.48154,-6.0306892],"faces":{"east":{"uv":[2.375,5.0625,2.6875,5.375],"tintindex":0,"rotation":0,"texture":"#0"},"south":{"uv":[4.875,10.9375,5.3125,11.25],"tintindex":0,"rotation":0,"texture":"#0"},"north":{"uv":[5.3125,10.9375,4.875,11.25],"tintindex":0,"rotation":0,"texture":"#0"},"west":{"uv":[2.6875,5.0625,2.375,5.375],"tintindex":0,"rotation":0,"texture":"#0"},"up":{"uv":[11.125,13.6875,11.5625,13.375],"tintindex":0,"rotation":0,"texture":"#0"},"down":{"uv":[11.125,13.375,11.5625,13.6875],"tintindex":0,"rotation":0,"texture":"#0"}},"rotation":{"origin":[7.98728,8.942611,4.0636406],"angle":-22.5,"axis":"z"}},{"from":[8.019461,1.8925848,10.073975],"to":[8.069462,16.392586,23.073975],"faces":{"east":{"uv":[5.8125,6.5625,7.4375,8.375],"tintindex":0,"rotation":0,"texture":"#0"},"south":{"uv":[2.5625,13.4375,2.5,15.25],"tintindex":0,"rotation":0,"texture":"#0"},"north":{"uv":[2.5,13.4375,2.4375,15.25],"tintindex":0,"rotation":0,"texture":"#0"},"west":{"uv":[7.4375,6.5625,5.8125,8.375],"tintindex":0,"rotation":0,"texture":"#0"},"up":{"uv":[2.5625,15.0625,2.625,13.4375],"tintindex":0,"rotation":0,"texture":"#0"},"down":{"uv":[2.625,13.4375,2.6875,15.0625],"tintindex":0,"rotation":0,"texture":"#0"}},"rotation":{"origin":[7.98728,8.942611,4.0636406],"angle":-45.0,"axis":"y"}},{"from":[8.16493,11.86761,-6.5626335],"to":[8.21493,26.86761,14.9373665],"faces":{"east":{"uv":[8.4375,14.9375,5.75,13.0625],"tintindex":0,"rotation":0,"texture":"#0"},"south":{"uv":[0.0,0.0,0.00625,1.875],"tintindex":0,"rotation":0,"texture":"#0"},"north":{"uv":[0.0,0.0,0.00625,1.875],"tintindex":0,"rotation":0,"texture":"#0"},"west":{"uv":[5.75,14.9375,8.4375,13.0625],"tintindex":0,"rotation":0,"texture":"#0"},"up":{"uv":[0.0,0.0,0.00625,2.6875],"tintindex":0,"rotation":0,"texture":"#0"},"down":{"uv":[0.0,0.0,0.00625,2.6875],"tintindex":0,"rotation":0,"texture":"#0"}}},{"from":[10.177792,-2.1074152,9.760353],"to":[10.227793,19.392586,24.760353],"faces":{"east":{"uv":[2.75,0.0,4.625,2.6875],"tintindex":0,"rotation":0,"texture":"#0"},"south":{"uv":[8.3125,13.0625,8.375,15.75],"tintindex":0,"rotation":0,"texture":"#0"},"north":{"uv":[8.25,13.0625,8.3125,15.75],"tintindex":0,"rotation":0,"texture":"#0"},"west":{"uv":[4.625,0.0,2.75,2.6875],"tintindex":0,"rotation":0,"texture":"#0"},"up":{"uv":[13.0,15.25,12.9375,13.375],"tintindex":0,"rotation":0,"texture":"#0"},"down":{"uv":[13.0625,13.375,13.0,15.25],"tintindex":0,"rotation":0,"texture":"#0"}},"rotation":{"origin":[7.98728,8.942611,4.0636406],"angle":22.5,"axis":"y"}},{"from":[7.9050984,1.8925848,10.073975],"to":[7.9550986,16.392586,23.073975],"faces":{"east":{"uv":[5.8125,6.5625,7.4375,8.375],"tintindex":0,"rotation":0,"texture":"#0"},"south":{"uv":[2.5,13.4375,2.5625,15.25],"tintindex":0,"rotation":0,"texture":"#0"},"north":{"uv":[2.4375,13.4375,2.5,15.25],"tintindex":0,"rotation":0,"texture":"#0"},"west":{"uv":[7.4375,6.5625,5.8125,8.375],"tintindex":0,"rotation":0,"texture":"#0"},"up":{"uv":[2.625,15.0625,2.5625,13.4375],"tintindex":0,"rotation":0,"texture":"#0"},"down":{"uv":[2.6875,13.4375,2.625,15.0625],"tintindex":0,"rotation":0,"texture":"#0"}},"rotation":{"origin":[7.98728,8.942611,4.0636406],"angle":45.0,"axis":"y"}},{"from":[5.01228,6.392585,-6.855686],"to":[10.86228,7.892585,-0.055683136],"faces":{"east":{"uv":[13.1875,5.8125,14.0625,5.625],"tintindex":0,"rotation":0,"texture":"#0"},"south":{"uv":[13.375,9.5,14.125,9.3125],"tintindex":0,"rotation":0,"texture":"#0"},"north":{"uv":[12.0625,10.3125,12.8125,10.125],"tintindex":0,"rotation":0,"texture":"#0"},"west":{"uv":[14.0625,5.8125,13.1875,5.625],"tintindex":0,"rotation":0,"texture":"#0"},"up":{"uv":[13.1875,3.9375,12.4375,3.0625],"tintindex":0,"rotation":0,"texture":"#0"},"down":{"uv":[13.1875,0.0,12.4375,0.875],"tintindex":0,"rotation":0,"texture":"#0"}}},{"from":[5.7467675,-2.1074152,9.760353],"to":[5.796767,19.392586,24.760353],"faces":{"east":{"uv":[2.75,0.0,4.625,2.6875],"tintindex":0,"rotation":0,"texture":"#0"},"south":{"uv":[8.375,13.0625,8.3125,15.75],"tintindex":0,"rotation":0,"texture":"#0"},"north":{"uv":[8.3125,13.0625,8.25,15.75],"tintindex":0,"rotation":0,"texture":"#0"},"west":{"uv":[4.625,0.0,2.75,2.6875],"tintindex":0,"rotation":0,"texture":"#0"},"up":{"uv":[12.9375,15.25,13.0,13.375],"tintindex":0,"rotation":0,"texture":"#0"},"down":{"uv":[13.0,13.375,13.0625,15.25],"tintindex":0,"rotation":0,"texture":"#0"}},"rotation":{"origin":[7.98728,8.942611,4.0636406],"angle":-22.5,"axis":"y"}},{"from":[5.7593136,-10.753828,-5.5126305],"to":[5.809314,4.246173,15.987366],"faces":{"east":{"uv":[5.75,13.0625,8.4375,14.9375],"tintindex":0,"rotation":0,"texture":"#0"},"south":{"uv":[0.00625,0.0,0.0,1.875],"tintindex":0,"rotation":0,"texture":"#0"},"north":{"uv":[0.00625,0.0,0.0,1.875],"tintindex":0,"rotation":0,"texture":"#0"},"west":{"uv":[8.4375,13.0625,5.75,14.9375],"tintindex":0,"rotation":0,"texture":"#0"},"up":{"uv":[0.00625,0.0,0.0,2.6875],"tintindex":0,"rotation":0,"texture":"#0"},"down":{"uv":[0.00625,0.0,0.0,2.6875],"tintindex":0,"rotation":0,"texture":"#0"}},"rotation":{"origin":[7.98728,8.942611,4.0636406],"angle":-22.5,"axis":"z"}},{"from":[3.73728,4.392585,0.46931076],"to":[12.23728,12.892585,8.469311],"faces":{"east":{"uv":[2.8125,11.125,3.8125,12.1875],"tintindex":0,"rotation":0,"texture":"#0"},"south":{"uv":[10.375,2.875,11.4375,3.9375],"tintindex":0,"rotation":0,"texture":"#0"},"north":{"uv":[11.4375,2.875,10.375,3.9375],"tintindex":0,"rotation":0,"texture":"#0"},"west":{"uv":[3.8125,11.125,2.8125,12.1875],"tintindex":0,"rotation":0,"texture":"#0"},"up":{"uv":[7.5625,12.125,6.5,11.125],"tintindex":0,"rotation":0,"texture":"#0"},"down":{"uv":[8.625,11.125,7.5625,12.125],"tintindex":0,"rotation":0,"texture":"#0"}}},{"from":[10.165247,-10.753828,-5.5126305],"to":[10.215246,4.246173,15.987366],"faces":{"east":{"uv":[5.75,13.0625,8.4375,14.9375],"tintindex":0,"rotation":0,"texture":"#0"},"south":{"uv":[0.0,0.0,0.00625,1.875],"tintindex":0,"rotation":0,"texture":"#0"},"north":{"uv":[0.0,0.0,0.00625,1.875],"tintindex":0,"rotation":0,"texture":"#0"},"west":{"uv":[8.4375,13.0625,5.75,14.9375],"tintindex":0,"rotation":0,"texture":"#0"},"up":{"uv":[0.0,0.0,0.00625,2.6875],"tintindex":0,"rotation":0,"texture":"#0"},"down":{"uv":[0.0,0.0,0.00625,2.6875],"tintindex":0,"rotation":0,"texture":"#0"}},"rotation":{"origin":[7.98728,8.942611,4.0636406],"angle":22.5,"axis":"z"}},{"from":[8.95784,8.98154,-8.530689],"to":[12.45784,11.48154,-6.0306892],"faces":{"east":{"uv":[2.375,5.0625,2.6875,5.375],"tintindex":0,"rotation":0,"texture":"#0"},"south":{"uv":[5.3125,10.9375,4.875,11.25],"tintindex":0,"rotation":0,"texture":"#0"},"north":{"uv":[4.875,10.9375,5.3125,11.25],"tintindex":0,"rotation":0,"texture":"#0"},"west":{"uv":[2.6875,5.0625,2.375,5.375],"tintindex":0,"rotation":0,"texture":"#0"},"up":{"uv":[11.5625,13.6875,11.125,13.375],"tintindex":0,"rotation":0,"texture":"#0"},"down":{"uv":[11.5625,13.375,11.125,13.6875],"tintindex":0,"rotation":0,"texture":"#0"}},"rotation":{"origin":[7.98728,8.942611,4.0636406],"angle":22.5,"axis":"z"}},{"from":[4.48728,7.892585,-8.030689],"to":[11.48728,11.892585,0.46931076],"faces":{"east":{"uv":[9.125,2.875,10.1875,3.375],"tintindex":0,"rotation":0,"texture":"#0"},"south":{"uv":[11.4375,2.125,10.5625,2.625],"tintindex":0,"rotation":0,"texture":"#0"},"north":{"uv":[10.5625,2.125,11.4375,2.625],"tintindex":0,"rotation":0,"texture":"#0"},"west":{"uv":[10.1875,2.875,9.125,3.375],"tintindex":0,"rotation":0,"texture":"#0"},"up":{"uv":[12.8125,7.0,11.9375,5.9375],"tintindex":0,"rotation":0,"texture":"#0"},"down":{"uv":[12.8125,5.9375,11.9375,7.0],"tintindex":0,"rotation":0,"texture":"#0"}}}]}