{"textures":{"0":"modelengine:entity/sintia_the_hydra"},"elements":[{"from":[8.7,5.1375,0.44999695],"to":[15.55,8.1375,7.949997],"faces":{"east":{"uv":[13.0625,4.375,14.0,4.75],"tintindex":0,"rotation":0,"texture":"#0"},"south":{"uv":[1.4375,13.125,0.5625,13.5],"tintindex":0,"rotation":0,"texture":"#0"},"north":{"uv":[0.5625,13.125,1.4375,13.5],"tintindex":0,"rotation":0,"texture":"#0"},"west":{"uv":[14.0,4.375,13.0625,4.75],"tintindex":0,"rotation":0,"texture":"#0"},"up":{"uv":[7.625,13.0625,6.75,12.125],"tintindex":0,"rotation":0,"texture":"#0"},"down":{"uv":[7.625,12.125,6.75,13.0625],"tintindex":0,"rotation":0,"texture":"#0"}}},{"from":[9.2,8.1375,1.1499939],"to":[15.05,9.6375,7.949997],"faces":{"east":{"uv":[13.1875,5.625,14.0625,5.8125],"tintindex":0,"rotation":0,"texture":"#0"},"south":{"uv":[13.375,9.3125,14.125,9.5],"tintindex":0,"rotation":0,"texture":"#0"},"north":{"uv":[12.0625,10.125,12.8125,10.3125],"tintindex":0,"rotation":0,"texture":"#0"},"west":{"uv":[14.0625,5.625,13.1875,5.8125],"tintindex":0,"rotation":0,"texture":"#0"},"up":{"uv":[13.1875,0.875,12.4375,0.0],"tintindex":0,"rotation":0,"texture":"#0"},"down":{"uv":[13.1875,3.0625,12.4375,3.9375],"tintindex":0,"rotation":0,"texture":"#0"}}},{"from":[11.88564,-8.362499,-1.5488205],"to":[11.93564,8.1375,17.451183],"faces":{"east":{"uv":[0.0,3.75,2.375,5.8125],"tintindex":0,"rotation":0,"texture":"#0"},"south":{"uv":[12.875,13.375,12.9375,15.4375],"tintindex":0,"rotation":0,"texture":"#0"},"north":{"uv":[5.375,13.3125,5.4375,15.375],"tintindex":0,"rotation":0,"texture":"#0"},"west":{"uv":[2.375,3.75,0.0,5.8125],"tintindex":0,"rotation":0,"texture":"#0"},"up":{"uv":[8.4375,15.4375,8.375,13.0625],"tintindex":0,"rotation":0,"texture":"#0"},"down":{"uv":[8.5,13.0625,8.4375,15.4375],"tintindex":0,"rotation":0,"texture":"#0"}}}]}