{"textures":{"0":"modelengine:entity/sintia_the_hydra"},"elements":[{"from":[0.9499998,8.1375,0.6499939],"to":[6.8,9.6375,7.449997],"faces":{"east":{"uv":[13.1875,5.625,14.0625,5.8125],"tintindex":0,"rotation":0,"texture":"#0"},"south":{"uv":[14.125,9.3125,13.375,9.5],"tintindex":0,"rotation":0,"texture":"#0"},"north":{"uv":[12.8125,10.125,12.0625,10.3125],"tintindex":0,"rotation":0,"texture":"#0"},"west":{"uv":[14.0625,5.625,13.1875,5.8125],"tintindex":0,"rotation":0,"texture":"#0"},"up":{"uv":[12.4375,0.875,13.1875,0.0],"tintindex":0,"rotation":0,"texture":"#0"},"down":{"uv":[12.4375,3.0625,13.1875,3.9375],"tintindex":0,"rotation":0,"texture":"#0"}}},{"from":[4.0643597,-8.362499,-2.0488205],"to":[4.11436,8.1375,16.951183],"faces":{"east":{"uv":[0.0,3.75,2.375,5.8125],"tintindex":0,"rotation":0,"texture":"#0"},"south":{"uv":[12.9375,13.375,12.875,15.4375],"tintindex":0,"rotation":0,"texture":"#0"},"north":{"uv":[5.4375,13.3125,5.375,15.375],"tintindex":0,"rotation":0,"texture":"#0"},"west":{"uv":[2.375,3.75,0.0,5.8125],"tintindex":0,"rotation":0,"texture":"#0"},"up":{"uv":[8.375,15.4375,8.4375,13.0625],"tintindex":0,"rotation":0,"texture":"#0"},"down":{"uv":[8.4375,13.0625,8.5,15.4375],"tintindex":0,"rotation":0,"texture":"#0"}}},{"from":[0.4499998,5.1375,-0.05000305],"to":[7.3,8.1375,7.449997],"faces":{"east":{"uv":[13.0625,4.375,14.0,4.75],"tintindex":0,"rotation":0,"texture":"#0"},"south":{"uv":[0.5625,13.125,1.4375,13.5],"tintindex":0,"rotation":0,"texture":"#0"},"north":{"uv":[1.4375,13.125,0.5625,13.5],"tintindex":0,"rotation":0,"texture":"#0"},"west":{"uv":[14.0,4.375,13.0625,4.75],"tintindex":0,"rotation":0,"texture":"#0"},"up":{"uv":[6.75,13.0625,7.625,12.125],"tintindex":0,"rotation":0,"texture":"#0"},"down":{"uv":[6.75,12.125,7.625,13.0625],"tintindex":0,"rotation":0,"texture":"#0"}}}]}