{"textures":{"0":"modelengine:entity/sintia_the_hydra"},"elements":[{"from":[7.348708,12.348082,13.25],"to":[7.4987082,24.848083,21.75],"faces":{"east":{"uv":[3.5625,2.6875,4.625,4.25],"tintindex":0,"rotation":0,"texture":"#0"},"south":{"uv":[7.0,15.0625,5.9375,16.0],"tintindex":0,"rotation":0,"texture":"#0"},"north":{"uv":[7.25,15.0625,6.1875,16.0],"tintindex":0,"rotation":0,"texture":"#0"},"west":{"uv":[4.625,2.6875,3.5625,4.25],"tintindex":0,"rotation":0,"texture":"#0"},"up":{"uv":[6.75,16.0,7.8125,14.9375],"tintindex":0,"rotation":0,"texture":"#0"},"down":{"uv":[6.5625,14.9375,7.625,16.0],"tintindex":0,"rotation":0,"texture":"#0"}},"rotation":{"origin":[8.0,10.765669,18.484024],"angle":22.5,"axis":"z"}},{"from":[4.875,7.625,7.75],"to":[11.125,13.875,30.75],"faces":{"east":{"uv":[9.0625,6.5,11.9375,7.3125],"tintindex":0,"rotation":0,"texture":"#0"},"south":{"uv":[11.125,6.5,11.9375,7.3125],"tintindex":0,"rotation":0,"texture":"#0"},"north":{"uv":[11.125,6.5,11.9375,7.3125],"tintindex":0,"rotation":0,"texture":"#0"},"west":{"uv":[11.9375,6.5,9.0625,7.3125],"tintindex":0,"rotation":0,"texture":"#0"},"up":{"uv":[0.8125,11.5625,0.0,8.6875],"tintindex":0,"rotation":0,"texture":"#0"},"down":{"uv":[9.875,8.125,9.0625,11.0],"tintindex":0,"rotation":0,"texture":"#0"}}},{"from":[7.92765,8.375025,8.718056],"to":[7.9776497,23.375027,30.218056],"faces":{"east":{"uv":[8.4375,14.9375,5.75,13.0625],"tintindex":0,"rotation":0,"texture":"#0"},"south":{"uv":[0.0,0.0,0.00625,1.875],"tintindex":0,"rotation":0,"texture":"#0"},"north":{"uv":[0.0,0.0,0.00625,1.875],"tintindex":0,"rotation":0,"texture":"#0"},"west":{"uv":[5.75,14.9375,8.4375,13.0625],"tintindex":0,"rotation":0,"texture":"#0"},"up":{"uv":[0.0,0.0,0.00625,2.6875],"tintindex":0,"rotation":0,"texture":"#0"},"down":{"uv":[0.0,0.0,0.00625,2.6875],"tintindex":0,"rotation":0,"texture":"#0"}}},{"from":[8.501291,12.348082,13.25],"to":[8.651292,24.848083,21.75],"faces":{"east":{"uv":[3.5625,2.6875,4.625,4.25],"tintindex":0,"rotation":0,"texture":"#0"},"south":{"uv":[5.9375,15.0625,7.0,16.0],"tintindex":0,"rotation":0,"texture":"#0"},"north":{"uv":[6.1875,15.0625,7.25,16.0],"tintindex":0,"rotation":0,"texture":"#0"},"west":{"uv":[4.625,2.6875,3.5625,4.25],"tintindex":0,"rotation":0,"texture":"#0"},"up":{"uv":[7.8125,16.0,6.75,14.9375],"tintindex":0,"rotation":0,"texture":"#0"},"down":{"uv":[7.625,14.9375,6.5625,16.0],"tintindex":0,"rotation":0,"texture":"#0"}},"rotation":{"origin":[8.0,10.765669,18.484024],"angle":-22.5,"axis":"z"}}]}