{"textures":{"0":"modelengine:entity/sintia_the_hydra"},"elements":[{"from":[-0.40000057,0.5,-9.5],"to":[16.400002,15.5,7.5],"faces":{"east":{"uv":[9.75,11.625,10.8125,12.5625],"tintindex":0,"rotation":0,"texture":"#0"},"south":{"uv":[12.6875,0.9375,11.625,1.875],"tintindex":0,"rotation":0,"texture":"#0"},"north":{"uv":[12.6875,0.9375,11.625,1.875],"tintindex":0,"rotation":0,"texture":"#0"},"west":{"uv":[10.8125,11.625,9.75,12.5625],"tintindex":0,"rotation":0,"texture":"#0"},"up":{"uv":[1.0625,8.1875,2.125,7.125],"tintindex":0,"rotation":0,"texture":"#0"},"down":{"uv":[9.875,10.5625,10.9375,11.625],"tintindex":0,"rotation":0,"texture":"#0"}}}]}