{"textures":{"0":"modelengine:entity/sintia_the_hydra"},"elements":[{"from":[4.6875005,4.2749996,-0.5],"to":[13.1875,11.775,8.0],"faces":{"east":{"uv":[9.75,11.625,10.8125,12.5625],"tintindex":0,"rotation":0,"texture":"#0"},"south":{"uv":[12.6875,0.9375,11.625,1.875],"tintindex":0,"rotation":0,"texture":"#0"},"north":{"uv":[12.6875,0.9375,11.625,1.875],"tintindex":0,"rotation":0,"texture":"#0"},"west":{"uv":[10.8125,11.625,9.75,12.5625],"tintindex":0,"rotation":0,"texture":"#0"},"up":{"uv":[1.0625,8.1875,2.125,7.125],"tintindex":0,"rotation":0,"texture":"#0"},"down":{"uv":[9.875,10.5625,10.9375,11.625],"tintindex":0,"rotation":0,"texture":"#0"}}},{"from":[6.9375,11.725,-0.5],"to":[7.1875,24.225,8.0],"faces":{"east":{"uv":[3.5625,2.6875,4.625,4.25],"tintindex":0,"rotation":0,"texture":"#0"},"south":{"uv":[7.0,15.0625,5.9375,16.0],"tintindex":0,"rotation":0,"texture":"#0"},"north":{"uv":[7.25,15.0625,6.1875,16.0],"tintindex":0,"rotation":0,"texture":"#0"},"west":{"uv":[4.625,2.6875,3.5625,4.25],"tintindex":0,"rotation":0,"texture":"#0"},"up":{"uv":[6.75,16.0,7.8125,14.9375],"tintindex":0,"rotation":0,"texture":"#0"},"down":{"uv":[6.5625,14.9375,7.625,16.0],"tintindex":0,"rotation":0,"texture":"#0"}}}]}