{"textures":{"0":"modelengine:entity/sintia_the_hydra"},"elements":[{"from":[-0.40000057,0.5,-9.5],"to":[16.400002,15.5,7.5],"faces":{"east":{"uv":[9.75,11.625,10.8125,12.5625],"tintindex":0,"rotation":0,"texture":"#0"},"south":{"uv":[11.625,0.9375,12.6875,1.875],"tintindex":0,"rotation":0,"texture":"#0"},"north":{"uv":[11.625,0.9375,12.6875,1.875],"tintindex":0,"rotation":0,"texture":"#0"},"west":{"uv":[10.8125,11.625,9.75,12.5625],"tintindex":0,"rotation":0,"texture":"#0"},"up":{"uv":[2.125,8.1875,1.0625,7.125],"tintindex":0,"rotation":0,"texture":"#0"},"down":{"uv":[10.9375,10.5625,9.875,11.625],"tintindex":0,"rotation":0,"texture":"#0"}}}]}