{"textures":{"0":"modelengine:entity/sintia_the_hydra"},"elements":[{"from":[8.953764,14.685366,3.75],"to":[9.103764,27.185364,12.25],"faces":{"east":{"uv":[3.5625,2.6875,4.625,4.25],"tintindex":0,"rotation":0,"texture":"#0"},"south":{"uv":[5.9375,15.0625,7.0,16.0],"tintindex":0,"rotation":0,"texture":"#0"},"north":{"uv":[6.1875,15.0625,7.25,16.0],"tintindex":0,"rotation":0,"texture":"#0"},"west":{"uv":[4.625,2.6875,3.5625,4.25],"tintindex":0,"rotation":0,"texture":"#0"},"up":{"uv":[7.8125,16.0,6.75,14.9375],"tintindex":0,"rotation":0,"texture":"#0"},"down":{"uv":[7.625,14.9375,6.5625,16.0],"tintindex":0,"rotation":0,"texture":"#0"}},"rotation":{"origin":[8.0,7.6625004,6.9],"angle":-22.5,"axis":"z"}},{"from":[7.825,13.25,0.8000002],"to":[7.975,28.400002,22.8],"faces":{"east":{"uv":[2.75,1.875,0.0,3.75],"tintindex":0,"rotation":0,"texture":"#0"},"south":{"uv":[2.375,13.4375,2.4375,15.3125],"tintindex":0,"rotation":0,"texture":"#0"},"north":{"uv":[13.0625,13.375,13.125,15.25],"tintindex":0,"rotation":0,"texture":"#0"},"west":{"uv":[0.0,1.875,2.75,3.75],"tintindex":0,"rotation":0,"texture":"#0"},"up":{"uv":[9.625,15.6875,9.5625,12.9375],"tintindex":0,"rotation":0,"texture":"#0"},"down":{"uv":[4.6875,13.0625,4.625,15.8125],"tintindex":0,"rotation":0,"texture":"#0"}}},{"from":[6.8962364,14.685366,3.75],"to":[7.0462365,27.185364,12.25],"faces":{"east":{"uv":[3.5625,2.6875,4.625,4.25],"tintindex":0,"rotation":0,"texture":"#0"},"south":{"uv":[7.0,15.0625,5.9375,16.0],"tintindex":0,"rotation":0,"texture":"#0"},"north":{"uv":[7.25,15.0625,6.1875,16.0],"tintindex":0,"rotation":0,"texture":"#0"},"west":{"uv":[4.625,2.6875,3.5625,4.25],"tintindex":0,"rotation":0,"texture":"#0"},"up":{"uv":[6.75,16.0,7.8125,14.9375],"tintindex":0,"rotation":0,"texture":"#0"},"down":{"uv":[6.5625,14.9375,7.625,16.0],"tintindex":0,"rotation":0,"texture":"#0"}},"rotation":{"origin":[8.0,7.6625004,6.9],"angle":22.5,"axis":"z"}},{"from":[1.5,1.25,1.75],"to":[14.5,13.75,14.25],"faces":{"east":{"uv":[2.6875,8.25,4.25,9.8125],"tintindex":0,"rotation":0,"texture":"#0"},"south":{"uv":[9.0625,6.5625,7.4375,8.125],"tintindex":0,"rotation":0,"texture":"#0"},"north":{"uv":[7.4375,6.5625,9.0625,8.125],"tintindex":0,"rotation":0,"texture":"#0"},"west":{"uv":[4.25,8.25,2.6875,9.8125],"tintindex":0,"rotation":0,"texture":"#0"},"up":{"uv":[9.0625,9.6875,7.4375,8.125],"tintindex":0,"rotation":0,"texture":"#0"},"down":{"uv":[2.6875,8.25,1.0625,9.8125],"tintindex":0,"rotation":0,"texture":"#0"}}}]}