{"textures":{"0":"modelengine:entity/sintia_the_hydra"},"elements":[{"from":[9.201,14.385088,15.75],"to":[9.351001,26.885086,24.25],"faces":{"east":{"uv":[3.5625,2.6875,4.625,4.25],"tintindex":0,"rotation":0,"texture":"#0"},"south":{"uv":[5.9375,15.0625,7.0,16.0],"tintindex":0,"rotation":0,"texture":"#0"},"north":{"uv":[6.1875,15.0625,7.25,16.0],"tintindex":0,"rotation":0,"texture":"#0"},"west":{"uv":[4.625,2.6875,3.5625,4.25],"tintindex":0,"rotation":0,"texture":"#0"},"up":{"uv":[7.8125,16.0,6.75,14.9375],"tintindex":0,"rotation":0,"texture":"#0"},"down":{"uv":[7.625,14.9375,6.5625,16.0],"tintindex":0,"rotation":0,"texture":"#0"}},"rotation":{"origin":[8.0,9.265669,19.625],"angle":-22.5,"axis":"z"}},{"from":[7.92765,10.875025,9.218056],"to":[7.9776497,25.875027,30.718056],"faces":{"east":{"uv":[8.4375,14.9375,5.75,13.0625],"tintindex":0,"rotation":0,"texture":"#0"},"south":{"uv":[0.0,0.0,0.00625,1.875],"tintindex":0,"rotation":0,"texture":"#0"},"north":{"uv":[0.0,0.0,0.00625,1.875],"tintindex":0,"rotation":0,"texture":"#0"},"west":{"uv":[5.75,14.9375,8.4375,13.0625],"tintindex":0,"rotation":0,"texture":"#0"},"up":{"uv":[0.0,0.0,0.00625,2.6875],"tintindex":0,"rotation":0,"texture":"#0"},"down":{"uv":[0.0,0.0,0.00625,2.6875],"tintindex":0,"rotation":0,"texture":"#0"}}},{"from":[3.375,4.625,7.75],"to":[12.625,13.875,30.75],"faces":{"east":{"uv":[4.625,2.0625,7.5,3.25],"tintindex":0,"rotation":0,"texture":"#0"},"south":{"uv":[6.3125,2.0625,7.5,3.25],"tintindex":0,"rotation":0,"texture":"#0"},"north":{"uv":[6.3125,2.0625,7.5,3.25],"tintindex":0,"rotation":0,"texture":"#0"},"west":{"uv":[7.5,2.0625,4.625,3.25],"tintindex":0,"rotation":0,"texture":"#0"},"up":{"uv":[5.8125,7.3125,4.625,4.4375],"tintindex":0,"rotation":0,"texture":"#0"},"down":{"uv":[3.5625,5.375,2.375,8.25],"tintindex":0,"rotation":0,"texture":"#0"}}},{"from":[6.648999,14.385088,15.75],"to":[6.7989993,26.885086,24.25],"faces":{"east":{"uv":[3.5625,2.6875,4.625,4.25],"tintindex":0,"rotation":0,"texture":"#0"},"south":{"uv":[7.0,15.0625,5.9375,16.0],"tintindex":0,"rotation":0,"texture":"#0"},"north":{"uv":[7.25,15.0625,6.1875,16.0],"tintindex":0,"rotation":0,"texture":"#0"},"west":{"uv":[4.625,2.6875,3.5625,4.25],"tintindex":0,"rotation":0,"texture":"#0"},"up":{"uv":[6.75,16.0,7.8125,14.9375],"tintindex":0,"rotation":0,"texture":"#0"},"down":{"uv":[6.5625,14.9375,7.625,16.0],"tintindex":0,"rotation":0,"texture":"#0"}},"rotation":{"origin":[8.0,9.265669,19.625],"angle":22.5,"axis":"z"}}]}