{"textures":{"0":"modelengine:entity/sintia_the_hydra"},"elements":[{"from":[7.875,13.35,8.3],"to":[7.925,19.35,21.8],"faces":{"east":{"uv":[2.3125,1.125,0.625,1.875],"tintindex":0,"rotation":0,"texture":"#0"},"south":{"uv":[2.375,13.4375,2.4375,15.3125],"tintindex":0,"rotation":0,"texture":"#0"},"north":{"uv":[13.0625,13.375,13.125,15.25],"tintindex":0,"rotation":0,"texture":"#0"},"west":{"uv":[0.625,1.125,2.3125,1.875],"tintindex":0,"rotation":0,"texture":"#0"},"up":{"uv":[9.625,15.6875,9.5625,12.9375],"tintindex":0,"rotation":0,"texture":"#0"},"down":{"uv":[4.6875,13.0625,4.625,15.8125],"tintindex":0,"rotation":0,"texture":"#0"}}},{"from":[8.531304,14.751877,9.75],"to":[8.681305,27.251877,18.25],"faces":{"east":{"uv":[3.5625,2.6875,4.625,4.25],"tintindex":0,"rotation":0,"texture":"#0"},"south":{"uv":[5.9375,15.0625,7.0,16.0],"tintindex":0,"rotation":0,"texture":"#0"},"north":{"uv":[6.1875,15.0625,7.25,16.0],"tintindex":0,"rotation":0,"texture":"#0"},"west":{"uv":[4.625,2.6875,3.5625,4.25],"tintindex":0,"rotation":0,"texture":"#0"},"up":{"uv":[7.8125,16.0,6.75,14.9375],"tintindex":0,"rotation":0,"texture":"#0"},"down":{"uv":[7.625,14.9375,6.5625,16.0],"tintindex":0,"rotation":0,"texture":"#0"}},"rotation":{"origin":[8.0,8.015669,14.525],"angle":-22.5,"axis":"z"}},{"from":[7.3186955,14.751877,9.75],"to":[7.4686956,27.251877,18.25],"faces":{"east":{"uv":[3.5625,2.6875,4.625,4.25],"tintindex":0,"rotation":0,"texture":"#0"},"south":{"uv":[7.0,15.0625,5.9375,16.0],"tintindex":0,"rotation":0,"texture":"#0"},"north":{"uv":[7.25,15.0625,6.1875,16.0],"tintindex":0,"rotation":0,"texture":"#0"},"west":{"uv":[4.625,2.6875,3.5625,4.25],"tintindex":0,"rotation":0,"texture":"#0"},"up":{"uv":[6.75,16.0,7.8125,14.9375],"tintindex":0,"rotation":0,"texture":"#0"},"down":{"uv":[6.5625,14.9375,7.625,16.0],"tintindex":0,"rotation":0,"texture":"#0"}},"rotation":{"origin":[8.0,8.015669,14.525],"angle":22.5,"axis":"z"}},{"from":[2.375,2.625,7.75],"to":[13.625,13.875,21.25],"faces":{"east":{"uv":[8.625,0.0,10.3125,1.4375],"tintindex":0,"rotation":0,"texture":"#0"},"south":{"uv":[8.625,0.0,10.0625,1.4375],"tintindex":0,"rotation":0,"texture":"#0"},"north":{"uv":[8.625,0.0,10.0625,1.4375],"tintindex":0,"rotation":0,"texture":"#0"},"west":{"uv":[10.3125,0.0,8.625,1.4375],"tintindex":0,"rotation":0,"texture":"#0"},"up":{"uv":[7.25,10.0625,5.8125,8.375],"tintindex":0,"rotation":0,"texture":"#0"},"down":{"uv":[10.125,4.8125,8.6875,6.5],"tintindex":0,"rotation":0,"texture":"#0"}}}]}