{"textures":{"0":"modelengine:entity/kobold_assassin"},"elements":[{"from":[15.5,7.805395,14.104389],"to":[19.5,10.805395,14.104389],"faces":{"east":{"uv":[0.0125,0.0125,-0.025,0.3625],"tintindex":0,"rotation":0,"texture":"#0"},"south":{"uv":[2.5125,11.5125,2.9875,11.8625],"tintindex":0,"rotation":0,"texture":"#0"},"north":{"uv":[7.2625,3.1375,7.7375,3.4875],"tintindex":0,"rotation":0,"texture":"#0"},"west":{"uv":[0.0125,0.0125,-0.025,0.3625],"tintindex":0,"rotation":0,"texture":"#0"},"up":{"uv":[0.4875,0.0125,0.0125,-0.025],"tintindex":0,"rotation":0,"texture":"#0"},"down":{"uv":[0.4875,0.0125,0.0125,-0.025],"tintindex":0,"rotation":0,"texture":"#0"}},"rotation":{"origin":[7.5,10.305395,14.604389],"angle":22.5,"axis":"z"}},{"from":[4.5,3.992546,6.136177],"to":[11.5,9.992546,13.136177],"faces":{"east":{"uv":[8.3875,4.0125,9.2375,4.7375],"tintindex":0,"rotation":0,"texture":"#0"},"south":{"uv":[8.3875,4.7625,9.2375,5.4875],"tintindex":0,"rotation":0,"texture":"#0"},"north":{"uv":[6.2625,8.1375,7.1125,8.8625],"tintindex":0,"rotation":0,"texture":"#0"},"west":{"uv":[8.3875,6.8875,9.2375,7.6125],"tintindex":0,"rotation":0,"texture":"#0"},"up":{"uv":[1.7375,8.4875,0.8875,7.6375],"tintindex":0,"rotation":0,"texture":"#0"},"down":{"uv":[2.6125,7.6375,1.7625,8.4875],"tintindex":0,"rotation":0,"texture":"#0"}},"rotation":{"origin":[6.5,11.992546,9.636177],"angle":22.5,"axis":"x"}},{"from":[12.5,10.78092,1.9266591],"to":[15.5,18.780918,6.926659],"faces":{"east":{"uv":[7.7625,8.6375,8.3625,9.6125],"tintindex":0,"rotation":0,"texture":"#0"},"south":{"uv":[8.8875,10.5125,9.2375,11.4875],"tintindex":0,"rotation":0,"texture":"#0"},"north":{"uv":[8.5125,10.5125,8.8625,11.4875],"tintindex":0,"rotation":0,"texture":"#0"},"west":{"uv":[6.2625,8.8875,6.8625,9.8625],"tintindex":0,"rotation":0,"texture":"#0"},"up":{"uv":[11.7375,9.3625,11.3875,8.7625],"tintindex":0,"rotation":0,"texture":"#0"},"down":{"uv":[9.6125,11.3875,9.2625,11.9875],"tintindex":0,"rotation":0,"texture":"#0"}},"rotation":{"origin":[9.5,21.780918,5.426659],"angle":-22.5,"axis":"x"}},{"from":[-0.5,7.805395,12.104389],"to":[15.5,12.805395,15.104389],"faces":{"east":{"uv":[11.3875,10.1375,11.7375,10.7375],"tintindex":0,"rotation":0,"texture":"#0"},"south":{"uv":[2.5125,4.7625,4.4875,5.3625],"tintindex":0,"rotation":0,"texture":"#0"},"north":{"uv":[4.2625,2.0125,6.2375,2.6125],"tintindex":0,"rotation":0,"texture":"#0"},"west":{"uv":[11.5125,0.3875,11.8625,0.9875],"tintindex":0,"rotation":0,"texture":"#0"},"up":{"uv":[9.8625,6.8625,7.8875,6.5125],"tintindex":0,"rotation":0,"texture":"#0"},"down":{"uv":[10.1125,2.7625,8.1375,3.1125],"tintindex":0,"rotation":0,"texture":"#0"}},"rotation":{"origin":[7.5,10.305395,14.604389],"angle":22.5,"axis":"z"}},{"from":[11.934328,14.400728,11.628807],"to":[13.934328,20.40073,11.628807],"faces":{"east":{"uv":[0.0125,0.0125,-0.025,0.7375],"tintindex":0,"rotation":0,"texture":"#0"},"south":{"uv":[11.6375,4.1375,11.8625,4.8625],"tintindex":0,"rotation":0,"texture":"#0"},"north":{"uv":[4.1375,11.6375,4.3625,12.3625],"tintindex":0,"rotation":0,"texture":"#0"},"west":{"uv":[0.0125,0.0125,-0.025,0.7375],"tintindex":0,"rotation":0,"texture":"#0"},"up":{"uv":[0.2375,0.0125,0.0125,-0.025],"tintindex":0,"rotation":0,"texture":"#0"},"down":{"uv":[0.2375,0.0125,0.0125,-0.025],"tintindex":0,"rotation":0,"texture":"#0"}},"rotation":{"origin":[13.434328,18.15073,12.628807],"angle":-45.0,"axis":"x"}},{"from":[5.5,2.5086555,4.22276],"to":[10.5,7.5086555,11.222759],"faces":{"east":{"uv":[9.2625,7.5125,10.1125,8.1125],"tintindex":0,"rotation":0,"texture":"#0"},"south":{"uv":[10.1375,8.0125,10.7375,8.6125],"tintindex":0,"rotation":0,"texture":"#0"},"north":{"uv":[10.1375,7.3875,10.7375,7.9875],"tintindex":0,"rotation":0,"texture":"#0"},"west":{"uv":[9.2625,8.1375,10.1125,8.7375],"tintindex":0,"rotation":0,"texture":"#0"},"up":{"uv":[9.9875,0.8625,9.3875,0.0125],"tintindex":0,"rotation":0,"texture":"#0"},"down":{"uv":[1.3625,9.3875,0.7625,10.2375],"tintindex":0,"rotation":0,"texture":"#0"}},"rotation":{"origin":[8.0,4.5086555,7.7227597],"angle":-22.5,"axis":"x"}},{"from":[0.5,10.78092,1.9266591],"to":[3.5,18.780918,6.926659],"faces":{"east":{"uv":[4.8875,8.5125,5.4875,9.4875],"tintindex":0,"rotation":0,"texture":"#0"},"south":{"uv":[8.1375,10.5125,8.4875,11.4875],"tintindex":0,"rotation":0,"texture":"#0"},"north":{"uv":[5.6375,10.3875,5.9875,11.3625],"tintindex":0,"rotation":0,"texture":"#0"},"west":{"uv":[7.1375,8.6375,7.7375,9.6125],"tintindex":0,"rotation":0,"texture":"#0"},"up":{"uv":[3.9875,10.1125,3.6375,9.5125],"tintindex":0,"rotation":0,"texture":"#0"},"down":{"uv":[7.9875,11.3875,7.6375,11.9875],"tintindex":0,"rotation":0,"texture":"#0"}},"rotation":{"origin":[6.5,21.780918,5.426659],"angle":-22.5,"axis":"x"}},{"from":[3.5,19.780918,-0.07334137],"to":[12.5,23.780918,8.92666],"faces":{"east":{"uv":[9.2625,1.6375,10.3625,2.1125],"tintindex":0,"rotation":0,"texture":"#0"},"south":{"uv":[2.3875,9.2625,3.4875,9.7375],"tintindex":0,"rotation":0,"texture":"#0"},"north":{"uv":[9.1375,9.1375,10.2375,9.6125],"tintindex":0,"rotation":0,"texture":"#0"},"west":{"uv":[9.2625,3.8875,10.3625,4.3625],"tintindex":0,"rotation":0,"texture":"#0"},"up":{"uv":[5.4875,1.1125,4.3875,0.0125],"tintindex":0,"rotation":0,"texture":"#0"},"down":{"uv":[2.4875,4.6375,1.3875,5.7375],"tintindex":0,"rotation":0,"texture":"#0"}},"rotation":{"origin":[6.5,21.780918,5.426659],"angle":-22.5,"axis":"x"}},{"from":[1.5,12.78092,-0.07334137],"to":[14.5,19.780918,8.92666],"faces":{"east":{"uv":[5.5125,0.0125,6.6125,0.8625],"tintindex":0,"rotation":0,"texture":"#0"},"south":{"uv":[4.2625,1.1375,5.8625,1.9875],"tintindex":0,"rotation":0,"texture":"#0"},"north":{"uv":[3.3875,3.8875,4.9875,4.7375],"tintindex":0,"rotation":0,"texture":"#0"},"west":{"uv":[1.3875,5.7625,2.4875,6.6125],"tintindex":0,"rotation":0,"texture":"#0"},"up":{"uv":[1.6125,3.8625,0.0125,2.7625],"tintindex":0,"rotation":0,"texture":"#0"},"down":{"uv":[4.3625,0.0125,2.7625,1.1125],"tintindex":0,"rotation":0,"texture":"#0"}},"rotation":{"origin":[6.5,21.780918,5.426659],"angle":-22.5,"axis":"x"}},{"from":[2.5,7.805395,3.1043882],"to":[13.5,14.805395,12.104389],"faces":{"east":{"uv":[0.0125,5.8875,1.1125,6.7375],"tintindex":0,"rotation":0,"texture":"#0"},"south":{"uv":[4.5125,4.7625,5.8625,5.6125],"tintindex":0,"rotation":0,"texture":"#0"},"north":{"uv":[4.7625,2.6375,6.1125,3.4875],"tintindex":0,"rotation":0,"texture":"#0"},"west":{"uv":[5.8875,0.8875,6.9875,1.7375],"tintindex":0,"rotation":0,"texture":"#0"},"up":{"uv":[4.7375,3.8625,3.3875,2.7625],"tintindex":0,"rotation":0,"texture":"#0"},"down":{"uv":[1.3625,3.8875,0.0125,4.9875],"tintindex":0,"rotation":0,"texture":"#0"}}},{"from":[5.5,9.805395,2.1043887],"to":[11.5,13.805395,3.1043882],"faces":{"east":{"uv":[2.2375,10.0125,2.1375,10.4875],"tintindex":0,"rotation":0,"texture":"#0"},"south":{"uv":[11.3625,5.7625,10.6375,6.2375],"tintindex":0,"rotation":0,"texture":"#0"},"north":{"uv":[1.9875,10.6375,1.2625,11.1125],"tintindex":0,"rotation":0,"texture":"#0"},"west":{"uv":[0.7375,9.5125,0.6375,9.9875],"tintindex":0,"rotation":0,"texture":"#0"},"up":{"uv":[11.8875,6.2375,12.6125,6.1375],"tintindex":0,"rotation":0,"texture":"#0"},"down":{"uv":[11.8875,8.1375,12.6125,8.2375],"tintindex":0,"rotation":0,"texture":"#0"}},"rotation":{"origin":[8.5,11.805395,2.6043887],"angle":45.0,"axis":"z"}}]}