{"textures":{"0":"modelengine:entity/kobold_assassin"},"elements":[{"from":[5.4671707,9.67107,3.8107538],"to":[7.4671707,11.67107,5.810754],"faces":{"east":{"uv":[0.0125,12.0125,0.2375,12.2375],"tintindex":0,"rotation":0,"texture":"#0"},"south":{"uv":[0.2625,12.0125,0.4875,12.2375],"tintindex":0,"rotation":0,"texture":"#0"},"north":{"uv":[8.6375,11.8875,8.8625,12.1125],"tintindex":0,"rotation":0,"texture":"#0"},"west":{"uv":[3.0125,12.0125,3.2375,12.2375],"tintindex":0,"rotation":0,"texture":"#0"},"up":{"uv":[12.2375,3.4875,12.0125,3.2625],"tintindex":0,"rotation":0,"texture":"#0"},"down":{"uv":[12.2375,3.5125,12.0125,3.7375],"tintindex":0,"rotation":0,"texture":"#0"}},"rotation":{"origin":[6.4671707,10.67107,6.310754],"angle":22.5,"axis":"y"}},{"from":[11.770729,11.432247,0.95710564],"to":[11.770729,14.432247,4.9571056],"faces":{"east":{"uv":[11.9875,7.3875,11.5125,7.7375],"tintindex":0,"rotation":0,"texture":"#0"},"south":{"uv":[0.0125,0.0125,-0.025,0.3625],"tintindex":0,"rotation":0,"texture":"#0"},"north":{"uv":[0.0125,0.0125,-0.025,0.3625],"tintindex":0,"rotation":0,"texture":"#0"},"west":{"uv":[11.9875,6.2625,11.5125,6.6125],"tintindex":0,"rotation":0,"texture":"#0"},"up":{"uv":[0.0125,0.4875,-0.025,0.0125],"tintindex":0,"rotation":0,"texture":"#0"},"down":{"uv":[0.0125,0.0125,-0.025,0.4875],"tintindex":0,"rotation":0,"texture":"#0"}},"rotation":{"origin":[8.770729,19.432247,2.4571056],"angle":22.5,"axis":"y"}},{"from":[10.532829,9.67107,-0.043276787],"to":[12.532829,11.67107,4.956723],"faces":{"east":{"uv":[11.6375,2.2625,12.2375,2.4875],"tintindex":0,"rotation":0,"texture":"#0"},"south":{"uv":[3.5125,7.6375,3.7375,7.8625],"tintindex":0,"rotation":0,"texture":"#0"},"north":{"uv":[4.2625,5.3875,4.4875,5.6125],"tintindex":0,"rotation":0,"texture":"#0"},"west":{"uv":[11.6375,6.6375,12.2375,6.8625],"tintindex":0,"rotation":0,"texture":"#0"},"up":{"uv":[6.8625,10.4875,6.6375,9.8875],"tintindex":0,"rotation":0,"texture":"#0"},"down":{"uv":[9.1125,9.8875,8.8875,10.4875],"tintindex":0,"rotation":0,"texture":"#0"}},"rotation":{"origin":[10.532829,13.67107,2.4567232],"angle":22.5,"axis":"y"}},{"from":[6.5,11.010464,-0.5020809],"to":[11.5,15.010464,4.497919],"faces":{"east":{"uv":[10.8875,0.3875,11.4875,0.8625],"tintindex":0,"rotation":0,"texture":"#0"},"south":{"uv":[0.6375,10.8875,1.2375,11.3625],"tintindex":0,"rotation":0,"texture":"#0"},"north":{"uv":[10.2625,10.7625,10.8625,11.2375],"tintindex":0,"rotation":0,"texture":"#0"},"west":{"uv":[10.8875,8.2625,11.4875,8.7375],"tintindex":0,"rotation":0,"texture":"#0"},"up":{"uv":[10.7375,4.9875,10.1375,4.3875],"tintindex":0,"rotation":0,"texture":"#0"},"down":{"uv":[10.7375,6.7625,10.1375,7.3625],"tintindex":0,"rotation":0,"texture":"#0"}},"rotation":{"origin":[9.0,13.010464,2.997919],"angle":-22.5,"axis":"x"}},{"from":[6.75,7.67107,-2.7356596],"to":[6.75,9.67107,2.2643409],"faces":{"east":{"uv":[11.7625,5.1375,12.3625,5.3625],"tintindex":0,"rotation":0,"texture":"#0"},"south":{"uv":[11.8875,3.0125,12.3625,3.2375],"tintindex":0,"rotation":0,"texture":"#0"},"north":{"uv":[11.8875,2.0125,12.3625,2.2375],"tintindex":0,"rotation":0,"texture":"#0"},"west":{"uv":[11.7625,5.3875,12.3625,5.6125],"tintindex":0,"rotation":0,"texture":"#0"},"up":{"uv":[3.8625,11.6125,3.3875,11.0125],"tintindex":0,"rotation":0,"texture":"#0"},"down":{"uv":[4.3625,11.0125,3.8875,11.6125],"tintindex":0,"rotation":0,"texture":"#0"}},"rotation":{"origin":[10.0,9.67107,-3.2356596],"angle":-22.5,"axis":"x"}},{"from":[6.5,9.67107,-3.2356596],"to":[11.5,11.67107,-0.2356596],"faces":{"east":{"uv":[5.5125,0.8875,5.8625,1.1125],"tintindex":0,"rotation":0,"texture":"#0"},"south":{"uv":[11.6375,0.0125,12.2375,0.2375],"tintindex":0,"rotation":0,"texture":"#0"},"north":{"uv":[3.6375,1.6375,4.2375,1.8625],"tintindex":0,"rotation":0,"texture":"#0"},"west":{"uv":[5.8875,1.7625,6.2375,1.9875],"tintindex":0,"rotation":0,"texture":"#0"},"up":{"uv":[6.9875,11.7375,6.3875,11.3875],"tintindex":0,"rotation":0,"texture":"#0"},"down":{"uv":[7.6125,11.3875,7.0125,11.7375],"tintindex":0,"rotation":0,"texture":"#0"}}},{"from":[6.380588,11.432247,0.1913557],"to":[6.380588,14.432247,4.191356],"faces":{"east":{"uv":[11.5125,6.2625,11.9875,6.6125],"tintindex":0,"rotation":0,"texture":"#0"},"south":{"uv":[0.0125,0.0125,-0.025,0.3625],"tintindex":0,"rotation":0,"texture":"#0"},"north":{"uv":[0.0125,0.0125,-0.025,0.3625],"tintindex":0,"rotation":0,"texture":"#0"},"west":{"uv":[11.5125,7.3875,11.9875,7.7375],"tintindex":0,"rotation":0,"texture":"#0"},"up":{"uv":[0.0125,0.4875,-0.025,0.0125],"tintindex":0,"rotation":0,"texture":"#0"},"down":{"uv":[0.0125,0.0125,-0.025,0.4875],"tintindex":0,"rotation":0,"texture":"#0"}},"rotation":{"origin":[7.380588,15.432247,1.6913562],"angle":-22.5,"axis":"y"}},{"from":[5.4671707,9.67107,-0.043276787],"to":[7.4671707,11.67107,4.956723],"faces":{"east":{"uv":[11.6375,11.2625,12.2375,11.4875],"tintindex":0,"rotation":0,"texture":"#0"},"south":{"uv":[5.2625,9.5125,5.4875,9.7375],"tintindex":0,"rotation":0,"texture":"#0"},"north":{"uv":[4.6375,9.2625,4.8625,9.4875],"tintindex":0,"rotation":0,"texture":"#0"},"west":{"uv":[11.6375,11.5125,12.2375,11.7375],"tintindex":0,"rotation":0,"texture":"#0"},"up":{"uv":[3.6125,10.9875,3.3875,10.3875],"tintindex":0,"rotation":0,"texture":"#0"},"down":{"uv":[2.8625,10.5125,2.6375,11.1125],"tintindex":0,"rotation":0,"texture":"#0"}},"rotation":{"origin":[6.4671707,13.67107,2.4567232],"angle":-22.5,"axis":"y"}},{"from":[5.5,7.432247,3.6183715],"to":[12.5,15.432247,10.618372],"faces":{"east":{"uv":[2.0125,6.6375,2.8625,7.6125],"tintindex":0,"rotation":0,"texture":"#0"},"south":{"uv":[2.8875,6.6375,3.7375,7.6125],"tintindex":0,"rotation":0,"texture":"#0"},"north":{"uv":[1.1375,6.6375,1.9875,7.6125],"tintindex":0,"rotation":0,"texture":"#0"},"west":{"uv":[0.0125,6.7625,0.8625,7.7375],"tintindex":0,"rotation":0,"texture":"#0"},"up":{"uv":[8.1125,3.1125,7.2625,2.2625],"tintindex":0,"rotation":0,"texture":"#0"},"down":{"uv":[8.3625,6.8875,7.5125,7.7375],"tintindex":0,"rotation":0,"texture":"#0"}}},{"from":[6.5,9.67107,-0.2356596],"to":[11.5,11.67107,5.7643404],"faces":{"east":{"uv":[11.5125,1.2625,12.2375,1.4875],"tintindex":0,"rotation":0,"texture":"#0"},"south":{"uv":[11.6375,7.1375,12.2375,7.3625],"tintindex":0,"rotation":0,"texture":"#0"},"north":{"uv":[11.6375,6.8875,12.2375,7.1125],"tintindex":0,"rotation":0,"texture":"#0"},"west":{"uv":[4.3875,11.5125,5.1125,11.7375],"tintindex":0,"rotation":0,"texture":"#0"},"up":{"uv":[9.9875,3.8625,9.3875,3.1375],"tintindex":0,"rotation":0,"texture":"#0"},"down":{"uv":[2.8625,9.7625,2.2625,10.4875],"tintindex":0,"rotation":0,"texture":"#0"}}},{"from":[7.5,11.67107,-3.2356596],"to":[10.5,13.67107,-0.2356596],"faces":{"east":{"uv":[11.8875,4.3875,12.2375,4.6125],"tintindex":0,"rotation":0,"texture":"#0"},"south":{"uv":[11.8875,4.6375,12.2375,4.8625],"tintindex":0,"rotation":0,"texture":"#0"},"north":{"uv":[11.8875,4.1375,12.2375,4.3625],"tintindex":0,"rotation":0,"texture":"#0"},"west":{"uv":[5.1375,11.8875,5.4875,12.1125],"tintindex":0,"rotation":0,"texture":"#0"},"up":{"uv":[2.3625,12.1125,2.0125,11.7625],"tintindex":0,"rotation":0,"texture":"#0"},"down":{"uv":[6.7375,11.7625,6.3875,12.1125],"tintindex":0,"rotation":0,"texture":"#0"}}},{"from":[6.0,4.0,4.5],"to":[12.0,9.0,11.5],"faces":{"east":{"uv":[9.2625,4.3875,10.1125,4.9875],"tintindex":0,"rotation":0,"texture":"#0"},"south":{"uv":[9.6375,2.1375,10.3625,2.7375],"tintindex":0,"rotation":0,"texture":"#0"},"north":{"uv":[9.3875,5.8875,10.1125,6.4875],"tintindex":0,"rotation":0,"texture":"#0"},"west":{"uv":[9.2625,6.8875,10.1125,7.4875],"tintindex":0,"rotation":0,"texture":"#0"},"up":{"uv":[6.9875,2.6125,6.2625,1.7625],"tintindex":0,"rotation":0,"texture":"#0"},"down":{"uv":[6.2375,8.1375,5.5125,8.9875],"tintindex":0,"rotation":0,"texture":"#0"}},"rotation":{"origin":[8.0,6.0,8.0],"angle":-22.5,"axis":"x"}},{"from":[6.75,7.67107,-2.7356596],"to":[10.75,9.67107,-2.7356596],