{"textures":{"0":"modelengine:entity/kobold_assassin"},"elements":[{"from":[2.5,6.780918,8.92666],"to":[13.5,21.780918,15.926659],"faces":{"east":{"uv":[1.6375,2.7625,2.4875,4.6125],"tintindex":0,"rotation":0,"texture":"#0"},"south":{"uv":[1.3875,0.0125,2.7375,1.8625],"tintindex":0,"rotation":0,"texture":"#0"},"north":{"uv":[0.0125,0.0125,1.3625,1.8625],"tintindex":0,"rotation":0,"texture":"#0"},"west":{"uv":[2.5125,2.7625,3.3625,4.6125],"tintindex":0,"rotation":0,"texture":"#0"},"up":{"uv":[1.3625,5.8625,0.0125,5.0125],"tintindex":0,"rotation":0,"texture":"#0"},"down":{"uv":[6.3625,3.5125,5.0125,4.3625],"tintindex":0,"rotation":0,"texture":"#0"}},"rotation":{"origin":[6.5,11.780918,10.426659],"angle":22.5,"axis":"x"}},{"from":[3.5,11.0,11.5],"to":[12.5,18.0,18.5],"faces":{"east":{"uv":[7.7625,0.0125,8.6125,0.8625],"tintindex":0,"rotation":0,"texture":"#0"},"south":{"uv":[6.0125,5.2625,7.1125,6.1125],"tintindex":0,"rotation":0,"texture":"#0"},"north":{"uv":[5.8875,4.3875,6.9875,5.2375],"tintindex":0,"rotation":0,"texture":"#0"},"west":{"uv":[7.7625,0.8875,8.6125,1.7375],"tintindex":0,"rotation":0,"texture":"#0"},"up":{"uv":[7.2375,3.4875,6.1375,2.6375],"tintindex":0,"rotation":0,"texture":"#0"},"down":{"uv":[7.1125,6.1375,6.0125,6.9875],"tintindex":0,"rotation":0,"texture":"#0"}},"rotation":{"origin":[6.5,11.0,13.0],"angle":45.0,"axis":"x"}}]}