{"textures":{"0":"modelengine:entity/kobold_assassin"},"elements":[{"from":[2.0,5.500002,-2.5041618],"to":[3.0,8.5,4.4958377],"faces":{"east":{"uv":[5.8625,4.3875,5.0125,4.7375],"tintindex":0,"rotation":0,"texture":"#0"},"south":{"uv":[5.9875,5.2625,5.8875,5.6125],"tintindex":0,"rotation":0,"texture":"#0"},"north":{"uv":[2.3625,9.3875,2.2625,9.7375],"tintindex":0,"rotation":0,"texture":"#0"},"west":{"uv":[10.1125,8.7625,9.2625,9.1125],"tintindex":0,"rotation":0,"texture":"#0"},"up":{"uv":[5.1125,11.7625,5.0125,12.6125],"tintindex":0,"rotation":0,"texture":"#0"},"down":{"uv":[7.6125,12.6125,7.5125,11.7625],"tintindex":0,"rotation":0,"texture":"#0"}},"rotation":{"origin":[14.0,13.0,8.995838],"angle":22.5,"axis":"x"}},{"from":[1.5,4.000002,4.4958377],"to":[3.5,10.0,6.495838],"faces":{"east":{"uv":[3.4875,8.5125,3.2625,9.2375],"tintindex":0,"rotation":0,"texture":"#0"},"south":{"uv":[1.1125,6.7625,0.8875,7.4875],"tintindex":0,"rotation":0,"texture":"#0"},"north":{"uv":[7.1125,8.8875,6.8875,9.6125],"tintindex":0,"rotation":0,"texture":"#0"},"west":{"uv":[9.2375,11.5125,9.0125,12.2375],"tintindex":0,"rotation":0,"texture":"#0"},"up":{"uv":[12.2375,3.7625,12.0125,3.9875],"tintindex":0,"rotation":0,"texture":"#0"},"down":{"uv":[4.6125,12.2375,4.3875,12.0125],"tintindex":0,"rotation":0,"texture":"#0"}},"rotation":{"origin":[14.0,13.0,8.995838],"angle":22.5,"axis":"x"}},{"from":[4.0,-0.9999981,3.5],"to":[8.0,4.000002,9.5],"faces":{"east":{"uv":[2.8875,9.7625,3.6125,10.3625],"tintindex":0,"rotation":0,"texture":"#0"},"south":{"uv":[10.8875,10.6375,11.3625,11.2375],"tintindex":0,"rotation":0,"texture":"#0"},"north":{"uv":[10.8875,10.0125,11.3625,10.6125],"tintindex":0,"rotation":0,"texture":"#0"},"west":{"uv":[5.2625,9.7625,5.9875,10.3625],"tintindex":0,"rotation":0,"texture":"#0"},"up":{"uv":[3.3625,11.1125,2.8875,10.3875],"tintindex":0,"rotation":0,"texture":"#0"},"down":{"uv":[5.1125,10.3875,4.6375,11.1125],"tintindex":0,"rotation":0,"texture":"#0"}},"rotation":{"origin":[14.0,13.0,6.0],"angle":-22.5,"axis":"x"}},{"from":[3.0,4.000002,2.5],"to":[8.0,11.0,9.5],"faces":{"east":{"uv":[2.6375,7.6375,3.4875,8.4875],"tintindex":0,"rotation":0,"texture":"#0"},"south":{"uv":[0.0125,9.5125,0.6125,10.3625],"tintindex":0,"rotation":0,"texture":"#0"},"north":{"uv":[9.3875,5.0125,9.9875,5.8625],"tintindex":0,"rotation":0,"texture":"#0"},"west":{"uv":[0.0125,7.7625,0.8625,8.6125],"tintindex":0,"rotation":0,"texture":"#0"},"up":{"uv":[5.2375,10.3625,4.6375,9.5125],"tintindex":0,"rotation":0,"texture":"#0"},"down":{"uv":[7.4875,9.6375,6.8875,10.4875],"tintindex":0,"rotation":0,"texture":"#0"}},"rotation":{"origin":[14.0,13.0,6.0],"angle":-22.5,"axis":"x"}},{"from":[4.5,-5.1702995,2.7167778],"to":[7.5,-3.1702995,5.716778],"faces":{"east":{"uv":[11.8875,5.6375,12.2375,5.8625],"tintindex":0,"rotation":0,"texture":"#0"},"south":{"uv":[11.8875,5.8875,12.2375,6.1125],"tintindex":0,"rotation":0,"texture":"#0"},"north":{"uv":[5.5125,11.8875,5.8625,12.1125],"tintindex":0,"rotation":0,"texture":"#0"},"west":{"uv":[8.0125,11.8875,8.3625,12.1125],"tintindex":0,"rotation":0,"texture":"#0"},"up":{"uv":[7.1125,12.1125,6.7625,11.7625],"tintindex":0,"rotation":0,"texture":"#0"},"down":{"uv":[7.4875,11.7625,7.1375,12.1125],"tintindex":0,"rotation":0,"texture":"#0"}},"rotation":{"origin":[14.0,8.8297,2.2167778],"angle":-45.0,"axis":"x"}},{"from":[2.0,5.000002,6.495838],"to":[3.0,9.0,18.495838],"faces":{"east":{"uv":[9.3625,5.5125,7.8875,5.9875],"tintindex":0,"rotation":0,"texture":"#0"},"south":{"uv":[7.1125,4.6375,7.0125,5.1125],"tintindex":0,"rotation":0,"texture":"#0"},"north":{"uv":[7.8625,4.0125,7.7625,4.4875],"tintindex":0,"rotation":0,"texture":"#0"},"west":{"uv":[9.3625,6.0125,7.8875,6.4875],"tintindex":0,"rotation":0,"texture":"#0"},"up":{"uv":[1.1125,11.3875,1.0125,12.8625],"tintindex":0,"rotation":0,"texture":"#0"},"down":{"uv":[1.2375,12.8625,1.1375,11.3875],"tintindex":0,"rotation":0,"texture":"#0"}},"rotation":{"origin":[14.0,13.0,8.995838],"angle":22.5,"axis":"x"}}]}