{"textures":{"0":"modelengine:entity/kobold_assassin"},"elements":[{"from":[6.9023275,8.513393,10.86635],"to":[8.902328,10.513393,12.86635],"faces":{"east":{"uv":[10.1375,2.7625,10.3625,2.9875],"tintindex":0,"rotation":0,"texture":"#0"},"south":{"uv":[6.3875,10.6375,6.6125,10.8625],"tintindex":0,"rotation":0,"texture":"#0"},"north":{"uv":[10.0125,0.6375,10.2375,0.8625],"tintindex":0,"rotation":0,"texture":"#0"},"west":{"uv":[7.8875,11.0125,8.1125,11.2375],"tintindex":0,"rotation":0,"texture":"#0"},"up":{"uv":[12.1125,8.4875,11.8875,8.2625],"tintindex":0,"rotation":0,"texture":"#0"},"down":{"uv":[8.6125,11.8875,8.3875,12.1125],"tintindex":0,"rotation":0,"texture":"#0"}}},{"from":[6.9023275,7.054905,12.539484],"to":[8.902328,9.054905,16.539484],"faces":{"east":{"uv":[3.7625,6.6375,4.2375,6.8625],"tintindex":0,"rotation":0,"texture":"#0"},"south":{"uv":[9.8875,6.5125,10.1125,6.7375],"tintindex":0,"rotation":0,"texture":"#0"},"north":{"uv":[8.1375,9.6375,8.3625,9.8625],"tintindex":0,"rotation":0,"texture":"#0"},"west":{"uv":[11.7625,10.5125,12.2375,10.7375],"tintindex":0,"rotation":0,"texture":"#0"},"up":{"uv":[12.1125,0.7375,11.8875,0.2625],"tintindex":0,"rotation":0,"texture":"#0"},"down":{"uv":[0.7375,11.8875,0.5125,12.3625],"tintindex":0,"rotation":0,"texture":"#0"}},"rotation":{"origin":[9.902328,-4.4762383,10.036753],"angle":-22.5,"axis":"x"}}]}