{"textures":{"0":"modelengine:entity/kobold_assassin"},"elements":[{"from":[6.0,3.9025397,-6.8810177],"to":[10.0,7.9025393,5.1189823],"faces":{"east":{"uv":[2.7625,1.1375,4.2375,1.6125],"tintindex":0,"rotation":0,"texture":"#0"},"south":{"uv":[11.3875,5.7625,11.8625,6.2375],"tintindex":0,"rotation":0,"texture":"#0"},"north":{"uv":[5.5125,11.3875,5.9875,11.8625],"tintindex":0,"rotation":0,"texture":"#0"},"west":{"uv":[7.7625,1.7625,9.2375,2.2375],"tintindex":0,"rotation":0,"texture":"#0"},"up":{"uv":[8.3625,5.4875,7.8875,4.0125],"tintindex":0,"rotation":0,"texture":"#0"},"down":{"uv":[3.9875,8.0125,3.5125,9.4875],"tintindex":0,"rotation":0,"texture":"#0"}},"rotation":{"origin":[13.5,16.902538,2.6189818],"angle":-22.5,"axis":"x"}}]}