{"textures":{"0":"modelengine:entity/kobold_assassin"},"elements":[{"from":[3.0,0.9025383,4.1189823],"to":[10.0,10.902538,11.118982],"faces":{"east":{"uv":[3.3875,5.3875,4.2375,6.6125],"tintindex":0,"rotation":0,"texture":"#0"},"south":{"uv":[4.2625,5.6375,5.1125,6.8625],"tintindex":0,"rotation":0,"texture":"#0"},"north":{"uv":[2.5125,5.3875,3.3625,6.6125],"tintindex":0,"rotation":0,"texture":"#0"},"west":{"uv":[5.1375,5.6375,5.9875,6.8625],"tintindex":0,"rotation":0,"texture":"#0"},"up":{"uv":[8.6125,3.9875,7.7625,3.1375],"tintindex":0,"rotation":0,"texture":"#0"},"down":{"uv":[8.3625,7.7625,7.5125,8.6125],"tintindex":0,"rotation":0,"texture":"#0"}},"rotation":{"origin":[11.5,7.9025383,7.618982],"angle":-22.5,"axis":"x"}},{"from":[1.5,2.1748018,4.822881],"to":[3.5,8.174803,6.822881],"faces":{"east":{"uv":[11.6375,2.8875,11.8625,3.6125],"tintindex":0,"rotation":0,"texture":"#0"},"south":{"uv":[3.6375,11.6375,3.8625,12.3625],"tintindex":0,"rotation":0,"texture":"#0"},"north":{"uv":[11.6375,1.5125,11.8625,2.2375],"tintindex":0,"rotation":0,"texture":"#0"},"west":{"uv":[3.8875,11.6375,4.1125,12.3625],"tintindex":0,"rotation":0,"texture":"#0"},"up":{"uv":[4.8625,12.2375,4.6375,12.0125],"tintindex":0,"rotation":0,"texture":"#0"},"down":{"uv":[6.1125,12.0125,5.8875,12.2375],"tintindex":0,"rotation":0,"texture":"#0"}},"rotation":{"origin":[10.0,25.1748,5.322881],"angle":-22.5,"axis":"x"}},{"from":[3.0,-3.0974617,6.1189823],"to":[9.0,0.9025383,11.118982],"faces":{"east":{"uv":[11.0125,1.5125,11.6125,1.9875],"tintindex":0,"rotation":0,"texture":"#0"},"south":{"uv":[7.3875,10.5125,8.1125,10.9875],"tintindex":0,"rotation":0,"texture":"#0"},"north":{"uv":[6.6375,10.5125,7.3625,10.9875],"tintindex":0,"rotation":0,"texture":"#0"},"west":{"uv":[11.0125,2.0125,11.6125,2.4875],"tintindex":0,"rotation":0,"texture":"#0"},"up":{"uv":[2.1125,10.6125,1.3875,10.0125],"tintindex":0,"rotation":0,"texture":"#0"},"down":{"uv":[10.7375,3.1375,10.0125,3.7375],"tintindex":0,"rotation":0,"texture":"#0"}},"rotation":{"origin":[11.5,7.9025383,7.618982],"angle":-22.5,"axis":"x"}},{"from":[2.0,3.6748028,6.822881],"to":[3.0,6.674803,13.822882],"faces":{"east":{"uv":[10.6375,6.2625,11.4875,6.6125],"tintindex":0,"rotation":0,"texture":"#0"},"south":{"uv":[1.2625,10.2625,1.3625,10.6125],"tintindex":0,"rotation":0,"texture":"#0"},"north":{"uv":[10.1375,8.6375,10.2375,8.9875],"tintindex":0,"rotation":0,"texture":"#0"},"west":{"uv":[10.7625,0.0125,11.6125,0.3625],"tintindex":0,"rotation":0,"texture":"#0"},"up":{"uv":[2.9875,12.7375,2.8875,11.8875],"tintindex":0,"rotation":0,"texture":"#0"},"down":{"uv":[11.9875,3.2625,11.8875,4.1125],"tintindex":0,"rotation":0,"texture":"#0"}},"rotation":{"origin":[10.0,25.1748,5.322881],"angle":-22.5,"axis":"x"}},{"from":[2.0,3.1748018,-7.1771183],"to":[3.0,7.174803,4.822881],"faces":{"east":{"uv":[4.0125,8.0125,5.4875,8.4875],"tintindex":0,"rotation":0,"texture":"#0"},"south":{"uv":[9.2625,5.0125,9.3625,5.4875],"tintindex":0,"rotation":0,"texture":"#0"},"north":{"uv":[0.7625,8.6375,0.8625,9.1125],"tintindex":0,"rotation":0,"texture":"#0"},"west":{"uv":[8.1375,2.2625,9.6125,2.7375],"tintindex":0,"rotation":0,"texture":"#0"},"up":{"uv":[3.4875,13.1125,3.3875,11.6375],"tintindex":0,"rotation":0,"texture":"#0"},"down":{"uv":[3.6125,11.6375,3.5125,13.1125],"tintindex":0,"rotation":0,"texture":"#0"}},"rotation":{"origin":[10.0,25.1748,5.322881],"angle":-22.5,"axis":"x"}}]}