{"textures":{"0":"modelengine:entity/kobold_assassin"},"elements":[{"from":[6.5,5.920078,3.005897],"to":[9.5,8.920078,9.0058975],"faces":{"east":{"uv":[6.3875,11.0125,7.1125,11.3625],"tintindex":0,"rotation":0,"texture":"#0"},"south":{"uv":[11.7625,9.0125,12.1125,9.3625],"tintindex":0,"rotation":0,"texture":"#0"},"north":{"uv":[11.7625,8.6375,12.1125,8.9875],"tintindex":0,"rotation":0,"texture":"#0"},"west":{"uv":[7.1375,11.0125,7.8625,11.3625],"tintindex":0,"rotation":0,"texture":"#0"},"up":{"uv":[1.6125,11.8625,1.2625,11.1375],"tintindex":0,"rotation":0,"texture":"#0"},"down":{"uv":[1.9875,11.1375,1.6375,11.8625],"tintindex":0,"rotation":0,"texture":"#0"}}},{"from":[5.0,10.015414,1.4172473],"to":[11.0,13.015414,4.4172473],"faces":{"east":{"uv":[10.1375,11.7625,10.4875,12.1125],"tintindex":0,"rotation":0,"texture":"#0"},"south":{"uv":[2.6375,11.1375,3.3625,11.4875],"tintindex":0,"rotation":0,"texture":"#0"},"north":{"uv":[11.1375,2.5125,11.8625,2.8625],"tintindex":0,"rotation":0,"texture":"#0"},"west":{"uv":[11.7625,10.1375,12.1125,10.4875],"tintindex":0,"rotation":0,"texture":"#0"},"up":{"uv":[11.8625,4.1125,11.1375,3.7625],"tintindex":0,"rotation":0,"texture":"#0"},"down":{"uv":[5.1125,11.1375,4.3875,11.4875],"tintindex":0,"rotation":0,"texture":"#0"}},"rotation":{"origin":[7.5,11.515414,-6.582754],"angle":22.5,"axis":"x"}}]}