{"textures":{"0":"modelengine:entity/kobold_assassin"},"elements":[{"from":[7.0976725,7.054905,12.539484],"to":[9.097672,9.054905,16.539484],"faces":{"east":{"uv":[12.2375,10.5125,11.7625,10.7375],"tintindex":0,"rotation":0,"texture":"#0"},"south":{"uv":[10.1125,6.5125,9.8875,6.7375],"tintindex":0,"rotation":0,"texture":"#0"},"north":{"uv":[8.3625,9.6375,8.1375,9.8625],"tintindex":0,"rotation":0,"texture":"#0"},"west":{"uv":[4.2375,6.6375,3.7625,6.8625],"tintindex":0,"rotation":0,"texture":"#0"},"up":{"uv":[11.8875,0.7375,12.1125,0.2625],"tintindex":0,"rotation":0,"texture":"#0"},"down":{"uv":[0.5125,11.8875,0.7375,12.3625],"tintindex":0,"rotation":0,"texture":"#0"}},"rotation":{"origin":[6.0976725,-4.4762383,10.036753],"angle":-22.5,"axis":"x"}},{"from":[7.0976725,8.513393,10.86635],"to":[9.097672,10.513393,12.86635],"faces":{"east":{"uv":[8.1125,11.0125,7.8875,11.2375],"tintindex":0,"rotation":0,"texture":"#0"},"south":{"uv":[6.6125,10.6375,6.3875,10.8625],"tintindex":0,"rotation":0,"texture":"#0"},"north":{"uv":[10.2375,0.6375,10.0125,0.8625],"tintindex":0,"rotation":0,"texture":"#0"},"west":{"uv":[10.3625,2.7625,10.1375,2.9875],"tintindex":0,"rotation":0,"texture":"#0"},"up":{"uv":[11.8875,8.4875,12.1125,8.2625],"tintindex":0,"rotation":0,"texture":"#0"},"down":{"uv":[8.3875,11.8875,8.6125,12.1125],"tintindex":0,"rotation":0,"texture":"#0"}}}]}