{"textures":{"0":"modelengine:entity/kobold_assassin"},"elements":[{"from":[13.0,5.500002,-3.5041618],"to":[14.0,8.5,3.4958382],"faces":{"east":{"uv":[9.2625,8.7625,10.1125,9.1125],"tintindex":0,"rotation":0,"texture":"#0"},"south":{"uv":[5.8875,5.2625,5.9875,5.6125],"tintindex":0,"rotation":0,"texture":"#0"},"north":{"uv":[2.2625,9.3875,2.3625,9.7375],"tintindex":0,"rotation":0,"texture":"#0"},"west":{"uv":[5.0125,4.3875,5.8625,4.7375],"tintindex":0,"rotation":0,"texture":"#0"},"up":{"uv":[5.0125,11.7625,5.1125,12.6125],"tintindex":0,"rotation":0,"texture":"#0"},"down":{"uv":[7.5125,12.6125,7.6125,11.7625],"tintindex":0,"rotation":0,"texture":"#0"}},"rotation":{"origin":[2.0,13.0,8.995838],"angle":22.5,"axis":"x"}},{"from":[13.0,5.000002,5.4958377],"to":[14.0,9.0,17.495838],"faces":{"east":{"uv":[7.8875,6.0125,9.3625,6.4875],"tintindex":0,"rotation":0,"texture":"#0"},"south":{"uv":[7.0125,4.6375,7.1125,5.1125],"tintindex":0,"rotation":0,"texture":"#0"},"north":{"uv":[7.7625,4.0125,7.8625,4.4875],"tintindex":0,"rotation":0,"texture":"#0"},"west":{"uv":[7.8875,5.5125,9.3625,5.9875],"tintindex":0,"rotation":0,"texture":"#0"},"up":{"uv":[1.0125,11.3875,1.1125,12.8625],"tintindex":0,"rotation":0,"texture":"#0"},"down":{"uv":[1.1375,12.8625,1.2375,11.3875],"tintindex":0,"rotation":0,"texture":"#0"}},"rotation":{"origin":[2.0,13.0,8.995838],"angle":22.5,"axis":"x"}},{"from":[8.0,-0.9999981,3.5],"to":[12.0,4.000002,9.5],"faces":{"east":{"uv":[5.9875,9.7625,5.2625,10.3625],"tintindex":0,"rotation":0,"texture":"#0"},"south":{"uv":[11.3625,10.6375,10.8875,11.2375],"tintindex":0,"rotation":0,"texture":"#0"},"north":{"uv":[11.3625,10.0125,10.8875,10.6125],"tintindex":0,"rotation":0,"texture":"#0"},"west":{"uv":[3.6125,9.7625,2.8875,10.3625],"tintindex":0,"rotation":0,"texture":"#0"},"up":{"uv":[2.8875,11.1125,3.3625,10.3875],"tintindex":0,"rotation":0,"texture":"#0"},"down":{"uv":[4.6375,10.3875,5.1125,11.1125],"tintindex":0,"rotation":0,"texture":"#0"}},"rotation":{"origin":[2.0,13.0,6.0],"angle":-22.5,"axis":"x"}},{"from":[8.5,-5.1702995,2.7167778],"to":[11.5,-3.1702995,5.716778],"faces":{"east":{"uv":[8.3625,11.8875,8.0125,12.1125],"tintindex":0,"rotation":0,"texture":"#0"},"south":{"uv":[12.2375,5.8875,11.8875,6.1125],"tintindex":0,"rotation":0,"texture":"#0"},"north":{"uv":[5.8625,11.8875,5.5125,12.1125],"tintindex":0,"rotation":0,"texture":"#0"},"west":{"uv":[12.2375,5.6375,11.8875,5.8625],"tintindex":0,"rotation":0,"texture":"#0"},"up":{"uv":[6.7625,12.1125,7.1125,11.7625],"tintindex":0,"rotation":0,"texture":"#0"},"down":{"uv":[7.1375,11.7625,7.4875,12.1125],"tintindex":0,"rotation":0,"texture":"#0"}},"rotation":{"origin":[2.0,8.8297,2.2167778],"angle":-45.0,"axis":"x"}},{"from":[8.0,4.000002,2.5],"to":[13.0,11.0,9.5],"faces":{"east":{"uv":[0.8625,7.7625,0.0125,8.6125],"tintindex":0,"rotation":0,"texture":"#0"},"south":{"uv":[0.6125,9.5125,0.0125,10.3625],"tintindex":0,"rotation":0,"texture":"#0"},"north":{"uv":[9.9875,5.0125,9.3875,5.8625],"tintindex":0,"rotation":0,"texture":"#0"},"west":{"uv":[3.4875,7.6375,2.6375,8.4875],"tintindex":0,"rotation":0,"texture":"#0"},"up":{"uv":[4.6375,10.3625,5.2375,9.5125],"tintindex":0,"rotation":0,"texture":"#0"},"down":{"uv":[6.8875,9.6375,7.4875,10.4875],"tintindex":0,"rotation":0,"texture":"#0"}},"rotation":{"origin":[2.0,13.0,6.0],"angle":-22.5,"axis":"x"}},{"from":[12.5,4.000002,3.4958382],"to":[14.5,10.0,5.4958377],"faces":{"east":{"uv":[9.0125,11.5125,9.2375,12.2375],"tintindex":0,"rotation":0,"texture":"#0"},"south":{"uv":[0.8875,6.7625,1.1125,7.4875],"tintindex":0,"rotation":0,"texture":"#0"},"north":{"uv":[6.8875,8.8875,7.1125,9.6125],"tintindex":0,"rotation":0,"texture":"#0"},"west":{"uv":[3.2625,8.5125,3.4875,9.2375],"tintindex":0,"rotation":0,"texture":"#0"},"up":{"uv":[12.0125,3.7625,12.2375,3.9875],"tintindex":0,"rotation":0,"texture":"#0"},"down":{"uv":[4.3875,12.2375,4.6125,12.0125],"tintindex":0,"rotation":0,"texture":"#0"}},"rotation":{"origin":[2.0,13.0,8.995838],"angle":22.5,"axis":"x"}}]}