{"textures":{"0":"modelengine:entity/kobold_assassin"},"elements":[{"from":[8.0,3.0,5.0],"to":[10.0,8.0,11.0],"faces":{"east":{"uv":[8.1375,9.8875,8.8625,10.4875],"tintindex":0,"rotation":0,"texture":"#0"},"south":{"uv":[9.8875,11.6375,10.1125,12.2375],"tintindex":0,"rotation":0,"texture":"#0"},"north":{"uv":[9.6375,11.6375,9.8625,12.2375],"tintindex":0,"rotation":0,"texture":"#0"},"west":{"uv":[10.0125,0.0125,10.7375,0.6125],"tintindex":0,"rotation":0,"texture":"#0"},"up":{"uv":[1.6125,4.6125,1.3875,3.8875],"tintindex":0,"rotation":0,"texture":"#0"},"down":{"uv":[1.3625,5.8875,1.1375,6.6125],"tintindex":0,"rotation":0,"texture":"#0"}}},{"from":[10.0,5.0,5.0],"to":[12.0,8.0,9.0],"faces":{"east":{"uv":[8.5125,11.5125,8.9875,11.8625],"tintindex":0,"rotation":0,"texture":"#0"},"south":{"uv":[7.0125,2.2625,7.2375,2.6125],"tintindex":0,"rotation":0,"texture":"#0"},"north":{"uv":[4.7625,3.5125,4.9875,3.8625],"tintindex":0,"rotation":0,"texture":"#0"},"west":{"uv":[0.0125,11.6375,0.4875,11.9875],"tintindex":0,"rotation":0,"texture":"#0"},"up":{"uv":[12.1125,2.9875,11.8875,2.5125],"tintindex":0,"rotation":0,"texture":"#0"},"down":{"uv":[2.8625,11.8875,2.6375,12.3625],"tintindex":0,"rotation":0,"texture":"#0"}}},{"from":[9.121321,1.2928934,4.9],"to":[13.121321,4.2928934,10.9],"faces":{"east":{"uv":[11.0125,5.0125,11.7375,5.3625],"tintindex":0,"rotation":0,"texture":"#0"},"south":{"uv":[8.0125,11.5125,8.4875,11.8625],"tintindex":0,"rotation":0,"texture":"#0"},"north":{"uv":[11.5125,7.7625,11.9875,8.1125],"tintindex":0,"rotation":0,"texture":"#0"},"west":{"uv":[11.0125,5.3875,11.7375,5.7375],"tintindex":0,"rotation":0,"texture":"#0"},"up":{"uv":[10.2375,11.1125,9.7625,10.3875],"tintindex":0,"rotation":0,"texture":"#0"},"down":{"uv":[10.8625,10.0125,10.3875,10.7375],"tintindex":0,"rotation":0,"texture":"#0"}},"rotation":{"origin":[10.121321,2.2928934,6.0],"angle":45.0,"axis":"z"}}]}