{"textures":{"0":"modelengine:entity/priest"},"elements":[{"from":[7.6871305,6.0602794,4.69945],"to":[8.788231,9.91138,8.55055],"faces":{"east":{"uv":[10.666667,0.0,11.25,0.875],"tintindex":0,"rotation":0,"texture":"#0"},"south":{"uv":[13.166667,1.125,12.583334,0.875],"tintindex":0,"rotation":90,"texture":"#0"},"north":{"uv":[11.833334,3.0,12.0,3.875],"tintindex":0,"rotation":0,"texture":"#0"},"west":{"uv":[11.25,0.0,10.666667,0.875],"tintindex":0,"rotation":0,"texture":"#0"},"up":{"uv":[11.833334,3.875,12.0,3.0],"tintindex":0,"rotation":180,"texture":"#0"},"down":{"uv":[13.166667,0.875,12.583334,1.125],"tintindex":0,"rotation":270,"texture":"#0"}},"rotation":{"origin":[9.88768,6.6108294,8.0],"angle":45.0,"axis":"x"}},{"from":[7.68858,3.3312697,6.9009],"to":[8.78678,8.2794695,9.099099],"faces":{"east":{"uv":[10.666667,1.75,11.0,2.875],"tintindex":0,"rotation":0,"texture":"#0"},"south":{"uv":[11.333334,2.5,11.5,3.625],"tintindex":0,"rotation":0,"texture":"#0"},"north":{"uv":[11.5,2.5,11.666667,3.625],"tintindex":0,"rotation":0,"texture":"#0"},"west":{"uv":[11.0,1.75,10.666667,2.875],"tintindex":0,"rotation":0,"texture":"#0"},"up":{"uv":[12.333334,4.0,12.0,3.75],"tintindex":0,"rotation":90,"texture":"#0"},"down":{"uv":[13.5,2.125,13.166667,2.375],"tintindex":0,"rotation":270,"texture":"#0"}}},{"from":[7.9635806,-3.2687306,9.3759],"to":[8.51178,7.72947,10.474099],"faces":{"east":{"uv":[11.75,0.0,11.583334,2.5],"tintindex":0,"rotation":0,"texture":"#0"},"south":{"uv":[11.333334,2.5,11.25,5.0],"tintindex":0,"rotation":0,"texture":"#0"},"north":{"uv":[11.25,1.75,11.166667,4.25],"tintindex":0,"rotation":0,"texture":"#0"},"west":{"uv":[11.583334,0.0,11.75,2.5],"tintindex":0,"rotation":0,"texture":"#0"},"up":{"uv":[13.25,0.5,13.416667,0.375],"tintindex":0,"rotation":90,"texture":"#0"},"down":{"uv":[13.25,1.375,13.416667,1.5],"tintindex":0,"rotation":270,"texture":"#0"}}},{"from":[7.9610305,-4.04909,6.5289803],"to":[8.514331,-2.3957906,7.63228],"faces":{"east":{"uv":[11.833334,3.875,12.0,4.25],"tintindex":0,"rotation":0,"texture":"#0"},"south":{"uv":[12.333334,3.875,12.416667,4.25],"tintindex":0,"rotation":0,"texture":"#0"},"north":{"uv":[12.416667,3.875,12.5,4.25],"tintindex":0,"rotation":0,"texture":"#0"},"west":{"uv":[12.0,3.875,11.833334,4.25],"tintindex":0,"rotation":0,"texture":"#0"},"up":{"uv":[12.833334,4.0,12.666667,3.875],"tintindex":0,"rotation":90,"texture":"#0"},"down":{"uv":[13.0,3.875,12.833334,4.0],"tintindex":0,"rotation":270,"texture":"#0"}},"rotation":{"origin":[8.23768,-4.0474405,7.0806303],"angle":-45.0,"axis":"x"}},{"from":[7.96213,3.8602796,4.23223],"to":[8.513231,7.1613793,5.33333],"faces":{"east":{"uv":[12.0,3.0,12.166667,3.75],"tintindex":0,"rotation":0,"texture":"#0"},"south":{"uv":[11.5,3.875,11.583334,4.625],"tintindex":0,"rotation":0,"texture":"#0"},"north":{"uv":[11.583334,3.875,11.666667,4.625],"tintindex":0,"rotation":0,"texture":"#0"},"west":{"uv":[12.166667,3.0,12.0,3.75],"tintindex":0,"rotation":0,"texture":"#0"},"up":{"uv":[13.416667,1.625,13.25,1.5],"tintindex":0,"rotation":90,"texture":"#0"},"down":{"uv":[12.666667,3.875,12.5,4.0],"tintindex":0,"rotation":270,"texture":"#0"}},"rotation":{"origin":[9.06268,6.6108294,2.5552797],"angle":-45.0,"axis":"x"}},{"from":[7.136581,5.50973,8.5489],"to":[9.33878,6.6119294,10.751101],"faces":{"east":{"uv":[13.25,2.75,12.916667,3.0],"tintindex":0,"rotation":0,"texture":"#0"},"south":{"uv":[12.833334,3.625,12.5,3.875],"tintindex":0,"rotation":0,"texture":"#0"},"north":{"uv":[13.166667,3.375,12.833334,3.625],"tintindex":0,"rotation":0,"texture":"#0"},"west":{"uv":[12.916667,2.75,13.25,3.0],"tintindex":0,"rotation":0,"texture":"#0"},"up":{"uv":[12.416667,2.125,12.75,1.625],"tintindex":0,"rotation":90,"texture":"#0"},"down":{"uv":[12.416667,2.125,12.75,2.625],"tintindex":0,"rotation":270,"texture":"#0"}},"rotation":{"origin":[9.88768,6.6108294,8.0],"angle":-45.0,"axis":"x"}},{"from":[7.9635806,-3.2687306,5.5259],"to":[8.51178,7.72947,6.6241],"faces":{"east":{"uv":[11.583334,0.0,11.75,2.5],"tintindex":0,"rotation":0,"texture":"#0"},"south":{"uv":[11.166667,1.75,11.25,4.25],"tintindex":0,"rotation":0,"texture":"#0"},"north":{"uv":[11.25,2.5,11.333334,5.0],"tintindex":0,"rotation":0,"texture":"#0"},"west":{"uv":[11.75,0.0,11.583334,2.5],"tintindex":0,"rotation":0,"texture":"#0"},"up":{"uv":[13.416667,0.5,13.25,0.375],"tintindex":0,"rotation":90,"texture":"#0"},"down":{"uv":[13.416667,1.375,13.25,1.5],"tintindex":0,"rotation":270,"texture":"#0"}}},{"from":[7.96213,3.8602796,10.66667],"to":[8.513231,7.1613793,11.76777],"faces":{"east":{"uv":[12.166667,3.0,12.0,3.75],"tintindex":0,"rotation":0,"texture":"#0"},"south":{"uv":[11.666667,3.875,11.583334,4.625],"tintindex":0,"rotation":0,"texture":"#0"},"north":{"uv":[11.583334,3.875,11.5,4.625],"tintindex":0,"rotation":0,"texture":"#0"},"west":{"uv":[12.0,3.0,12.166667,3.75],"tintindex":0,"rotation":0,"texture":"#0"},"up":{"uv":[13.25,1.625,13.416667,1.5],"tintindex":0,"rotation":90,"texture":"#0"},"down":{"uv":[12.5,3.875,12.666667,4.0],"tintindex":0,"rotation":270,"texture":"#0"}},"rotation":{"origin":[9.06268,6.6108294,13.444719],"angle":45.0,"axis":"x"}},{"from":[7.9610305,-4.04909,8.367709],"to":[8.514331,-2.3957906,9.47101],"faces":{"east":{"uv":[12.0,3.875,11.833334,4.25],"tintindex":0,"rotation":0,"texture":"#0"},"south":{"uv":[12.5,3.875,12.416667,4.25],"tintindex":0,"rotation":0,"texture":"#0"},"north":{"uv":[12.416667,3.875,12.333334,4.25],"tintindex":0,"rotation":0,"texture":"#0"},"west":{"uv":[11.833334,3.875,12.0,4.25],"tintindex":0,"rotation":0,"texture":"#0"},"up":{"uv":[12.666667,4.0,12.833334,3.875],"tintindex":0,"rotation":90,"texture":"#0"},"down":{"uv":[12.833334,3.875,13.0,4.0],"tintindex":0,"rotation":270,"texture":"#0"}},"rotation":{"origin":[8.23768,-4.0474405,8.91936],"angle":45.0,"axis":"x"}},{"from":[4.9222803,8.39263,6.34835],"to":[7.6755805,9.49593,9.65165],"faces":{"east":{"uv":[12.75,0.0,13.25,0.25],"tintindex":0,"rotation":0,"texture":"#0"},"south":{"uv":[12.333334,3.125,12.75,3.375],"tintindex":0,"rotation":0,"texture":"#0"},"north":{"uv":[12.75,3.125,13.166667,3.375],"tintindex":0,"rotation":0,"texture":"#0"},"west":{"uv":[12.75,0.25,13.25,0.5],"tintindex":0,"rotation":0,"texture":"#0"},"up":{"uv":[12.416667,1.75,11.916667,1.125],"tintindex":0,"rotation":90,"texture":"#0"},"down":{"uv":[12.416667,1.75,11.916667,2.375],"tintindex":0,"rotation":270,"texture":"#0"}}},{"from":[7.136581,5.50973,5.2489],"to":[9.33878,6.6119294,7.4511],"faces":{"east":{"uv":[12.916667,2.75,13.25,3.0],"tintindex":0,"rotation":0,"texture":"#0"},"south":{"uv":[12.833334,3.375,13.166667,3.625],"tintindex":0,"rotation":0,"texture":"#0"},"north":{"uv":[12.5,3.625,12.833334,3.875],"tintindex":0,"rotation":0,"texture":"#0"},"west":{"uv":[13.25,2.75,12.916667,3.0],"tintindex":0,"rotation":0,"texture":"#0"},"up":{"uv":[12.75,2.125,12.416667,1.625],"tintindex":0,"rotation":90,"texture":"#0"},"down":{"uv":[12.75,2.125,12.416667,2.625],"tintindex":0,"rotation":270,"texture":"#0"}},"rotation":{"origin":[9.88768,6.6108294,8.0],"angle":45.0,"axis":"x"}},{"from":[4.9222803,6.7426295,6.34835],"to":[7.6755805,7.8459296,9.65165],"faces":{"east":{"uv":[12.75,0.0,13.25,0.25],"tintindex":0,"rotation":0,"texture":"#0"},"south":{"uv":[12.333334,3.125,12.75,3.375],"tintindex":0,"rotation":0,"texture":"#0"},"north":{"uv":[12.75,3.125,13.166667,3.375],"tintindex":0,"rotation":0,"texture":"#0"},"west":{"uv":[12.75,0.25,13.25,0.5],"tintindex":0,"rotation":0,"texture":"#0"},"up":{"uv":[12.416667,1.75,11.916667,1.125],"tintindex":0,"rotation":90,"texture":"#0"},"down":{"uv":[12.416667,1.75,11.916667,2.375],"tintindex":0,"rotation":270,"texture":"#0"}}},{"from":[7.6871305,2.4714599,7.41608],"to":[8.788231,4.0281997,8.97282],"faces":{"east":{"uv":[10.666667,3.375,10.916667,3.75],"tintindex":0,"rotation":0,"texture":"#0"},"south":{"uv":[13.166667,3.0,13.333334,3.375],"tintindex":0,"rotation":0,"texture":"#0"},"north":{"uv":[13.166667,3.375,13.333334,3.75],"tintindex":0,