{"textures":{"0":"modelengine:entity/dwarf_blacksmith"},"elements":[{"from":[-3.82028,16.659569,9.693242],"to":[2.1797194,18.659569,11.193242],"faces":{"east":{"uv":[9.125,0.5,9.3125,0.75],"tintindex":0,"rotation":0,"texture":"#0"},"south":{"uv":[7.4375,2.4375,8.1875,2.6875],"tintindex":0,"rotation":0,"texture":"#0"},"north":{"uv":[7.4375,2.4375,8.1875,2.6875],"tintindex":0,"rotation":0,"texture":"#0"},"west":{"uv":[9.125,0.8125,9.3125,1.0625],"tintindex":0,"rotation":0,"texture":"#0"},"up":{"uv":[6.5625,0.625,5.8125,0.4375],"tintindex":0,"rotation":0,"texture":"#0"},"down":{"uv":[6.5625,0.625,5.8125,0.4375],"tintindex":0,"rotation":0,"texture":"#0"}},"rotation":{"origin":[0.17971945,19.409569,10.693242],"angle":-22.5,"axis":"z"}},{"from":[18.574863,19.909569,9.943242],"to":[20.074863,26.909569,10.943242],"faces":{"east":{"uv":[6.0,8.3125,5.875,9.1875],"tintindex":0,"rotation":0,"texture":"#0"},"south":{"uv":[2.8125,7.625,2.625,8.5],"tintindex":0,"rotation":0,"texture":"#0"},"north":{"uv":[2.8125,7.625,2.625,8.5],"tintindex":0,"rotation":0,"texture":"#0"},"west":{"uv":[6.0,8.3125,5.875,9.1875],"tintindex":0,"rotation":0,"texture":"#0"},"up":{"uv":[7.9375,0.75,8.125,0.625],"tintindex":0,"rotation":0,"texture":"#0"},"down":{"uv":[7.9375,0.75,8.125,0.625],"tintindex":0,"rotation":0,"texture":"#0"}},"rotation":{"origin":[15.824863,19.409569,10.693242],"angle":-22.5,"axis":"z"}},{"from":[13.824863,16.659569,9.693242],"to":[19.824863,18.659569,11.193242],"faces":{"east":{"uv":[9.3125,0.8125,9.125,1.0625],"tintindex":0,"rotation":0,"texture":"#0"},"south":{"uv":[8.1875,2.4375,7.4375,2.6875],"tintindex":0,"rotation":0,"texture":"#0"},"north":{"uv":[8.1875,2.4375,7.4375,2.6875],"tintindex":0,"rotation":0,"texture":"#0"},"west":{"uv":[9.3125,0.5,9.125,0.75],"tintindex":0,"rotation":0,"texture":"#0"},"up":{"uv":[5.8125,0.625,6.5625,0.4375],"tintindex":0,"rotation":0,"texture":"#0"},"down":{"uv":[5.8125,0.625,6.5625,0.4375],"tintindex":0,"rotation":0,"texture":"#0"}},"rotation":{"origin":[15.824863,19.409569,10.693242],"angle":22.5,"axis":"z"}},{"from":[3.1978102,14.774354,11.5825615],"to":[5.6978106,22.774353,14.0825615],"faces":{"east":{"uv":[5.6875,3.5625,6.0,4.5625],"tintindex":0,"rotation":0,"texture":"#0"},"south":{"uv":[6.0,3.5625,5.6875,4.5625],"tintindex":0,"rotation":0,"texture":"#0"},"north":{"uv":[6.0,3.5625,5.6875,4.5625],"tintindex":0,"rotation":0,"texture":"#0"},"west":{"uv":[5.6875,3.5625,6.0,4.5625],"tintindex":0,"rotation":0,"texture":"#0"},"up":{"uv":[9.0625,6.4375,8.75,6.125],"tintindex":0,"rotation":0,"texture":"#0"},"down":{"uv":[7.5,8.75,7.1875,9.0625],"tintindex":0,"rotation":0,"texture":"#0"}},"rotation":{"origin":[5.4478106,18.024353,12.8325615],"angle":22.5,"axis":"z"}},{"from":[0.9992628,11.904363,9.443242],"to":[3.4992628,16.904362,11.443242],"faces":{"east":{"uv":[0.0,7.6875,0.25,8.3125],"tintindex":0,"rotation":0,"texture":"#0"},"south":{"uv":[1.375,7.0625,1.6875,7.6875],"tintindex":0,"rotation":0,"texture":"#0"},"north":{"uv":[1.375,7.0625,1.6875,7.6875],"tintindex":0,"rotation":0,"texture":"#0"},"west":{"uv":[0.0,7.6875,0.25,8.3125],"tintindex":0,"rotation":0,"texture":"#0"},"up":{"uv":[9.25,3.0,8.9375,2.75],"tintindex":0,"rotation":0,"texture":"#0"},"down":{"uv":[3.375,8.9375,3.0625,9.1875],"tintindex":0,"rotation":0,"texture":"#0"}},"rotation":{"origin":[0.9992628,15.904363,11.943242],"angle":45.0,"axis":"z"}},{"from":[-4.07028,19.909569,9.943242],"to":[-2.57028,26.909569,10.943242],"faces":{"east":{"uv":[5.875,8.3125,6.0,9.1875],"tintindex":0,"rotation":0,"texture":"#0"},"south":{"uv":[2.625,7.625,2.8125,8.5],"tintindex":0,"rotation":0,"texture":"#0"},"north":{"uv":[2.625,7.625,2.8125,8.5],"tintindex":0,"rotation":0,"texture":"#0"},"west":{"uv":[5.875,8.3125,6.0,9.1875],"tintindex":0,"rotation":0,"texture":"#0"},"up":{"uv":[8.125,0.75,7.9375,0.625],"tintindex":0,"rotation":0,"texture":"#0"},"down":{"uv":[8.125,0.75,7.9375,0.625],"tintindex":0,"rotation":0,"texture":"#0"}},"rotation":{"origin":[0.17971945,19.409569,10.693242],"angle":22.5,"axis":"z"}},{"from":[3.4992628,7.9043627,4.9682417],"to":[12.499263,12.904363,10.968242],"faces":{"east":{"uv":[4.25,2.75,5.0,3.375],"tintindex":0,"rotation":0,"texture":"#0"},"south":{"uv":[3.1875,0.0,4.3125,0.625],"tintindex":0,"rotation":0,"texture":"#0"},"north":{"uv":[3.1875,0.0,4.3125,0.625],"tintindex":0,"rotation":0,"texture":"#0"},"west":{"uv":[2.9375,4.3125,3.6875,4.9375],"tintindex":0,"rotation":0,"texture":"#0"},"up":{"uv":[2.1875,2.875,1.0625,2.125],"tintindex":0,"rotation":0,"texture":"#0"},"down":{"uv":[3.25,1.0625,2.125,1.8125],"tintindex":0,"rotation":0,"texture":"#0"}}},{"from":[8.806772,11.925027,12.443242],"to":[11.806772,16.925026,15.443242],"faces":{"east":{"uv":[4.3125,6.75,3.9375,7.375],"tintindex":0,"rotation":0,"texture":"#0"},"south":{"uv":[4.3125,6.75,3.9375,7.375],"tintindex":0,"rotation":0,"texture":"#0"},"north":{"uv":[4.3125,6.75,3.9375,7.375],"tintindex":0,"rotation":0,"texture":"#0"},"west":{"uv":[4.3125,6.75,3.9375,7.375],"tintindex":0,"rotation":0,"texture":"#0"},"up":{"uv":[8.1875,8.875,8.5625,8.5],"tintindex":0,"rotation":0,"texture":"#0"},"down":{"uv":[8.5625,0.25,8.9375,0.5625],"tintindex":0,"rotation":0,"texture":"#0"}},"rotation":{"origin":[10.556772,16.925026,11.443242],"angle":45.0,"axis":"x"}},{"from":[4.1978106,11.925027,12.443242],"to":[7.1978106,16.925026,15.443242],"faces":{"east":{"uv":[3.9375,6.75,4.3125,7.375],"tintindex":0,"rotation":0,"texture":"#0"},"south":{"uv":[3.9375,6.75,4.3125,7.375],"tintindex":0,"rotation":0,"texture":"#0"},"north":{"uv":[3.9375,6.75,4.3125,7.375],"tintindex":0,"rotation":0,"texture":"#0"},"west":{"uv":[3.9375,6.75,4.3125,7.375],"tintindex":0,"rotation":0,"texture":"#0"},"up":{"uv":[8.5625,8.875,8.1875,8.5],"tintindex":0,"rotation":0,"texture":"#0"},"down":{"uv":[8.9375,0.25,8.5625,0.5625],"tintindex":0,"rotation":0,"texture":"#0"}},"rotation":{"origin":[5.4478106,16.925026,11.443242],"angle":45.0,"axis":"x"}},{"from":[10.306772,14.774354,11.5825615],"to":[12.806772,22.774353,14.0825615],"faces":{"east":{"uv":[6.0,3.5625,5.6875,4.5625],"tintindex":0,"rotation":0,"texture":"#0"},"south":{"uv":[5.6875,3.5625,6.0,4.5625],"tintindex":0,"rotation":0,"texture":"#0"},"north":{"uv":[5.6875,3.5625,6.0,4.5625],"tintindex":0,"rotation":0,"texture":"#0"},"west":{"uv":[6.0,3.5625,5.6875,4.5625],"tintindex":0,"rotation":0,"texture":"#0"},"up":{"uv":[8.75,6.4375,9.0625,6.125],"tintindex":0,"rotation":0,"texture":"#0"},"down":{"uv":[7.1875,8.75,7.5,9.0625],"tintindex":0,"rotation":0,"texture":"#0"}},"rotation":{"origin":[10.556772,18.024353,12.8325615],"angle":-22.5,"axis":"z"}},{"from":[12.50532,11.904363,9.443242],"to":[15.00532,16.904362,11.443242],"faces":{"east":{"uv":[0.25,7.6875,0.0,8.3125],"tintindex":0,"rotation":0,"texture":"#0"},"south":{"uv":[1.6875,7.0625,1.375,7.6875],"tintindex":0,"rotation":0,"texture":"#0"},"north":{"uv":[1.6875,7.0625,1.375,7.6875],"tintindex":0,"rotation":0,"texture":"#0"},"west":{"uv":[0.25,7.6875,0.0,8.3125],"tintindex":0,"rotation":0,"texture":"#0"},"up":{"uv":[8.9375,3.0,9.25,2.75],"tintindex":0,"rotation":0,"texture":"#0"},"down":{"uv":[3.0625,8.9375,3.375,9.1875],"tintindex":0,"rotation":0,"texture":"#0"}},"rotation":{"origin":[15.00532,15.904363,11.943242],"angle":-45.0,"axis":"z"}}]}