{"textures":{"0":"modelengine:entity/dwarf_blacksmith"},"elements":[{"from":[-0.001288414,18.842648,-3.684845],"to":[5.9987116,20.842648,-1.684845],"faces":{"east":{"uv":[4.1875,4.5625,4.3125,4.6875],"tintindex":0,"rotation":0,"texture":"#0"},"south":{"uv":[9.0625,5.0,9.4375,5.125],"tintindex":0,"rotation":0,"texture":"#0"},"north":{"uv":[9.0,8.75,9.375,8.875],"tintindex":0,"rotation":0,"texture":"#0"},"west":{"uv":[7.875,3.0625,8.0,3.1875],"tintindex":0,"rotation":0,"texture":"#0"},"up":{"uv":[9.4375,5.3125,9.0625,5.1875],"tintindex":0,"rotation":0,"texture":"#0"},"down":{"uv":[9.4375,5.375,9.0625,5.5],"tintindex":0,"rotation":0,"texture":"#0"}},"rotation":{"origin":[3.9987116,19.842648,-2.184845],"angle":-22.5,"axis":"z"}},{"from":[-2.664175,11.292648,5.108048],"to":[-1.664175,12.292648,6.108048],"faces":{"east":{"uv":[6.5625,3.625,6.5,3.6875],"tintindex":0,"rotation":0,"texture":"#0"},"south":{"uv":[3.625,5.375,3.5625,5.4375],"tintindex":0,"rotation":0,"texture":"#0"},"north":{"uv":[3.375,1.75,3.3125,1.8125],"tintindex":0,"rotation":0,"texture":"#0"},"west":{"uv":[2.1875,4.125,2.125,4.1875],"tintindex":0,"rotation":0,"texture":"#0"},"up":{"uv":[2.75,6.6875,2.8125,6.625],"tintindex":0,"rotation":0,"texture":"#0"},"down":{"uv":[1.0,6.9375,1.0625,7.0],"tintindex":0,"rotation":0,"texture":"#0"}},"rotation":{"origin":[-0.98917484,14.042648,6.108048],"angle":-22.5,"axis":"y"}},{"from":[9.998712,14.842648,-2.934845],"to":[14.998712,19.842648,-0.934845],"faces":{"east":{"uv":[3.5625,5.0,3.6875,5.3125],"tintindex":0,"rotation":0,"texture":"#0"},"south":{"uv":[5.125,8.5625,5.4375,8.875],"tintindex":0,"rotation":0,"texture":"#0"},"north":{"uv":[3.875,8.5625,4.1875,8.875],"tintindex":0,"rotation":0,"texture":"#0"},"west":{"uv":[2.3125,9.0625,2.4375,9.375],"tintindex":0,"rotation":0,"texture":"#0"},"up":{"uv":[5.8125,7.875,5.5,7.75],"tintindex":0,"rotation":0,"texture":"#0"},"down":{"uv":[9.375,7.25,9.0625,7.375],"tintindex":0,"rotation":0,"texture":"#0"}}},{"from":[-2.664175,12.292648,5.108048],"to":[0.3358245,13.292648,6.108048],"faces":{"east":{"uv":[6.8125,7.8125,6.75,7.875],"tintindex":0,"rotation":0,"texture":"#0"},"south":{"uv":[9.4375,8.0625,9.25,8.125],"tintindex":0,"rotation":0,"texture":"#0"},"north":{"uv":[7.6875,8.0625,7.5,8.125],"tintindex":0,"rotation":0,"texture":"#0"},"west":{"uv":[6.375,7.6875,6.3125,7.75],"tintindex":0,"rotation":0,"texture":"#0"},"up":{"uv":[8.375,9.3125,8.5625,9.25],"tintindex":0,"rotation":0,"texture":"#0"},"down":{"uv":[8.9375,9.25,9.125,9.3125],"tintindex":0,"rotation":0,"texture":"#0"}},"rotation":{"origin":[-0.98917484,14.042648,6.108048],"angle":-22.5,"axis":"y"}},{"from":[8.004768,23.746117,-0.94817924],"to":[16.004768,27.596115,-0.94817924],"faces":{"south":{"uv":[8.0625,8.1875,8.5625,8.4375],"tintindex":0,"rotation":0,"texture":"#0"},"north":{"uv":[8.5625,8.1875,8.0625,8.4375],"tintindex":0,"rotation":0,"texture":"#0"}},"rotation":{"origin":[12.004768,25.671116,-0.94817924],"angle":22.5,"axis":"x"}},{"from":[17.673712,11.292648,5.108048],"to":[18.673712,12.292648,6.108048],"faces":{"east":{"uv":[2.125,4.125,2.1875,4.1875],"tintindex":0,"rotation":0,"texture":"#0"},"south":{"uv":[3.5625,5.375,3.625,5.4375],"tintindex":0,"rotation":0,"texture":"#0"},"north":{"uv":[3.3125,1.75,3.375,1.8125],"tintindex":0,"rotation":0,"texture":"#0"},"west":{"uv":[6.5,3.625,6.5625,3.6875],"tintindex":0,"rotation":0,"texture":"#0"},"up":{"uv":[2.8125,6.6875,2.75,6.625],"tintindex":0,"rotation":0,"texture":"#0"},"down":{"uv":[1.0625,6.9375,1.0,7.0],"tintindex":0,"rotation":0,"texture":"#0"}},"rotation":{"origin":[16.99871,14.042648,6.108048],"angle":22.5,"axis":"y"}},{"from":[-0.66417503,11.292648,5.108048],"to":[0.3358245,12.292648,6.108048],"faces":{"east":{"uv":[0.25,8.375,0.1875,8.4375],"tintindex":0,"rotation":0,"texture":"#0"},"south":{"uv":[4.375,8.25,4.3125,8.3125],"tintindex":0,"rotation":0,"texture":"#0"},"north":{"uv":[2.5625,8.125,2.5,8.1875],"tintindex":0,"rotation":0,"texture":"#0"},"west":{"uv":[2.5625,8.25,2.5,8.3125],"tintindex":0,"rotation":0,"texture":"#0"},"up":{"uv":[2.5,8.4375,2.5625,8.375],"tintindex":0,"rotation":0,"texture":"#0"},"down":{"uv":[5.125,8.375,5.1875,8.4375],"tintindex":0,"rotation":0,"texture":"#0"}},"rotation":{"origin":[-0.98917484,14.042648,6.108048],"angle":-22.5,"axis":"y"}},{"from":[-1.4891748,11.892647,3.315155],"to":[-0.48917484,16.892647,7.315155],"faces":{"east":{"uv":[3.875,8.9375,4.125,9.25],"tintindex":0,"rotation":0,"texture":"#0"},"south":{"uv":[3.375,1.375,3.3125,1.6875],"tintindex":0,"rotation":0,"texture":"#0"},"north":{"uv":[3.25,0.6875,3.1875,1.0],"tintindex":0,"rotation":0,"texture":"#0"},"west":{"uv":[4.125,8.9375,3.875,9.25],"tintindex":0,"rotation":0,"texture":"#0"},"up":{"uv":[2.75,6.25,2.8125,6.0],"tintindex":0,"rotation":0,"texture":"#0"},"down":{"uv":[2.75,6.3125,2.8125,6.5625],"tintindex":0,"rotation":0,"texture":"#0"}},"rotation":{"origin":[-0.98917484,14.31765,5.815155],"angle":-22.5,"axis":"y"}},{"from":[15.673712,10.292648,5.108048],"to":[18.673712,11.292648,6.108048],"faces":{"east":{"uv":[6.75,7.9375,6.8125,8.0],"tintindex":0,"rotation":0,"texture":"#0"},"south":{"uv":[9.3125,0.1875,9.5,0.25],"tintindex":0,"rotation":0,"texture":"#0"},"north":{"uv":[9.1875,9.25,9.375,9.3125],"tintindex":0,"rotation":0,"texture":"#0"},"west":{"uv":[0.625,8.125,0.6875,8.1875],"tintindex":0,"rotation":0,"texture":"#0"},"up":{"uv":[9.5,0.375,9.3125,0.3125],"tintindex":0,"rotation":0,"texture":"#0"},"down":{"uv":[1.25,9.3125,1.0625,9.375],"tintindex":0,"rotation":0,"texture":"#0"}},"rotation":{"origin":[16.99871,14.042648,6.108048],"angle":22.5,"axis":"y"}},{"from":[14.748712,16.842648,-1.934845],"to":[16.74871,18.842648,6.065155],"faces":{"east":{"uv":[0.0,4.9375,0.5,5.0625],"tintindex":0,"rotation":0,"texture":"#0"},"south":{"uv":[9.25,7.875,9.375,8.0],"tintindex":0,"rotation":0,"texture":"#0"},"north":{"uv":[5.75,9.25,5.875,9.375],"tintindex":0,"rotation":0,"texture":"#0"},"west":{"uv":[9.0,4.1875,9.5,4.3125],"tintindex":0,"rotation":0,"texture":"#0"},"up":{"uv":[3.5625,9.4375,3.4375,8.9375],"tintindex":0,"rotation":0,"texture":"#0"},"down":{"uv":[7.0625,8.9375,6.9375,9.4375],"tintindex":0,"rotation":0,"texture":"#0"}}},{"from":[15.673712,12.292648,5.108048],"to":[18.673712,13.292648,6.108048],"faces":{"east":{"uv":[6.3125,7.6875,6.375,7.75],"tintindex":0,"rotation":0,"texture":"#0"},"south":{"uv":[9.25,8.0625,9.4375,8.125],"tintindex":0,"rotation":0,"texture":"#0"},"north":{"uv":[7.5,8.0625,7.6875,8.125],"tintindex":0,"rotation":0,"texture":"#0"},"west":{"uv":[6.75,7.8125,6.8125,7.875],"tintindex":0,"rotation":0,"texture":"#0"},"up":{"uv":[8.5625,9.3125,8.375,9.25],"tintindex":0,"rotation":0,"texture":"#0"},"down":{"uv":[9.125,9.25,8.9375,9.3125],"tintindex":0,"rotation":0,"texture":"#0"}},"rotation":{"origin":[16.99871,14.042648,6.108048],"angle":22.5,"axis":"y"}},{"from":[9.998712,18.842648,-3.684845],"to":[15.998712,20.842648,-1.684845],"faces":{"east":{"uv":[6.125,8.0,6.25,8.125],"tintindex":0,"rotation":0,"texture":"#0"},"south":{"uv":[9.0625,6.6875,9.4375,6.8125],"tintindex":0,"rotation":0,"texture":"#0"},"north":{"uv":[9.0625,5.5625,9.4375,5.6875],"tintindex":0,"rotation":0,"texture":"#0"},"west":{"uv":[7.375,9.125,7.5,9.25],"tintindex":0,"rotation":0,"texture":"#0"},"up":{"uv":[9.4375,7.0,9.0625,6.875],"tintindex":0,"rotation":0,"texture":"#0"},"down":{"uv":[9.4375,7.0625,9.0625,7.1875],"tintindex":0,"rotation":0,"texture":"#0"}},"rotation":{"origin":[11.998712,19.842648,-2.184845],"angle":22.5,"axis":"z"}},{"from":[15.673712,11.292648,5.108048],"to":[16.673712,12.292648,6.108048],"faces":{"east":{"uv":[2.5,8.25,2.5625,8.3125],"tintindex":0,"rotation":0,"texture":"#0"},"south":{"uv":[4.3125,8.25,4.375,8.3125],"tintindex":0,"rotation":0,"texture":"#0"},"north":{"uv":[2.5,8.125,2.5625,8.1875],"tintindex":0,"rotation":0,"texture":"#0"},"west":{"uv":[0.1875,8.375,0.25,8.4375],"tintindex":0,"rotation":0,"texture":"#0"},"up":{"uv":[2.5625,8.4375,2.5,8.375],"tintindex":0,