{"textures":{"0":"modelengine:entity/dwarf_blacksmith"},"elements":[{"from":[3.9999995,4.1541667,4.083333],"to":[12.0,8.154167,12.083333],"faces":{"east":{"uv":[8.125,5.4375,8.625,5.6875],"tintindex":0,"rotation":0,"texture":"#0"},"south":{"uv":[8.1875,0.625,8.6875,0.875],"tintindex":0,"rotation":0,"texture":"#0"},"north":{"uv":[8.125,5.125,8.625,5.375],"tintindex":0,"rotation":0,"texture":"#0"},"west":{"uv":[8.1875,0.9375,8.6875,1.1875],"tintindex":0,"rotation":0,"texture":"#0"},"up":{"uv":[5.6875,6.6875,5.1875,6.1875],"tintindex":0,"rotation":0,"texture":"#0"},"down":{"uv":[1.125,6.375,0.625,6.875],"tintindex":0,"rotation":0,"texture":"#0"}}},{"from":[3.4999995,4.0791664,3.583333],"to":[12.5,8.229166,12.583333],"faces":{"east":{"uv":[7.75,7.875,8.3125,8.125],"tintindex":0,"rotation":0,"texture":"#0"},"south":{"uv":[7.9375,0.3125,8.5,0.5625],"tintindex":0,"rotation":0,"texture":"#0"},"north":{"uv":[7.875,4.8125,8.4375,5.0625],"tintindex":0,"rotation":0,"texture":"#0"},"west":{"uv":[8.3125,7.875,7.75,8.125],"tintindex":0,"rotation":0,"texture":"#0"},"up":{"uv":[5.625,5.5625,5.0625,5.0],"tintindex":0,"rotation":0,"texture":"#0"},"down":{"uv":[0.5625,5.125,0.0,5.6875],"tintindex":0,"rotation":0,"texture":"#0"}}}]}