{"textures":{"0":"modelengine:entity/dwarf_blacksmith"},"elements":[{"from":[4.0,-1.9916668,3.666667],"to":[12.0,8.083332,11.666667],"faces":{"east":{"uv":[1.125,5.125,0.625,5.75],"tintindex":0,"rotation":0,"texture":"#0"},"south":{"uv":[1.75,4.4375,1.25,5.0625],"tintindex":0,"rotation":0,"texture":"#0"},"north":{"uv":[1.75,4.4375,1.25,5.0625],"tintindex":0,"rotation":0,"texture":"#0"},"west":{"uv":[1.125,5.125,0.625,5.75],"tintindex":0,"rotation":0,"texture":"#0"},"up":{"uv":[6.0625,4.25,6.5625,3.75],"tintindex":0,"rotation":0,"texture":"#0"},"down":{"uv":[6.0625,4.25,6.5625,3.75],"tintindex":0,"rotation":0,"texture":"#0"}}},{"from":[3.5,-1.916667,2.666667],"to":[12.5,5.083333,8.666667],"faces":{"east":{"uv":[8.125,0.8125,7.75,1.25],"tintindex":0,"rotation":0,"texture":"#0"},"south":{"uv":[7.1875,3.875,6.625,4.3125],"tintindex":0,"rotation":0,"texture":"#0"},"north":{"uv":[7.1875,3.375,6.625,3.8125],"tintindex":0,"rotation":0,"texture":"#0"},"west":{"uv":[1.125,7.75,0.75,8.1875],"tintindex":0,"rotation":0,"texture":"#0"},"up":{"uv":[4.875,7.125,5.4375,6.75],"tintindex":0,"rotation":0,"texture":"#0"},"down":{"uv":[6.875,0.5,7.4375,0.875],"tintindex":0,"rotation":0,"texture":"#0"}}},{"from":[6.0,-0.41666698,1.666667],"to":[10.0,3.583333,2.666667],"faces":{"east":{"uv":[4.4375,1.125,4.375,1.375],"tintindex":0,"rotation":0,"texture":"#0"},"south":{"uv":[9.3125,7.4375,9.125,7.625],"tintindex":0,"rotation":0,"texture":"#0"},"north":{"uv":[7.375,9.125,7.125,9.375],"tintindex":0,"rotation":0,"texture":"#0"},"west":{"uv":[2.1875,1.875,2.125,2.125],"tintindex":0,"rotation":0,"texture":"#0"},"up":{"uv":[7.1875,1.875,7.4375,1.8125],"tintindex":0,"rotation":0,"texture":"#0"},"down":{"uv":[3.25,7.3125,3.5,7.375],"tintindex":0,"rotation":0,"texture":"#0"}}}]}