{"textures":{"0":"modelengine:entity/dwarf_blacksmith"},"elements":[{"from":[6.590909,-4.9723053,4.308474],"to":[14.590908,5.0276947,12.308474],"faces":{"east":{"uv":[2.8125,5.3125,2.3125,5.9375],"tintindex":0,"rotation":0,"texture":"#0"},"south":{"uv":[2.8125,5.3125,2.3125,5.9375],"tintindex":0,"rotation":0,"texture":"#0"},"north":{"uv":[2.8125,5.3125,2.3125,5.9375],"tintindex":0,"rotation":0,"texture":"#0"},"west":{"uv":[2.8125,5.3125,2.3125,5.9375],"tintindex":0,"rotation":0,"texture":"#0"},"up":{"uv":[6.0625,6.5625,6.5625,6.0625],"tintindex":0,"rotation":0,"texture":"#0"},"down":{"uv":[6.0625,6.5625,6.5625,6.0625],"tintindex":0,"rotation":0,"texture":"#0"}}},{"from":[5.590909,-1.9723053,3.308474],"to":[15.590908,1.0276947,13.308474],"faces":{"east":{"uv":[9.0,7.1875,8.375,7.375],"tintindex":0,"rotation":0,"texture":"#0"},"south":{"uv":[9.0,7.1875,8.375,7.375],"tintindex":0,"rotation":0,"texture":"#0"},"north":{"uv":[9.0,7.1875,8.375,7.375],"tintindex":0,"rotation":0,"texture":"#0"},"west":{"uv":[9.0,7.1875,8.375,7.375],"tintindex":0,"rotation":0,"texture":"#0"},"up":{"uv":[4.5,2.4375,5.125,1.8125],"tintindex":0,"rotation":0,"texture":"#0"},"down":{"uv":[4.5,2.4375,5.125,1.8125],"tintindex":0,"rotation":0,"texture":"#0"}}},{"from":[9.090909,4.338646,15.122103],"to":[13.090909,8.338646,16.122103],"faces":{"east":{"uv":[4.4375,1.125,4.375,1.375],"tintindex":0,"rotation":0,"texture":"#0"},"south":{"uv":[7.125,9.125,7.375,9.375],"tintindex":0,"rotation":0,"texture":"#0"},"north":{"uv":[9.3125,7.4375,9.125,7.625],"tintindex":0,"rotation":0,"texture":"#0"},"west":{"uv":[2.1875,1.875,2.125,2.125],"tintindex":0,"rotation":0,"texture":"#0"},"up":{"uv":[7.4375,1.875,7.1875,1.8125],"tintindex":0,"rotation":180,"texture":"#0"},"down":{"uv":[3.5,7.3125,3.25,7.375],"tintindex":0,"rotation":180,"texture":"#0"}},"rotation":{"origin":[11.090909,6.338646,15.622103],"angle":-22.5,"axis":"x"}},{"from":[4.5909085,0.9489136,2.159422],"to":[16.590908,6.9489136,6.159422],"faces":{"east":{"uv":[1.6875,8.875,1.4375,9.25],"tintindex":0,"rotation":0,"texture":"#0"},"south":{"uv":[6.5625,0.0,5.8125,0.375],"tintindex":0,"rotation":0,"texture":"#0"},"north":{"uv":[6.5,1.8125,5.75,2.1875],"tintindex":0,"rotation":0,"texture":"#0"},"west":{"uv":[1.6875,8.875,1.4375,9.25],"tintindex":0,"rotation":0,"texture":"#0"},"up":{"uv":[7.4375,2.0625,8.1875,1.8125],"tintindex":0,"rotation":0,"texture":"#0"},"down":{"uv":[7.4375,2.125,8.1875,2.375],"tintindex":0,"rotation":0,"texture":"#0"}},"rotation":{"origin":[10.090909,6.49889,8.33432],"angle":22.5,"axis":"x"}},{"from":[9.090909,10.027695,6.308474],"to":[13.090909,11.027695,10.308474],"faces":{"east":{"uv":[9.25,4.375,9.0,4.4375],"tintindex":0,"rotation":0,"texture":"#0"},"south":{"uv":[5.9375,5.5,5.6875,5.5625],"tintindex":0,"rotation":0,"texture":"#0"},"north":{"uv":[2.0625,4.125,1.8125,4.1875],"tintindex":0,"rotation":0,"texture":"#0"},"west":{"uv":[4.9375,5.5,4.6875,5.5625],"tintindex":0,"rotation":0,"texture":"#0"},"up":{"uv":[4.5,8.0625,4.75,7.8125],"tintindex":0,"rotation":0,"texture":"#0"},"down":{"uv":[9.0,0.1875,9.25,0.4375],"tintindex":0,"rotation":0,"texture":"#0"}}},{"from":[9.090909,1.4489136,1.1594219],"to":[13.090909,5.4489136,2.159422],"faces":{"east":{"uv":[4.4375,1.125,4.375,1.375],"tintindex":0,"rotation":0,"texture":"#0"},"south":{"uv":[9.3125,7.4375,9.125,7.625],"tintindex":0,"rotation":0,"texture":"#0"},"north":{"uv":[7.375,9.125,7.125,9.375],"tintindex":0,"rotation":0,"texture":"#0"},"west":{"uv":[2.1875,1.875,2.125,2.125],"tintindex":0,"rotation":0,"texture":"#0"},"up":{"uv":[7.1875,1.875,7.4375,1.8125],"tintindex":0,"rotation":0,"texture":"#0"},"down":{"uv":[3.25,7.3125,3.5,7.375],"tintindex":0,"rotation":0,"texture":"#0"}},"rotation":{"origin":[10.090909,6.49889,8.33432],"angle":22.5,"axis":"x"}},{"from":[4.565909,6.0276947,2.808474],"to":[16.61591,10.027695,13.808474],"faces":{"east":{"uv":[4.3125,7.4375,3.625,7.6875],"tintindex":0,"rotation":0,"texture":"#0"},"south":{"uv":[8.0625,4.5,7.3125,4.75],"tintindex":0,"rotation":0,"texture":"#0"},"north":{"uv":[7.9375,7.25,7.1875,7.5],"tintindex":0,"rotation":0,"texture":"#0"},"west":{"uv":[3.5625,7.4375,2.875,7.6875],"tintindex":0,"rotation":0,"texture":"#0"},"up":{"uv":[3.4375,3.4375,4.1875,2.75],"tintindex":0,"rotation":0,"texture":"#0"},"down":{"uv":[2.25,3.5,3.0,4.1875],"tintindex":0,"rotation":0,"texture":"#0"}}},{"from":[4.5909085,1.0619316,10.506031],"to":[16.590908,7.0619316,14.506031],"faces":{"east":{"uv":[1.6875,8.875,1.4375,9.25],"tintindex":0,"rotation":0,"texture":"#0"},"south":{"uv":[5.75,1.8125,6.5,2.1875],"tintindex":0,"rotation":0,"texture":"#0"},"north":{"uv":[5.8125,0.0,6.5625,0.375],"tintindex":0,"rotation":0,"texture":"#0"},"west":{"uv":[1.6875,8.875,1.4375,9.25],"tintindex":0,"rotation":0,"texture":"#0"},"up":{"uv":[7.3125,5.5625,8.0625,5.3125],"tintindex":0,"rotation":0,"texture":"#0"},"down":{"uv":[7.4375,2.375,8.1875,2.125],"tintindex":0,"rotation":0,"texture":"#0"}},"rotation":{"origin":[10.090909,6.49889,8.33432],"angle":-22.5,"axis":"x"}}]}