{"textures":{"0":"modelengine:entity/dwarf_blacksmith"},"elements":[{"from":[6.5,6.4885273,-4.6003685],"to":[9.5,9.488527,20.399632],"faces":{"east":{"uv":[5.25,0.6875,6.8125,0.875],"tintindex":0,"rotation":0,"texture":"#0"},"south":{"uv":[3.625,9.1875,3.8125,9.375],"tintindex":0,"rotation":0,"texture":"#0"},"north":{"uv":[2.5,9.1875,2.6875,9.375],"tintindex":0,"rotation":0,"texture":"#0"},"west":{"uv":[5.6875,4.625,7.25,4.8125],"tintindex":0,"rotation":0,"texture":"#0"},"up":{"uv":[3.4375,7.25,3.25,5.6875],"tintindex":0,"rotation":0,"texture":"#0"},"down":{"uv":[0.5625,5.75,0.375,7.3125],"tintindex":0,"rotation":0,"texture":"#0"}}},{"from":[7.0,10.488527,-9.6003685],"to":[9.0,15.488527,-4.6003685],"faces":{"east":{"uv":[8.75,1.0,9.0625,1.3125],"tintindex":0,"rotation":0,"texture":"#0"},"south":{"uv":[5.5625,9.125,5.6875,9.4375],"tintindex":0,"rotation":0,"texture":"#0"},"north":{"uv":[5.375,9.125,5.5,9.4375],"tintindex":0,"rotation":0,"texture":"#0"},"west":{"uv":[4.6875,8.75,5.0,9.0625],"tintindex":0,"rotation":0,"texture":"#0"},"up":{"uv":[9.25,6.0625,9.125,5.75],"tintindex":0,"rotation":0,"texture":"#0"},"down":{"uv":[9.25,6.125,9.125,6.4375],"tintindex":0,"rotation":0,"texture":"#0"}}},{"from":[6.5,10.238527,-10.8503685],"to":[9.5,19.238527,-7.8503685],"faces":{"east":{"uv":[0.875,8.5625,1.0625,9.125],"tintindex":0,"rotation":0,"texture":"#0"},"south":{"uv":[2.5,8.5625,2.6875,9.125],"tintindex":0,"rotation":0,"texture":"#0"},"north":{"uv":[0.625,8.5625,0.8125,9.125],"tintindex":0,"rotation":0,"texture":"#0"},"west":{"uv":[3.625,8.5625,3.8125,9.125],"tintindex":0,"rotation":0,"texture":"#0"},"up":{"uv":[9.375,4.875,9.1875,4.6875],"tintindex":0,"rotation":0,"texture":"#0"},"down":{"uv":[6.25,9.1875,6.0625,9.375],"tintindex":0,"rotation":0,"texture":"#0"}},"rotation":{"origin":[8.0,14.738527,-11.1003685],"angle":22.5,"axis":"x"}},{"from":[6.0,6.4885273,18.399632],"to":[10.0,11.488527,23.399632],"faces":{"east":{"uv":[5.5,8.75,5.8125,9.0625],"tintindex":0,"rotation":0,"texture":"#0"},"south":{"uv":[8.0,8.875,8.25,9.1875],"tintindex":0,"rotation":0,"texture":"#0"},"north":{"uv":[1.75,8.875,2.0,9.1875],"tintindex":0,"rotation":0,"texture":"#0"},"west":{"uv":[8.75,5.75,9.0625,6.0625],"tintindex":0,"rotation":0,"texture":"#0"},"up":{"uv":[8.5625,9.1875,8.3125,8.875],"tintindex":0,"rotation":0,"texture":"#0"},"down":{"uv":[3.0,8.9375,2.75,9.25],"tintindex":0,"rotation":0,"texture":"#0"}},"rotation":{"origin":[8.0,7.9885273,21.899632],"angle":-45.0,"axis":"x"}},{"from":[4.500001,5.4885273,-12.6003685],"to":[11.5,10.488527,-4.6003685],"faces":{"east":{"uv":[7.625,5.9375,8.125,6.25],"tintindex":0,"rotation":0,"texture":"#0"},"south":{"uv":[1.6875,8.125,2.125,8.4375],"tintindex":0,"rotation":0,"texture":"#0"},"north":{"uv":[1.1875,8.125,1.625,8.4375],"tintindex":0,"rotation":0,"texture":"#0"},"west":{"uv":[1.1875,7.75,1.6875,8.0625],"tintindex":0,"rotation":0,"texture":"#0"},"up":{"uv":[1.0,4.375,0.5625,3.875],"tintindex":0,"rotation":0,"texture":"#0"},"down":{"uv":[4.8125,6.75,4.375,7.25],"tintindex":0,"rotation":0,"texture":"#0"}}},{"from":[2.500001,-4.5114717,-14.6003685],"to":[13.5,-2.5114717,-2.6003685],"faces":{"east":{"uv":[8.75,6.5,9.5,6.625],"tintindex":0,"rotation":0,"texture":"#0"},"south":{"uv":[8.875,4.0,9.5625,4.125],"tintindex":0,"rotation":0,"texture":"#0"},"north":{"uv":[8.875,4.0,9.5625,4.125],"tintindex":0,"rotation":0,"texture":"#0"},"west":{"uv":[8.8125,0.0,9.5625,0.125],"tintindex":0,"rotation":0,"texture":"#0"},"up":{"uv":[3.75,4.25,3.0625,3.5],"tintindex":0,"rotation":0,"texture":"#0"},"down":{"uv":[1.75,3.625,1.0625,4.375],"tintindex":0,"rotation":0,"texture":"#0"}}},{"from":[3.500001,-2.5114717,-13.6003685],"to":[12.5,5.4885273,-3.6003685],"faces":{"east":{"uv":[4.6875,5.625,5.3125,6.125],"tintindex":0,"rotation":0,"texture":"#0"},"south":{"uv":[1.25,6.0,1.8125,6.5],"tintindex":0,"rotation":0,"texture":"#0"},"north":{"uv":[0.625,5.8125,1.1875,6.3125],"tintindex":0,"rotation":0,"texture":"#0"},"west":{"uv":[5.375,5.625,6.0,6.125],"tintindex":0,"rotation":0,"texture":"#0"},"up":{"uv":[5.0,5.4375,4.4375,4.8125],"tintindex":0,"rotation":0,"texture":"#0"},"down":{"uv":[3.5,5.0,2.9375,5.625],"tintindex":0,"rotation":0,"texture":"#0"}}}]}