{"textures":{"0":"modelengine:entity/capra3"},"elements":[{"from":[0.93232346,-6.425976,3.1509552],"to":[5.9323244,2.5740242,10.150955],"faces":{"east":{"uv":[9.75,9.5,8.875,10.625],"tintindex":0,"rotation":0,"texture":"#0"},"south":{"uv":[11.0,10.5,10.375,11.625],"tintindex":0,"rotation":0,"texture":"#0"},"north":{"uv":[10.375,10.5,9.75,11.625],"tintindex":0,"rotation":0,"texture":"#0"},"west":{"uv":[5.5,9.5,4.625,10.625],"tintindex":0,"rotation":0,"texture":"#0"},"up":{"uv":[11.5,9.5,12.125,8.625],"tintindex":0,"rotation":0,"texture":"#0"},"down":{"uv":[8.75,11.5,9.375,12.375],"tintindex":0,"rotation":0,"texture":"#0"}}},{"from":[0.93232346,2.5740242,3.1509552],"to":[7.9323244,10.574024,11.150955],"faces":{"east":{"uv":[10.375,7.0,9.375,8.0],"tintindex":0,"rotation":0,"texture":"#0"},"south":{"uv":[10.75,2.25,9.875,3.25],"tintindex":0,"rotation":0,"texture":"#0"},"north":{"uv":[10.625,9.5,9.75,10.5],"tintindex":0,"rotation":0,"texture":"#0"},"west":{"uv":[1.0,9.25,0.0,10.25],"tintindex":0,"rotation":0,"texture":"#0"},"up":{"uv":[9.875,9.0,10.75,8.0],"tintindex":0,"rotation":0,"texture":"#0"},"down":{"uv":[1.0,10.0,1.875,11.0],"tintindex":0,"rotation":0,"texture":"#0"}}},{"from":[0.93232346,-6.425976,10.150955],"to":[0.93232346,10.574024,19.150955],"faces":{"east":{"uv":[5.5,1.0,6.625,3.125],"tintindex":0,"rotation":0,"texture":"#0"},"west":{"uv":[6.625,1.0,5.5,3.125],"tintindex":0,"rotation":0,"texture":"#0"}}}]}