{"textures":{"0":"modelengine:entity/capra3"},"elements":[{"from":[6.931671,-3.9846077,6.163991],"to":[12.93167,1.0153923,11.16399],"faces":{"east":{"uv":[12.625,5.875,12.0,6.5],"tintindex":0,"rotation":0,"texture":"#0"},"south":{"uv":[11.375,11.875,10.625,12.5],"tintindex":0,"rotation":0,"texture":"#0"},"north":{"uv":[12.5,8.0,11.75,8.625],"tintindex":0,"rotation":0,"texture":"#0"},"west":{"uv":[12.625,2.875,12.0,3.5],"tintindex":0,"rotation":0,"texture":"#0"},"up":{"uv":[11.375,12.5,12.125,11.875],"tintindex":0,"rotation":0,"texture":"#0"},"down":{"uv":[1.875,12.0,2.625,12.625],"tintindex":0,"rotation":0,"texture":"#0"}}},{"from":[9.93167,2.8973293,6.2244635],"to":[12.93167,5.8973293,11.224463],"faces":{"east":{"uv":[11.375,8.625,10.75,9.0],"tintindex":0,"rotation":0,"texture":"#0"},"south":{"uv":[9.375,7.0,9.0,7.375],"tintindex":0,"rotation":0,"texture":"#0"},"north":{"uv":[8.125,6.0,7.75,6.375],"tintindex":0,"rotation":0,"texture":"#0"},"west":{"uv":[11.125,6.0,10.5,6.375],"tintindex":0,"rotation":0,"texture":"#0"},"up":{"uv":[3.0,12.875,3.375,12.25],"tintindex":0,"rotation":0,"texture":"#0"},"down":{"uv":[5.0,12.25,5.375,12.875],"tintindex":0,"rotation":0,"texture":"#0"}},"rotation":{"origin":[9.970705,4.60837,8.990998],"angle":22.5,"axis":"x"}},{"from":[6.931671,1.0153923,6.163991],"to":[9.93167,8.015392,11.16399],"faces":{"east":{"uv":[1.375,11.625,0.75,12.5],"tintindex":0,"rotation":0,"texture":"#0"},"south":{"uv":[4.625,12.125,4.25,13.0],"tintindex":0,"rotation":0,"texture":"#0"},"north":{"uv":[0.75,12.125,0.375,13.0],"tintindex":0,"rotation":0,"texture":"#0"},"west":{"uv":[12.125,9.5,11.5,10.375],"tintindex":0,"rotation":0,"texture":"#0"},"up":{"uv":[3.25,10.625,3.625,10.0],"tintindex":0,"rotation":0,"texture":"#0"},"down":{"uv":[2.625,12.25,3.0,12.875],"tintindex":0,"rotation":0,"texture":"#0"}}}]}