{"textures":{"0":"modelengine:entity/capra3"},"elements":[{"from":[1.123971,-4.6408405,4.032792],"to":[7.1239705,1.3591595,13.032792],"faces":{"east":{"uv":[11.5,0.75,10.375,1.5],"tintindex":0,"rotation":0,"texture":"#0"},"south":{"uv":[12.125,2.125,11.375,2.875],"tintindex":0,"rotation":0,"texture":"#0"},"north":{"uv":[0.75,11.375,0.0,12.125],"tintindex":0,"rotation":0,"texture":"#0"},"west":{"uv":[11.5,0.0,10.375,0.75],"tintindex":0,"rotation":0,"texture":"#0"},"up":{"uv":[8.0,11.25,8.75,10.125],"tintindex":0,"rotation":0,"texture":"#0"},"down":{"uv":[0.0,10.25,0.75,11.375],"tintindex":0,"rotation":0,"texture":"#0"}},"rotation":{"origin":[12.264509,5.6165657,10.94712],"angle":22.5,"axis":"x"}},{"from":[1.123971,-5.788891,12.804431],"to":[1.123971,9.211109,19.804432],"faces":{"east":{"uv":[5.75,6.375,6.625,8.25],"tintindex":0,"rotation":0,"texture":"#0"},"west":{"uv":[6.625,6.375,5.75,8.25],"tintindex":0,"rotation":0,"texture":"#0"}},"rotation":{"origin":[10.264509,4.4685154,13.718759],"angle":22.5,"axis":"x"}},{"from":[1.123971,1.3591595,3.032792],"to":[8.12397,10.359161,14.032792],"faces":{"east":{"uv":[9.375,7.375,8.0,8.5],"tintindex":0,"rotation":0,"texture":"#0"},"south":{"uv":[10.5,5.375,9.625,6.5],"tintindex":0,"rotation":0,"texture":"#0"},"north":{"uv":[4.5,9.625,3.625,10.75],"tintindex":0,"rotation":0,"texture":"#0"},"west":{"uv":[4.75,7.5,3.375,8.625],"tintindex":0,"rotation":0,"texture":"#0"},"up":{"uv":[1.875,10.0,2.75,8.625],"tintindex":0,"rotation":0,"texture":"#0"},"down":{"uv":[2.75,8.625,3.625,10.0],"tintindex":0,"rotation":0,"texture":"#0"}},"rotation":{"origin":[12.264509,5.6165657,10.94712],"angle":22.5,"axis":"x"}},{"from":[1.123971,-10.869202,5.1808424],"to":[7.1239705,-4.8692017,11.180842],"faces":{"east":{"uv":[12.25,0.75,11.5,1.5],"tintindex":0,"rotation":0,"texture":"#0"},"south":{"uv":[12.25,0.0,11.5,0.75],"tintindex":0,"rotation":0,"texture":"#0"},"north":{"uv":[5.0,11.375,4.25,12.125],"tintindex":0,"rotation":0,"texture":"#0"},"west":{"uv":[12.125,5.125,11.375,5.875],"tintindex":0,"rotation":0,"texture":"#0"},"up":{"uv":[2.875,12.25,3.625,11.5],"tintindex":0,"rotation":0,"texture":"#0"},"down":{"uv":[5.0,11.5,5.75,12.25],"tintindex":0,"rotation":0,"texture":"#0"}},"rotation":{"origin":[12.264509,8.388205,12.09517],"angle":22.5,"axis":"x"}}]}