{"textures":{"0":"modelengine:entity/capra3"},"elements":[{"from":[3.8611546,-7.032032,0.020916462],"to":[10.8611555,-0.032032013,8.020916],"faces":{"east":{"uv":[3.0,15.125,2.0,16.0],"tintindex":0,"rotation":0,"texture":"#0"},"south":{"uv":[1.75,15.125,0.875,16.0],"tintindex":0,"rotation":0,"texture":"#0"},"north":{"uv":[0.875,15.125,0.0,16.0],"tintindex":0,"rotation":0,"texture":"#0"},"west":{"uv":[4.25,15.125,3.25,16.0],"tintindex":0,"rotation":0,"texture":"#0"},"up":{"uv":[4.5,16.0,5.375,15.0],"tintindex":0,"rotation":0,"texture":"#0"},"down":{"uv":[5.375,15.0,6.25,16.0],"tintindex":0,"rotation":0,"texture":"#0"}}},{"from":[5.8611546,-6.032032,2.0209165],"to":[8.8611555,1.967968,6.0209165],"faces":{"east":{"uv":[1.875,11.625,1.375,12.625],"tintindex":0,"rotation":0,"texture":"#0"},"south":{"uv":[7.125,12.0,6.75,13.0],"tintindex":0,"rotation":0,"texture":"#0"},"north":{"uv":[5.5,1.0,5.125,2.0],"tintindex":0,"rotation":0,"texture":"#0"},"west":{"uv":[8.25,0.0,7.75,1.0],"tintindex":0,"rotation":0,"texture":"#0"},"up":{"uv":[9.375,8.5,9.75,8.0],"tintindex":0,"rotation":0,"texture":"#0"},"down":{"uv":[5.375,12.25,5.75,12.75],"tintindex":0,"rotation":0,"texture":"#0"}}},{"from":[5.8611546,1.967968,2.0209165],"to":[10.8611555,7.967968,8.020916],"faces":{"east":{"uv":[8.75,11.25,8.0,12.0],"tintindex":0,"rotation":0,"texture":"#0"},"south":{"uv":[10.625,11.625,10.0,12.375],"tintindex":0,"rotation":0,"texture":"#0"},"north":{"uv":[10.0,11.625,9.375,12.375],"tintindex":0,"rotation":0,"texture":"#0"},"west":{"uv":[12.0,6.0,11.25,6.75],"tintindex":0,"rotation":0,"texture":"#0"},"up":{"uv":[3.625,12.5,4.25,11.75],"tintindex":0,"rotation":0,"texture":"#0"},"down":{"uv":[11.75,11.125,12.375,11.875],"tintindex":0,"rotation":0,"texture":"#0"}}}]}