{"textures":{"0":"modelengine:entity/capra3"},"elements":[{"from":[5.9375005,-6.377537,3.1541824],"to":[9.9375,-1.3775368,14.154182],"faces":{"east":{"uv":[3.25,10.0,1.875,10.625],"tintindex":0,"rotation":0,"texture":"#0"},"south":{"uv":[12.5,10.375,12.0,11.0],"tintindex":0,"rotation":0,"texture":"#0"},"north":{"uv":[1.625,5.875,1.125,6.5],"tintindex":0,"rotation":0,"texture":"#0"},"west":{"uv":[11.25,3.25,9.875,3.875],"tintindex":0,"rotation":0,"texture":"#0"},"up":{"uv":[1.875,12.0,2.375,10.625],"tintindex":0,"rotation":0,"texture":"#0"},"down":{"uv":[2.375,10.625,2.875,12.0],"tintindex":0,"rotation":0,"texture":"#0"}},"rotation":{"origin":[6.828038,4.125391,9.768271],"angle":-45.0,"axis":"x"}},{"from":[8.4375,-11.377537,3.1541824],"to":[8.4375,-6.377537,14.154182],"faces":{"east":{"uv":[10.25,3.875,11.625,4.5],"tintindex":0,"rotation":0,"texture":"#0"},"west":{"uv":[11.625,3.875,10.25,4.5],"tintindex":0,"rotation":0,"texture":"#0"}},"rotation":{"origin":[6.828038,4.125391,9.768271],"angle":-45.0,"axis":"x"}},{"from":[5.9375005,-0.7917509,9.568396],"to":[9.9375,8.20825,15.568396],"faces":{"east":{"uv":[7.0,10.375,6.25,11.5],"tintindex":0,"rotation":0,"texture":"#0"},"south":{"uv":[6.75,11.5,6.25,12.625],"tintindex":0,"rotation":0,"texture":"#0"},"north":{"uv":[6.25,11.5,5.75,12.625],"tintindex":0,"rotation":0,"texture":"#0"},"west":{"uv":[6.25,10.375,5.5,11.5],"tintindex":0,"rotation":0,"texture":"#0"},"up":{"uv":[7.125,12.75,7.625,12.0],"tintindex":0,"rotation":0,"texture":"#0"},"down":{"uv":[7.625,12.0,8.125,12.75],"tintindex":0,"rotation":0,"texture":"#0"}},"rotation":{"origin":[4.5780387,2.7111778,11.182486],"angle":-45.0,"axis":"x"}},{"from":[4.4375005,-9.53554,6.3035192],"to":[11.4375,-4.5355396,13.30352],"faces":{"east":{"uv":[12.5,4.5,11.625,5.125],"tintindex":0,"rotation":0,"texture":"#0"},"south":{"uv":[12.5,3.875,11.625,4.5],"tintindex":0,"rotation":0,"texture":"#0"},"north":{"uv":[12.375,1.5,11.5,2.125],"tintindex":0,"rotation":0,"texture":"#0"},"west":{"uv":[12.375,7.375,11.5,8.0],"tintindex":0,"rotation":0,"texture":"#0"},"up":{"uv":[10.375,7.375,11.25,6.5],"tintindex":0,"rotation":0,"texture":"#0"},"down":{"uv":[10.5,5.125,11.375,6.0],"tintindex":0,"rotation":0,"texture":"#0"}}}]}