{"textures":{"0":"modelengine:entity/capra3"},"elements":[{"from":[8.87603,-10.869202,5.1808424],"to":[14.876029,-4.8692017,11.180842],"faces":{"east":{"uv":[11.375,5.125,12.125,5.875],"tintindex":0,"rotation":0,"texture":"#0"},"south":{"uv":[11.5,0.0,12.25,0.75],"tintindex":0,"rotation":0,"texture":"#0"},"north":{"uv":[4.25,11.375,5.0,12.125],"tintindex":0,"rotation":0,"texture":"#0"},"west":{"uv":[11.5,0.75,12.25,1.5],"tintindex":0,"rotation":0,"texture":"#0"},"up":{"uv":[3.625,12.25,2.875,11.5],"tintindex":0,"rotation":0,"texture":"#0"},"down":{"uv":[5.75,11.5,5.0,12.25],"tintindex":0,"rotation":0,"texture":"#0"}},"rotation":{"origin":[3.7354913,8.388205,12.09517],"angle":22.5,"axis":"x"}},{"from":[7.8760295,1.3591595,3.032792],"to":[14.876029,10.359161,14.032792],"faces":{"east":{"uv":[3.375,7.5,4.75,8.625],"tintindex":0,"rotation":0,"texture":"#0"},"south":{"uv":[9.625,5.375,10.5,6.5],"tintindex":0,"rotation":0,"texture":"#0"},"north":{"uv":[3.625,9.625,4.5,10.75],"tintindex":0,"rotation":0,"texture":"#0"},"west":{"uv":[8.0,7.375,9.375,8.5],"tintindex":0,"rotation":0,"texture":"#0"},"up":{"uv":[2.75,10.0,1.875,8.625],"tintindex":0,"rotation":0,"texture":"#0"},"down":{"uv":[3.625,8.625,2.75,10.0],"tintindex":0,"rotation":0,"texture":"#0"}},"rotation":{"origin":[3.7354913,5.6165657,10.94712],"angle":22.5,"axis":"x"}},{"from":[8.87603,-4.6408405,4.032792],"to":[14.876029,1.3591595,13.032792],"faces":{"east":{"uv":[10.375,0.0,11.5,0.75],"tintindex":0,"rotation":0,"texture":"#0"},"south":{"uv":[11.375,2.125,12.125,2.875],"tintindex":0,"rotation":0,"texture":"#0"},"north":{"uv":[0.0,11.375,0.75,12.125],"tintindex":0,"rotation":0,"texture":"#0"},"west":{"uv":[10.375,0.75,11.5,1.5],"tintindex":0,"rotation":0,"texture":"#0"},"up":{"uv":[8.75,11.25,8.0,10.125],"tintindex":0,"rotation":0,"texture":"#0"},"down":{"uv":[0.75,10.25,0.0,11.375],"tintindex":0,"rotation":0,"texture":"#0"}},"rotation":{"origin":[3.7354913,5.6165657,10.94712],"angle":22.5,"axis":"x"}},{"from":[14.876029,-5.788891,12.804431],"to":[14.876029,9.211109,19.804432],"faces":{"east":{"uv":[5.75,6.375,6.625,8.25],"tintindex":0,"rotation":0,"texture":"#0"},"west":{"uv":[6.625,6.375,5.75,8.25],"tintindex":0,"rotation":0,"texture":"#0"}},"rotation":{"origin":[5.7354913,4.4685154,13.718759],"angle":22.5,"axis":"x"}}]}