{"textures":{"0":"modelengine:entity/capra3"},"elements":[{"from":[12.204785,1.7479477,11.852288],"to":[12.204785,10.247948,21.852287],"faces":{"east":{"uv":[2.5,0.0,0.0,2.125],"tintindex":0,"rotation":0,"texture":"#0"},"west":{"uv":[0.0,0.0,2.5,2.125],"tintindex":0,"rotation":0,"texture":"#0"}},"rotation":{"origin":[11.885754,7.8652706,17.665503],"angle":45.0,"axis":"y"}},{"from":[8.000425,1.7479477,7.3297033],"to":[8.000425,10.247948,13.329703],"faces":{"east":{"uv":[4.0,2.75,2.5,4.875],"tintindex":0,"rotation":0,"texture":"#0"},"west":{"uv":[2.5,2.75,4.0,4.875],"tintindex":0,"rotation":0,"texture":"#0"}}}]}