{"textures":{"0":"modelengine:entity/capra3"},"elements":[{"from":[6.0625,-0.7917509,9.568396],"to":[10.0625,8.20825,15.568396],"faces":{"east":{"uv":[5.5,10.375,6.25,11.5],"tintindex":0,"rotation":0,"texture":"#0"},"south":{"uv":[6.25,11.5,6.75,12.625],"tintindex":0,"rotation":0,"texture":"#0"},"north":{"uv":[5.75,11.5,6.25,12.625],"tintindex":0,"rotation":0,"texture":"#0"},"west":{"uv":[6.25,10.375,7.0,11.5],"tintindex":0,"rotation":0,"texture":"#0"},"up":{"uv":[7.625,12.75,7.125,12.0],"tintindex":0,"rotation":0,"texture":"#0"},"down":{"uv":[8.125,12.0,7.625,12.75],"tintindex":0,"rotation":0,"texture":"#0"}},"rotation":{"origin":[11.421961,2.7111778,11.182486],"angle":-45.0,"axis":"x"}},{"from":[6.0625,-6.377537,3.1541824],"to":[10.0625,-1.3775368,14.154182],"faces":{"east":{"uv":[9.875,3.25,11.25,3.875],"tintindex":0,"rotation":0,"texture":"#0"},"south":{"uv":[12.0,10.375,12.5,11.0],"tintindex":0,"rotation":0,"texture":"#0"},"north":{"uv":[1.125,5.875,1.625,6.5],"tintindex":0,"rotation":0,"texture":"#0"},"west":{"uv":[1.875,10.0,3.25,10.625],"tintindex":0,"rotation":0,"texture":"#0"},"up":{"uv":[2.375,12.0,1.875,10.625],"tintindex":0,"rotation":0,"texture":"#0"},"down":{"uv":[2.875,10.625,2.375,12.0],"tintindex":0,"rotation":0,"texture":"#0"}},"rotation":{"origin":[9.171962,4.125391,9.768271],"angle":-45.0,"axis":"x"}},{"from":[7.5625,-11.377537,3.1541824],"to":[7.5625,-6.377537,14.154182],"faces":{"east":{"uv":[10.25,3.875,11.625,4.5],"tintindex":0,"rotation":0,"texture":"#0"},"west":{"uv":[11.625,3.875,10.25,4.5],"tintindex":0,"rotation":0,"texture":"#0"}},"rotation":{"origin":[9.171962,4.125391,9.768271],"angle":-45.0,"axis":"x"}},{"from":[4.5625,-9.53554,6.3035192],"to":[11.5625,-4.5355396,13.30352],"faces":{"east":{"uv":[11.5,7.375,12.375,8.0],"tintindex":0,"rotation":0,"texture":"#0"},"south":{"uv":[11.625,3.875,12.5,4.5],"tintindex":0,"rotation":0,"texture":"#0"},"north":{"uv":[11.5,1.5,12.375,2.125],"tintindex":0,"rotation":0,"texture":"#0"},"west":{"uv":[11.625,4.5,12.5,5.125],"tintindex":0,"rotation":0,"texture":"#0"},"up":{"uv":[11.25,7.375,10.375,6.5],"tintindex":0,"rotation":0,"texture":"#0"},"down":{"uv":[11.375,5.125,10.5,6.0],"tintindex":0,"rotation":0,"texture":"#0"}}}]}