{"textures":{"0":"modelengine:entity/capra3"},"elements":[{"from":[10.067676,-6.425976,3.1509552],"to":[15.067677,2.5740242,10.150955],"faces":{"east":{"uv":[4.625,9.5,5.5,10.625],"tintindex":0,"rotation":0,"texture":"#0"},"south":{"uv":[10.375,10.5,11.0,11.625],"tintindex":0,"rotation":0,"texture":"#0"},"north":{"uv":[9.75,10.5,10.375,11.625],"tintindex":0,"rotation":0,"texture":"#0"},"west":{"uv":[8.875,9.5,9.75,10.625],"tintindex":0,"rotation":0,"texture":"#0"},"up":{"uv":[12.125,9.5,11.5,8.625],"tintindex":0,"rotation":0,"texture":"#0"},"down":{"uv":[9.375,11.5,8.75,12.375],"tintindex":0,"rotation":0,"texture":"#0"}}},{"from":[8.067676,2.5740242,3.1509552],"to":[15.067677,10.574024,11.150955],"faces":{"east":{"uv":[0.0,9.25,1.0,10.25],"tintindex":0,"rotation":0,"texture":"#0"},"south":{"uv":[9.875,2.25,10.75,3.25],"tintindex":0,"rotation":0,"texture":"#0"},"north":{"uv":[9.75,9.5,10.625,10.5],"tintindex":0,"rotation":0,"texture":"#0"},"west":{"uv":[9.375,7.0,10.375,8.0],"tintindex":0,"rotation":0,"texture":"#0"},"up":{"uv":[10.75,9.0,9.875,8.0],"tintindex":0,"rotation":0,"texture":"#0"},"down":{"uv":[1.875,10.0,1.0,11.0],"tintindex":0,"rotation":0,"texture":"#0"}}},{"from":[15.067677,-6.425976,10.150955],"to":[15.067677,10.574024,19.150955],"faces":{"east":{"uv":[5.5,1.0,6.625,3.125],"tintindex":0,"rotation":0,"texture":"#0"},"west":{"uv":[6.625,1.0,5.5,3.125],"tintindex":0,"rotation":0,"texture":"#0"}}}]}