{"textures":{"0":"modelengine:entity/capra3"},"elements":[{"from":[6.06833,1.0153923,6.163991],"to":[9.068329,8.015392,11.16399],"faces":{"east":{"uv":[11.5,9.5,12.125,10.375],"tintindex":0,"rotation":0,"texture":"#0"},"south":{"uv":[4.25,12.125,4.625,13.0],"tintindex":0,"rotation":0,"texture":"#0"},"north":{"uv":[0.375,12.125,0.75,13.0],"tintindex":0,"rotation":0,"texture":"#0"},"west":{"uv":[0.75,11.625,1.375,12.5],"tintindex":0,"rotation":0,"texture":"#0"},"up":{"uv":[3.625,10.625,3.25,10.0],"tintindex":0,"rotation":0,"texture":"#0"},"down":{"uv":[3.0,12.25,2.625,12.875],"tintindex":0,"rotation":0,"texture":"#0"}}},{"from":[3.0683298,-3.9846077,6.163991],"to":[9.068329,1.0153923,11.16399],"faces":{"east":{"uv":[12.0,2.875,12.625,3.5],"tintindex":0,"rotation":0,"texture":"#0"},"south":{"uv":[10.625,11.875,11.375,12.5],"tintindex":0,"rotation":0,"texture":"#0"},"north":{"uv":[11.75,8.0,12.5,8.625],"tintindex":0,"rotation":0,"texture":"#0"},"west":{"uv":[12.0,5.875,12.625,6.5],"tintindex":0,"rotation":0,"texture":"#0"},"up":{"uv":[12.125,12.5,11.375,11.875],"tintindex":0,"rotation":0,"texture":"#0"},"down":{"uv":[2.625,12.0,1.875,12.625],"tintindex":0,"rotation":0,"texture":"#0"}}},{"from":[3.0683298,2.8973293,6.2244635],"to":[6.06833,5.8973293,11.224463],"faces":{"east":{"uv":[10.5,6.0,11.125,6.375],"tintindex":0,"rotation":0,"texture":"#0"},"south":{"uv":[9.0,7.0,9.375,7.375],"tintindex":0,"rotation":0,"texture":"#0"},"north":{"uv":[7.75,6.0,8.125,6.375],"tintindex":0,"rotation":0,"texture":"#0"},"west":{"uv":[10.75,8.625,11.375,9.0],"tintindex":0,"rotation":0,"texture":"#0"},"up":{"uv":[3.375,12.875,3.0,12.25],"tintindex":0,"rotation":0,"texture":"#0"},"down":{"uv":[5.375,12.25,5.0,12.875],"tintindex":0,"rotation":0,"texture":"#0"}},"rotation":{"origin":[6.029295,4.60837,8.990998],"angle":22.5,"axis":"x"}}]}