{"textures":{"0":"modelengine:entity/capra3"},"elements":[{"from":[7.1388445,-6.032032,2.0209165],"to":[10.138845,1.967968,6.0209165],"faces":{"east":{"uv":[7.75,0.0,8.25,1.0],"tintindex":0,"rotation":0,"texture":"#0"},"south":{"uv":[6.75,12.0,7.125,13.0],"tintindex":0,"rotation":0,"texture":"#0"},"north":{"uv":[5.125,1.0,5.5,2.0],"tintindex":0,"rotation":0,"texture":"#0"},"west":{"uv":[1.375,11.625,1.875,12.625],"tintindex":0,"rotation":0,"texture":"#0"},"up":{"uv":[9.75,8.5,9.375,8.0],"tintindex":0,"rotation":0,"texture":"#0"},"down":{"uv":[5.75,12.25,5.375,12.75],"tintindex":0,"rotation":0,"texture":"#0"}}},{"from":[5.1388445,-7.032032,0.020916462],"to":[12.138845,-0.032032013,8.020916],"faces":{"east":{"uv":[3.25,15.125,4.25,16.0],"tintindex":0,"rotation":0,"texture":"#0"},"south":{"uv":[0.875,15.125,1.75,16.0],"tintindex":0,"rotation":0,"texture":"#0"},"north":{"uv":[0.0,15.125,0.875,16.0],"tintindex":0,"rotation":0,"texture":"#0"},"west":{"uv":[2.0,15.125,3.0,16.0],"tintindex":0,"rotation":0,"texture":"#0"},"up":{"uv":[5.375,16.0,4.5,15.0],"tintindex":0,"rotation":0,"texture":"#0"},"down":{"uv":[6.25,15.0,5.375,16.0],"tintindex":0,"rotation":0,"texture":"#0"}}},{"from":[5.1388445,1.967968,2.0209165],"to":[10.138845,7.967968,8.020916],"faces":{"east":{"uv":[11.25,6.0,12.0,6.75],"tintindex":0,"rotation":0,"texture":"#0"},"south":{"uv":[10.0,11.625,10.625,12.375],"tintindex":0,"rotation":0,"texture":"#0"},"north":{"uv":[9.375,11.625,10.0,12.375],"tintindex":0,"rotation":0,"texture":"#0"},"west":{"uv":[8.0,11.25,8.75,12.0],"tintindex":0,"rotation":0,"texture":"#0"},"up":{"uv":[4.25,12.5,3.625,11.75],"tintindex":0,"rotation":0,"texture":"#0"},"down":{"uv":[12.375,11.125,11.75,11.875],"tintindex":0,"rotation":0,"texture":"#0"}}}]}