{"textures":{"0":"modelengine:entity/nocsy_sewer_boss"},"elements":[{"from":[5.9504623,7.450734,1.914597],"to":[9.950462,11.450734,7.914597],"faces":{"east":{"uv":[7.8125,4.4375,8.1875,4.6875],"tintindex":0,"rotation":0,"texture":"#0"},"south":{"uv":[6.5625,8.4375,6.8125,8.6875],"tintindex":0,"rotation":0,"texture":"#0"},"north":{"uv":[8.4375,3.8125,8.6875,4.0625],"tintindex":0,"rotation":0,"texture":"#0"},"west":{"uv":[7.8125,5.0625,8.1875,5.3125],"tintindex":0,"rotation":0,"texture":"#0"},"up":{"uv":[0.9375,8.3125,0.6875,7.9375],"tintindex":0,"rotation":0,"texture":"#0"},"down":{"uv":[1.25,7.9375,1.0,8.3125],"tintindex":0,"rotation":0,"texture":"#0"}},"rotation":{"origin":[7.6464467,9.646719,8.229402],"angle":45.0,"axis":"z"}},{"from":[1.5,7.646719,2.729402],"to":[14.5,11.646718,13.729403],"faces":{"east":{"uv":[5.625,1.875,6.3125,2.125],"tintindex":0,"rotation":0,"texture":"#0"},"south":{"uv":[5.375,2.625,6.1875,2.875],"tintindex":0,"rotation":0,"texture":"#0"},"north":{"uv":[5.375,2.3125,6.1875,2.5625],"tintindex":0,"rotation":0,"texture":"#0"},"west":{"uv":[3.4375,5.75,4.125,6.0],"tintindex":0,"rotation":0,"texture":"#0"},"up":{"uv":[2.6875,3.5,1.875,2.8125],"tintindex":0,"rotation":0,"texture":"#0"},"down":{"uv":[3.5625,2.8125,2.75,3.5],"tintindex":0,"rotation":0,"texture":"#0"}}},{"from":[1.5,15.446719,3.4294019],"to":[14.5,20.44672,13.029402],"faces":{"east":{"uv":[5.375,3.3125,6.0,3.625],"tintindex":0,"rotation":0,"texture":"#0"},"south":{"uv":[4.5,3.375,5.3125,3.6875],"tintindex":0,"rotation":0,"texture":"#0"},"north":{"uv":[4.5,3.0,5.3125,3.3125],"tintindex":0,"rotation":0,"texture":"#0"},"west":{"uv":[5.4375,0.0,6.0625,0.3125],"tintindex":0,"rotation":0,"texture":"#0"},"up":{"uv":[1.5625,4.1875,0.75,3.5625],"tintindex":0,"rotation":0,"texture":"#0"},"down":{"uv":[2.4375,3.5625,1.625,4.1875],"tintindex":0,"rotation":0,"texture":"#0"}}},{"from":[5.8525925,15.436719,0.5132973],"to":[12.872593,20.45672,4.533297],"faces":{"east":{"uv":[7.875,3.5,8.125,3.8125],"tintindex":0,"rotation":0,"texture":"#0"},"south":{"uv":[6.9375,2.5625,7.375,2.875],"tintindex":0,"rotation":0,"texture":"#0"},"north":{"uv":[6.9375,0.0,7.375,0.3125],"tintindex":0,"rotation":0,"texture":"#0"},"west":{"uv":[1.3125,7.9375,1.5625,8.25],"tintindex":0,"rotation":0,"texture":"#0"},"up":{"uv":[7.75,5.375,7.3125,5.125],"tintindex":0,"rotation":0,"texture":"#0"},"down":{"uv":[7.9375,5.4375,7.5,5.6875],"tintindex":0,"rotation":0,"texture":"#0"}},"rotation":{"origin":[6.3625927,17.94672,6.0232973],"angle":-22.5,"axis":"y"}},{"from":[3.1274073,15.436719,11.925507],"to":[10.147408,20.45672,15.945507],"faces":{"east":{"uv":[7.9375,7.875,8.1875,8.1875],"tintindex":0,"rotation":0,"texture":"#0"},"south":{"uv":[6.1875,6.9375,6.625,7.25],"tintindex":0,"rotation":0,"texture":"#0"},"north":{"uv":[5.6875,6.9375,6.125,7.25],"tintindex":0,"rotation":0,"texture":"#0"},"west":{"uv":[8.0,5.375,8.25,5.6875],"tintindex":0,"rotation":0,"texture":"#0"},"up":{"uv":[8.0,7.5,7.5625,7.25],"tintindex":0,"rotation":0,"texture":"#0"},"down":{"uv":[8.0,7.5625,7.5625,7.8125],"tintindex":0,"rotation":0,"texture":"#0"}},"rotation":{"origin":[9.637407,17.94672,10.435507],"angle":-22.5,"axis":"y"}},{"from":[2.5,5.346719,3.729402],"to":[13.5,19.346718,12.729403],"faces":{"east":{"uv":[2.5,3.5625,3.0625,4.4375],"tintindex":0,"rotation":0,"texture":"#0"},"south":{"uv":[2.125,1.875,2.8125,2.75],"tintindex":0,"rotation":0,"texture":"#0"},"north":{"uv":[2.125,0.9375,2.8125,1.8125],"tintindex":0,"rotation":0,"texture":"#0"},"west":{"uv":[3.125,3.5625,3.6875,4.4375],"tintindex":0,"rotation":0,"texture":"#0"},"up":{"uv":[4.4375,3.8125,3.75,3.25],"tintindex":0,"rotation":0,"texture":"#0"},"down":{"uv":[4.4375,3.875,3.75,4.4375],"tintindex":0,"rotation":0,"texture":"#0"}}},{"from":[3.1264074,15.4357195,0.51229733],"to":[10.148407,20.45772,4.534297],"faces":{"east":{"uv":[4.6875,7.9375,4.9375,8.25],"tintindex":0,"rotation":0,"texture":"#0"},"south":{"uv":[6.9375,4.5,7.375,4.8125],"tintindex":0,"rotation":0,"texture":"#0"},"north":{"uv":[6.9375,2.9375,7.375,3.25],"tintindex":0,"rotation":0,"texture":"#0"},"west":{"uv":[5.0,7.9375,5.25,8.25],"tintindex":0,"rotation":0,"texture":"#0"},"up":{"uv":[0.75,7.8125,0.3125,7.5625],"tintindex":0,"rotation":0,"texture":"#0"},"down":{"uv":[7.125,7.5625,6.6875,7.8125],"tintindex":0,"rotation":0,"texture":"#0"}},"rotation":{"origin":[9.637407,17.94672,6.0232973],"angle":22.5,"axis":"y"}},{"from":[5.8515925,15.4357195,11.924507],"to":[12.873592,20.45772,15.9465065],"faces":{"east":{"uv":[8.0625,0.0,8.3125,0.3125],"tintindex":0,"rotation":0,"texture":"#0"},"south":{"uv":[7.0,5.4375,7.4375,5.75],"tintindex":0,"rotation":0,"texture":"#0"},"north":{"uv":[7.0,2.125,7.4375,2.4375],"tintindex":0,"rotation":0,"texture":"#0"},"west":{"uv":[8.0625,0.375,8.3125,0.6875],"tintindex":0,"rotation":0,"texture":"#0"},"up":{"uv":[1.25,7.875,0.8125,7.625],"tintindex":0,"rotation":0,"texture":"#0"},"down":{"uv":[1.75,7.625,1.3125,7.875],"tintindex":0,"rotation":0,"texture":"#0"}},"rotation":{"origin":[6.3625927,17.94672,10.435507],"angle":22.5,"axis":"y"}},{"from":[4.5,17.346718,4.729402],"to":[11.5,24.346718,10.729403],"faces":{"east":{"uv":[6.0,3.6875,6.375,4.125],"tintindex":0,"rotation":0,"texture":"#0"},"south":{"uv":[5.5,5.0625,5.9375,5.5],"tintindex":0,"rotation":0,"texture":"#0"},"north":{"uv":[5.5,4.5625,5.9375,5.0],"tintindex":0,"rotation":0,"texture":"#0"},"west":{"uv":[6.0,4.1875,6.375,4.625],"tintindex":0,"rotation":0,"texture":"#0"},"up":{"uv":[6.4375,5.0625,6.0,4.6875],"tintindex":0,"rotation":0,"texture":"#0"},"down":{"uv":[6.4375,5.125,6.0,5.5],"tintindex":0,"rotation":0,"texture":"#0"}},"rotation":{"origin":[8.5,19.846718,6.729402],"angle":-22.5,"axis":"x"}}]}