{"textures":{"0":"modelengine:entity/nocsy_sewer_boss"},"elements":[{"from":[5.0106225,8.317665,8.995807],"to":[11.010622,18.317663,9.095807],"faces":{"east":{"uv":[4.0,9.125,4.0625,9.75],"tintindex":0,"rotation":0,"texture":"#0"},"south":{"uv":[4.625,5.1875,5.0,5.8125],"tintindex":0,"rotation":0,"texture":"#0"},"north":{"uv":[3.5625,5.0625,3.9375,5.6875],"tintindex":0,"rotation":0,"texture":"#0"},"west":{"uv":[4.125,9.125,4.1875,9.75],"tintindex":0,"rotation":0,"texture":"#0"},"up":{"uv":[7.4375,2.0625,7.0625,2.0],"tintindex":0,"rotation":0,"texture":"#0"},"down":{"uv":[8.5,6.375,8.125,6.4375],"tintindex":0,"rotation":0,"texture":"#0"}},"rotation":{"origin":[8.010622,14.317663,8.995807],"angle":22.5,"axis":"y"}},{"from":[6.368047,8.317665,6.747757],"to":[10.368048,18.317663,6.847757],"faces":{"east":{"uv":[0.3125,5.75,0.375,6.375],"tintindex":0,"rotation":0,"texture":"#0"},"south":{"uv":[0.0,6.5,0.25,7.125],"tintindex":0,"rotation":0,"texture":"#0"},"north":{"uv":[0.9375,6.375,1.1875,7.0],"tintindex":0,"rotation":0,"texture":"#0"},"west":{"uv":[3.3125,9.125,3.375,9.75],"tintindex":0,"rotation":0,"texture":"#0"},"up":{"uv":[9.8125,6.375,9.5625,6.3125],"tintindex":0,"rotation":0,"texture":"#0"},"down":{"uv":[9.8125,9.0,9.5625,9.0625],"tintindex":0,"rotation":0,"texture":"#0"}},"rotation":{"origin":[9.368048,12.317663,7.847757],"angle":-45.0,"axis":"y"}}]}