{"textures":{"0":"modelengine:entity/nocsy_sewer_boss"},"elements":[{"from":[6.3,8.299999,4.3],"to":[6.3,9.299999,7.2999997],"faces":{"east":{"uv":[9.625,5.6875,9.8125,5.75],"tintindex":0,"rotation":0,"texture":"#0"},"west":{"uv":[9.6875,0.0,9.875,0.0625],"tintindex":0,"rotation":0,"texture":"#0"}}},{"from":[6.0,6.299999,3.6999998],"to":[10.0,8.299999,7.7],"faces":{"east":{"uv":[9.375,4.75,9.625,4.875],"tintindex":0,"rotation":0,"texture":"#0"},"south":{"uv":[9.375,4.9375,9.625,5.0625],"tintindex":0,"rotation":0,"texture":"#0"},"north":{"uv":[9.375,4.5625,9.625,4.6875],"tintindex":0,"rotation":0,"texture":"#0"},"west":{"uv":[9.375,5.5,9.625,5.625],"tintindex":0,"rotation":0,"texture":"#0"},"up":{"uv":[8.6875,3.4375,8.4375,3.1875],"tintindex":0,"rotation":0,"texture":"#0"},"down":{"uv":[8.6875,3.5,8.4375,3.75],"tintindex":0,"rotation":0,"texture":"#0"}}},{"from":[9.7,8.299999,4.3],"to":[9.7,9.299999,7.2999997],"faces":{"east":{"uv":[9.6875,0.125,9.875,0.1875],"tintindex":0,"rotation":0,"texture":"#0"},"west":{"uv":[9.6875,0.25,9.875,0.3125],"tintindex":0,"rotation":0,"texture":"#0"}}},{"from":[6.5,6.299999,4.2],"to":[9.5,10.299999,4.2],"faces":{"south":{"uv":[1.1875,9.125,1.375,9.375],"tintindex":0,"rotation":0,"texture":"#0"},"north":{"uv":[0.0,9.125,0.1875,9.375],"tintindex":0,"rotation":0,"texture":"#0"}}}]}