{"textures":{"0":"modelengine:entity/nocsy_sewer_boss"},"elements":[{"from":[7.01,4.5533266,-6.859269],"to":[8.99,9.533326,-3.8792694],"faces":{"east":{"uv":[8.8125,8.5625,9.0,8.875],"tintindex":0,"rotation":0,"texture":"#0"},"south":{"uv":[9.25,5.125,9.375,5.4375],"tintindex":0,"rotation":0,"texture":"#0"},"north":{"uv":[4.25,9.25,4.375,9.5625],"tintindex":0,"rotation":0,"texture":"#0"},"west":{"uv":[2.0625,8.875,2.25,9.1875],"tintindex":0,"rotation":0,"texture":"#0"},"up":{"uv":[2.375,9.8125,2.25,9.625],"tintindex":0,"rotation":0,"texture":"#0"},"down":{"uv":[2.5625,9.625,2.4375,9.8125],"tintindex":0,"rotation":0,"texture":"#0"}},"rotation":{"origin":[8.0,5.307132,-5.8254576],"angle":-45.0,"axis":"x"}},{"from":[9.01,5.481868,-2.470132],"to":[10.99,9.461867,0.5098679],"faces":{"east":{"uv":[3.0625,9.125,3.25,9.375],"tintindex":0,"rotation":0,"texture":"#0"},"south":{"uv":[1.0625,9.4375,1.1875,9.6875],"tintindex":0,"rotation":0,"texture":"#0"},"north":{"uv":[9.4375,0.75,9.5625,1.0],"tintindex":0,"rotation":0,"texture":"#0"},"west":{"uv":[3.75,9.125,3.9375,9.375],"tintindex":0,"rotation":0,"texture":"#0"},"up":{"uv":[9.6875,8.1875,9.5625,8.0],"tintindex":0,"rotation":0,"texture":"#0"},"down":{"uv":[9.6875,8.25,9.5625,8.4375],"tintindex":0,"rotation":0,"texture":"#0"}},"rotation":{"origin":[10.0,7.4718676,-1.4801321],"angle":22.5,"axis":"x"}},{"from":[9.0,5.925149,-9.632185],"to":[11.0,10.925149,-6.632186],"faces":{"east":{"uv":[8.75,3.625,8.9375,3.9375],"tintindex":0,"rotation":0,"texture":"#0"},"south":{"uv":[2.25,9.25,2.375,9.5625],"tintindex":0,"rotation":0,"texture":"#0"},"north":{"uv":[2.0625,9.25,2.1875,9.5625],"tintindex":0,"rotation":0,"texture":"#0"},"west":{"uv":[4.5,8.75,4.6875,9.0625],"tintindex":0,"rotation":0,"texture":"#0"},"up":{"uv":[8.4375,9.75,8.3125,9.5625],"tintindex":0,"rotation":0,"texture":"#0"},"down":{"uv":[9.6875,8.5,9.5625,8.6875],"tintindex":0,"rotation":0,"texture":"#0"}}},{"from":[7.0,5.9638968,-10.138639],"to":[9.0,10.963897,-7.1386395],"faces":{"east":{"uv":[8.8125,7.3125,9.0,7.625],"tintindex":0,"rotation":0,"texture":"#0"},"south":{"uv":[9.25,2.875,9.375,3.1875],"tintindex":0,"rotation":0,"texture":"#0"},"north":{"uv":[2.8125,9.25,2.9375,9.5625],"tintindex":0,"rotation":0,"texture":"#0"},"west":{"uv":[7.625,8.8125,7.8125,9.125],"tintindex":0,"rotation":0,"texture":"#0"},"up":{"uv":[9.6875,9.6875,9.5625,9.5],"tintindex":0,"rotation":0,"texture":"#0"},"down":{"uv":[9.75,0.4375,9.625,0.625],"tintindex":0,"rotation":0,"texture":"#0"}},"rotation":{"origin":[8.0,5.307132,-5.8254576],"angle":22.5,"axis":"x"}},{"from":[10.6,10.6866045,-9.591242],"to":[10.6,13.6866045,-4.591243],"faces":{"east":{"uv":[8.75,8.3125,9.0625,8.5],"tintindex":0,"rotation":0,"texture":"#0"},"west":{"uv":[8.8125,0.0,9.125,0.1875],"tintindex":0,"rotation":0,"texture":"#0"}},"rotation":{"origin":[5.0,12.1866045,-5.591243],"angle":-45.0,"axis":"x"}},{"from":[6.0,9.286605,-7.091243],"to":[6.0,12.286605,-2.0912428],"faces":{"east":{"uv":[6.375,8.75,6.6875,8.9375],"tintindex":0,"rotation":0,"texture":"#0"},"west":{"uv":[8.75,7.0625,9.0625,7.25],"tintindex":0,"rotation":0,"texture":"#0"}},"rotation":{"origin":[5.0,12.1866045,-5.591243],"angle":-22.5,"axis":"x"}},{"from":[5.01,4.668131,-6.382105],"to":[6.99,9.64813,-3.402105],"faces":{"east":{"uv":[8.8125,7.6875,9.0,8.0],"tintindex":0,"rotation":0,"texture":"#0"},"south":{"uv":[3.4375,9.25,3.5625,9.5625],"tintindex":0,"rotation":0,"texture":"#0"},"north":{"uv":[9.25,3.25,9.375,3.5625],"tintindex":0,"rotation":0,"texture":"#0"},"west":{"uv":[8.4375,8.8125,8.625,9.125],"tintindex":0,"rotation":0,"texture":"#0"},"up":{"uv":[9.75,0.875,9.625,0.6875],"tintindex":0,"rotation":0,"texture":"#0"},"down":{"uv":[2.1875,9.625,2.0625,9.8125],"tintindex":0,"rotation":0,"texture":"#0"}},"rotation":{"origin":[6.0,5.421937,-5.3482933],"angle":-45.0,"axis":"x"}},{"from":[9.5,8.6866045,-7.2912426],"to":[9.5,11.6866045,-2.2912426],"faces":{"east":{"uv":[8.8125,0.875,9.125,1.0625],"tintindex":0,"rotation":0,"texture":"#0"},"west":{"uv":[8.8125,4.0,9.125,4.1875],"tintindex":0,"rotation":0,"texture":"#0"}}},{"from":[5.5,4.5,-6.0],"to":[10.5,8.5,-1.0],"faces":{"east":{"uv":[5.6875,8.0625,6.0,8.3125],"tintindex":0,"rotation":0,"texture":"#0"},"south":{"uv":[6.0625,8.0625,6.375,8.3125],"tintindex":0,"rotation":0,"texture":"#0"},"north":{"uv":[5.3125,8.0625,5.625,8.3125],"tintindex":0,"rotation":0,"texture":"#0"},"west":{"uv":[8.0625,7.25,8.375,7.5],"tintindex":0,"rotation":0,"texture":"#0"},"up":{"uv":[8.0625,6.4375,7.75,6.125],"tintindex":0,"rotation":0,"texture":"#0"},"down":{"uv":[8.0625,6.875,7.75,7.1875],"tintindex":0,"rotation":0,"texture":"#0"}}},{"from":[8.0,10.286605,-7.591243],"to":[8.0,13.286605,-2.5912428],"faces":{"east":{"uv":[7.25,8.75,7.5625,8.9375],"tintindex":0,"rotation":0,"texture":"#0"},"west":{"uv":[8.75,8.0625,9.0625,8.25],"tintindex":0,"rotation":0,"texture":"#0"}},"rotation":{"origin":[5.0,12.1866045,-5.591243],"angle":-45.0,"axis":"x"}},{"from":[5.0,6.078702,-9.661476],"to":[7.0,11.078702,-6.661476],"faces":{"east":{"uv":[4.75,8.75,4.9375,9.0625],"tintindex":0,"rotation":0,"texture":"#0"},"south":{"uv":[2.625,9.25,2.75,9.5625],"tintindex":0,"rotation":0,"texture":"#0"},"north":{"uv":[2.4375,9.25,2.5625,9.5625],"tintindex":0,"rotation":0,"texture":"#0"},"west":{"uv":[8.75,5.1875,8.9375,5.5],"tintindex":0,"rotation":0,"texture":"#0"},"up":{"uv":[9.6875,8.9375,9.5625,8.75],"tintindex":0,"rotation":0,"texture":"#0"},"down":{"uv":[9.6875,9.25,9.5625,9.4375],"tintindex":0,"rotation":0,"texture":"#0"}},"rotation":{"origin":[6.0,5.421937,-5.3482933],"angle":22.5,"axis":"x"}},{"from":[7.99,7.971838,-5.1172466],"to":[11.01,10.9918375,-0.0972464],"faces":{"east":{"uv":[8.75,2.375,9.0625,2.5625],"tintindex":0,"rotation":0,"texture":"#0"},"south":{"uv":[9.3125,9.25,9.5,9.4375],"tintindex":0,"rotation":0,"texture":"#0"},"north":{"uv":[9.3125,8.5625,9.5,8.75],"tintindex":0,"rotation":0,"texture":"#0"},"west":{"uv":[8.75,2.625,9.0625,2.8125],"tintindex":0,"rotation":0,"texture":"#0"},"up":{"uv":[8.9375,3.1875,8.75,2.875],"tintindex":0,"rotation":0,"texture":"#0"},"down":{"uv":[8.9375,3.25,8.75,3.5625],"tintindex":0,"rotation":0,"texture":"#0"}},"rotation":{"origin":[10.0,8.2709465,-2.4174728],"angle":45.0,"axis":"x"}},{"from":[9.01,4.2344246,-9.404516],"to":[10.99,7.214424,-4.4245167],"faces":{"east":{"uv":[8.75,1.875,9.0625,2.0625],"tintindex":0,"rotation":0,"texture":"#0"},"south":{"uv":[9.5625,7.75,9.6875,7.9375],"tintindex":0,"rotation":0,"texture":"#0"},"north":{"uv":[9.5625,7.5,9.6875,7.6875],"tintindex":0,"rotation":0,"texture":"#0"},"west":{"uv":[8.75,2.125,9.0625,2.3125],"tintindex":0,"rotation":0,"texture":"#0"},"up":{"uv":[9.375,1.1875,9.25,0.875],"tintindex":0,"rotation":0,"texture":"#0"},"down":{"uv":[9.375,1.25,9.25,1.5625],"tintindex":0,"rotation":0,"texture":"#0"}},"rotation":{"origin":[10.0,5.621937,-5.248293],"angle":22.5,"axis":"x"}},{"from":[6.0,6.0,-3.0],"to":[10.0,10.000001,8.0],"faces":{"east":{"uv":[1.25,6.0,1.9375,6.25],"tintindex":0,"rotation":0,"texture":"#0"},"south":{"uv":[3.9375,8.5625,4.1875,8.8125],"tintindex":0,"rotation":0,"texture":"#0"},"north":{"uv":[2.125,8.5625,2.375,8.8125],"tintindex":0,"rotation":0,"texture":"#0"},"west":{"uv":[2.0,6.0,2.6875,6.25],"tintindex":0,"rotation":0,"texture":"#0"},"up":{"uv":[3.0,6.6875,2.75,6.0],"tintindex":0,"rotation":0,"texture":"#0"},"down":{"uv":[3.3125,6.0,3.0625,6.6875],"tintindex":0,"rotation":0,"texture":"#0"}}}]}