{"textures":{"0":"modelengine:entity/nocsy_sewer_boss"},"elements":[{"from":[5.6319523,8.317665,6.747757],"to":[9.631952,18.317663,6.847757],"faces":{"east":{"uv":[4.875,9.125,4.9375,9.75],"tintindex":0,"rotation":0,"texture":"#0"},"south":{"uv":[4.6875,6.5,4.9375,7.125],"tintindex":0,"rotation":0,"texture":"#0"},"north":{"uv":[6.5,4.0625,6.75,4.6875],"tintindex":0,"rotation":0,"texture":"#0"},"west":{"uv":[0.25,9.1875,0.3125,9.8125],"tintindex":0,"rotation":0,"texture":"#0"},"up":{"uv":[9.875,1.0,9.625,0.9375],"tintindex":0,"rotation":0,"texture":"#0"},"down":{"uv":[2.875,9.625,2.625,9.6875],"tintindex":0,"rotation":0,"texture":"#0"}},"rotation":{"origin":[6.6319523,12.317663,7.847757],"angle":45.0,"axis":"y"}},{"from":[4.9893775,8.317665,8.995807],"to":[10.989378,18.317663,9.095807],"faces":{"east":{"uv":[0.375,9.1875,0.4375,9.8125],"tintindex":0,"rotation":0,"texture":"#0"},"south":{"uv":[1.5,5.3125,1.875,5.9375],"tintindex":0,"rotation":0,"texture":"#0"},"north":{"uv":[5.0625,5.1875,5.4375,5.8125],"tintindex":0,"rotation":0,"texture":"#0"},"west":{"uv":[0.5,9.1875,0.5625,9.8125],"tintindex":0,"rotation":0,"texture":"#0"},"up":{"uv":[9.75,6.5,9.375,6.4375],"tintindex":0,"rotation":0,"texture":"#0"},"down":{"uv":[9.75,9.125,9.375,9.1875],"tintindex":0,"rotation":0,"texture":"#0"}},"rotation":{"origin":[7.9893775,14.317663,8.995807],"angle":-22.5,"axis":"y"}}]}