{"textures":{"1":"modelengine:entity/skog_birch"},"elements":[{"from":[5.477378,-5.7884274,6.3494515],"to":[5.477378,-1.7884274,9.849451],"faces":{"east":{"uv":[13.002,11.502,13.4395,12.002],"tintindex":0,"rotation":0,"texture":"#1"},"south":{"uv":[14.0645,11.502,14.377,12.002],"tintindex":0,"rotation":0,"texture":"#1"},"north":{"uv":[13.752,11.502,14.0645,12.002],"tintindex":0,"rotation":0,"texture":"#1"},"west":{"uv":[13.002,11.502,13.4395,12.002],"tintindex":0,"rotation":0,"texture":"#1"},"up":{"uv":[15.127,11.9395,14.8145,11.502],"tintindex":0,"rotation":0,"texture":"#1"},"down":{"uv":[13.752,10.6895,13.4395,11.127],"tintindex":0,"rotation":0,"texture":"#1"}},"rotation":{"origin":[7.593004,4.727003,11.325183],"angle":-22.5,"axis":"z"}},{"from":[5.477378,-5.7884274,6.3494515],"to":[7.977378,-1.7884274,9.849451],"faces":{"east":{"uv":[14.377,11.502,14.8145,12.002],"tintindex":0,"rotation":0,"texture":"#1"},"south":{"uv":[14.0645,11.502,14.377,12.002],"tintindex":0,"rotation":0,"texture":"#1"},"north":{"uv":[13.752,11.502,14.0645,12.002],"tintindex":0,"rotation":0,"texture":"#1"},"west":{"uv":[13.002,11.502,13.4395,12.002],"tintindex":0,"rotation":0,"texture":"#1"},"up":{"uv":[15.127,11.9395,14.8145,11.502],"tintindex":0,"rotation":0,"texture":"#1"},"down":{"uv":[13.752,10.6895,13.4395,11.127],"tintindex":0,"rotation":0,"texture":"#1"}},"rotation":{"origin":[7.593004,4.727003,11.325183],"angle":-22.5,"axis":"z"}},{"from":[7.977378,-5.7884274,6.3494515],"to":[7.977378,-1.7884274,9.849451],"faces":{"east":{"uv":[13.002,11.502,13.4395,12.002],"tintindex":0,"rotation":0,"texture":"#1"},"south":{"uv":[14.0645,11.502,14.377,12.002],"tintindex":0,"rotation":0,"texture":"#1"},"north":{"uv":[13.752,11.502,14.0645,12.002],"tintindex":0,"rotation":0,"texture":"#1"},"west":{"uv":[13.002,11.502,13.4395,12.002],"tintindex":0,"rotation":0,"texture":"#1"},"up":{"uv":[15.127,11.9395,14.8145,11.502],"tintindex":0,"rotation":0,"texture":"#1"},"down":{"uv":[13.752,10.6895,13.4395,11.127],"tintindex":0,"rotation":0,"texture":"#1"}},"rotation":{"origin":[7.593004,4.727003,11.325183],"angle":-22.5,"axis":"z"}},{"from":[5.477378,-1.7884274,6.3494515],"to":[7.977378,8.711573,9.849451],"faces":{"east":{"uv":[2.002,9.627,2.4355,10.9355],"tintindex":0,"rotation":0,"texture":"#1"},"south":{"uv":[3.1895,10.1895,3.498,11.498],"tintindex":0,"rotation":0,"texture":"#1"},"north":{"uv":[4.627,9.8145,4.9355,11.123],"tintindex":0,"rotation":0,"texture":"#1"},"west":{"uv":[7.877,9.627,8.3105,10.9355],"tintindex":0,"rotation":0,"texture":"#1"},"up":{"uv":[10.623,1.4355,10.3145,1.002],"tintindex":0,"rotation":0,"texture":"#1"},"down":{"uv":[6.3105,12.002,6.002,12.4355],"tintindex":0,"rotation":0,"texture":"#1"}},"rotation":{"origin":[7.593004,4.727003,11.325183],"angle":-22.5,"axis":"z"}}]}