{"textures":{"0":"modelengine:entity/priest"},"elements":[{"from":[5.00846,5.0206413,7.0],"to":[11.00846,11.020641,9.0],"faces":{"east":{"uv":[6.66667,12.0,7.0,13.5],"tintindex":0,"rotation":0,"texture":"#0"},"south":{"uv":[6.0,10.5,7.0,12.0],"tintindex":0,"rotation":0,"texture":"#0"},"north":{"uv":[7.0,10.5,6.0,12.0],"tintindex":0,"rotation":0,"texture":"#0"},"west":{"uv":[8.66667,13.0,9.66667,12.5],"tintindex":0,"rotation":90,"texture":"#0"},"up":{"uv":[6.66667,12.0,7.0,13.5],"tintindex":0,"rotation":90,"texture":"#0"},"down":{"uv":[9.66667,13.0,8.66667,12.5],"tintindex":0,"rotation":0,"texture":"#0"}},"rotation":{"origin":[8.00846,8.020641,3.0],"angle":45.0,"axis":"z"}},{"from":[6.00846,6.0206413,6.0],"to":[10.00846,10.020641,8.0],"faces":{"east":{"uv":[10.91667,12.0,11.08333,12.5],"tintindex":0,"rotation":0,"texture":"#0"},"south":{"uv":[11.75,11.875,12.08333,12.375],"tintindex":0,"rotation":0,"texture":"#0"},"north":{"uv":[11.41667,11.875,11.75,12.375],"tintindex":0,"rotation":0,"texture":"#0"},"west":{"uv":[12.33333,12.0,12.5,12.5],"tintindex":0,"rotation":0,"texture":"#0"},"up":{"uv":[11.08333,12.0,10.91667,12.5],"tintindex":0,"rotation":90,"texture":"#0"},"down":{"uv":[13.75,12.0,13.41667,12.25],"tintindex":0,"rotation":0,"texture":"#0"}},"rotation":{"origin":[8.00846,8.020641,-2.5],"angle":45.0,"axis":"z"}},{"from":[6.00846,6.0206413,8.0],"to":[10.00846,10.020641,10.0],"faces":{"east":{"uv":[10.91667,12.0,11.08333,12.5],"tintindex":0,"rotation":0,"texture":"#0"},"south":{"uv":[11.75,11.875,12.08333,12.375],"tintindex":0,"rotation":0,"texture":"#0"},"north":{"uv":[11.41667,11.875,11.75,12.375],"tintindex":0,"rotation":0,"texture":"#0"},"west":{"uv":[12.33333,12.0,12.5,12.5],"tintindex":0,"rotation":0,"texture":"#0"},"up":{"uv":[11.08333,12.0,10.91667,12.5],"tintindex":0,"rotation":90,"texture":"#0"},"down":{"uv":[13.75,12.0,13.41667,12.25],"tintindex":0,"rotation":0,"texture":"#0"}},"rotation":{"origin":[8.00846,8.020641,-2.5],"angle":45.0,"axis":"z"}}]}