{"textures":{"0":"modelengine:entity/mso_cave_insect"},"elements":[{"from":[2.25,7.800001,0.46128845],"to":[6.5,7.800001,6.361288],"faces":{"up":{"uv":[4.75,12.0,4.25,11.25],"tintindex":0,"rotation":0,"texture":"#0"},"down":{"uv":[4.75,11.25,4.25,12.0],"tintindex":0,"rotation":0,"texture":"#0"}},"rotation":{"origin":[4.375,7.800001,3.4112892],"angle":-22.5,"axis":"x"}},{"from":[9.5,7.800001,0.46128845],"to":[13.75,7.800001,6.361288],"faces":{"up":{"uv":[2.75,8.625,2.25,7.875],"tintindex":0,"rotation":0,"texture":"#0"},"down":{"uv":[2.75,7.875,2.25,8.625],"tintindex":0,"rotation":0,"texture":"#0"}},"rotation":{"origin":[11.625,7.800001,3.4112892],"angle":-22.5,"axis":"x"}},{"from":[3.75,7.1000004,5.561289],"to":[5.75,9.300001,8.711288],"faces":{"east":{"uv":[11.625,0.375,12.0,0.625],"tintindex":0,"rotation":0,"texture":"#0"},"south":{"uv":[11.625,9.75,11.875,10.0],"tintindex":0,"rotation":0,"texture":"#0"},"north":{"uv":[11.625,9.5,11.875,9.75],"tintindex":0,"rotation":0,"texture":"#0"},"west":{"uv":[11.625,8.5,12.0,8.75],"tintindex":0,"rotation":0,"texture":"#0"},"up":{"uv":[11.875,9.125,11.625,8.75],"tintindex":0,"rotation":0,"texture":"#0"},"down":{"uv":[11.875,9.125,11.625,9.5],"tintindex":0,"rotation":0,"texture":"#0"}},"rotation":{"origin":[4.75,8.200001,6.5112877],"angle":22.5,"axis":"y"}},{"from":[10.25,7.1000004,5.561289],"to":[12.25,9.300001,8.711288],"faces":{"east":{"uv":[6.875,7.375,7.25,7.625],"tintindex":0,"rotation":0,"texture":"#0"},"south":{"uv":[8.5,2.5,8.75,2.75],"tintindex":0,"rotation":0,"texture":"#0"},"north":{"uv":[5.5,8.25,5.75,8.5],"tintindex":0,"rotation":0,"texture":"#0"},"west":{"uv":[10.75,3.5,11.125,3.75],"tintindex":0,"rotation":0,"texture":"#0"},"up":{"uv":[3.0,7.75,2.75,7.375],"tintindex":0,"rotation":0,"texture":"#0"},"down":{"uv":[9.75,3.75,9.5,4.125],"tintindex":0,"rotation":0,"texture":"#0"}},"rotation":{"origin":[11.25,8.200001,6.5112877],"angle":-22.5,"axis":"y"}}]}