{"textures":{"0":"modelengine:entity/mso_cave_insect"},"elements":[{"from":[7.9178934,6.0,6.5309644],"to":[19.917892,11.0,9.530964],"faces":{"east":{"uv":[6.0,11.5,5.625,12.125],"tintindex":0,"rotation":0,"texture":"#0"},"south":{"uv":[10.625,7.875,9.125,8.5],"tintindex":0,"rotation":0,"texture":"#0"},"north":{"uv":[10.5,6.25,9.0,6.875],"tintindex":0,"rotation":0,"texture":"#0"},"west":{"uv":[5.625,11.5,5.25,12.125],"tintindex":0,"rotation":0,"texture":"#0"},"up":{"uv":[10.125,9.625,11.625,9.25],"tintindex":0,"rotation":0,"texture":"#0"},"down":{"uv":[10.125,9.625,11.625,10.0],"tintindex":0,"rotation":0,"texture":"#0"}}},{"from":[21.292892,-7.0,5.1809645],"to":[21.292892,-2.0,10.780964],"faces":{"east":{"uv":[11.625,5.375,10.875,6.0],"tintindex":0,"rotation":0,"texture":"#0"},"west":{"uv":[10.875,5.375,11.625,6.0],"tintindex":0,"rotation":0,"texture":"#0"}},"rotation":{"origin":[21.292892,-4.5,7.9809647],"angle":0.0,"axis":"y"}},{"from":[21.292892,-7.0,5.1809645],"to":[21.292892,-2.0,10.780964],"faces":{"east":{"uv":[11.625,5.375,10.875,6.0],"tintindex":0,"rotation":0,"texture":"#0"},"west":{"uv":[10.875,5.375,11.625,6.0],"tintindex":0,"rotation":0,"texture":"#0"}},"rotation":{"origin":[21.292892,-4.5,7.9809647],"angle":-45.0,"axis":"y"}},{"from":[19.167892,-2.0,4.2809644],"to":[23.167892,12.0,8.280964],"faces":{"east":{"uv":[5.0,9.5,5.5,11.25],"tintindex":0,"rotation":0,"texture":"#0"},"south":{"uv":[5.0,9.5,5.5,11.25],"tintindex":0,"rotation":0,"texture":"#0"},"north":{"uv":[5.5,9.5,5.0,11.25],"tintindex":0,"rotation":0,"texture":"#0"},"west":{"uv":[5.5,9.5,5.0,11.25],"tintindex":0,"rotation":0,"texture":"#0"},"up":{"uv":[0.5,12.0,1.0,11.5],"tintindex":0,"rotation":0,"texture":"#0"},"down":{"uv":[11.5,0.625,12.0,1.125],"tintindex":0,"rotation":0,"texture":"#0"}},"rotation":{"origin":[19.167892,-2.0,7.2809644],"angle":-45.0,"axis":"y"}}]}