{"textures":{"0":"modelengine:entity/mso_cave_insect"},"elements":[{"from":[20.792892,-7.0,5.1809645],"to":[20.792892,-2.0,10.780964],"faces":{"east":{"uv":[10.875,5.375,11.625,6.0],"tintindex":0,"rotation":0,"texture":"#0"},"west":{"uv":[10.875,5.375,11.625,6.0],"tintindex":0,"rotation":0,"texture":"#0"}},"rotation":{"origin":[20.792892,-4.5,7.980964],"angle":45.0,"axis":"y"}},{"from":[18.667892,-2.0,4.2809644],"to":[22.667892,12.0,8.280964],"faces":{"east":{"uv":[4.0,8.875,4.5,10.625],"tintindex":0,"rotation":0,"texture":"#0"},"south":{"uv":[4.0,8.875,4.5,10.625],"tintindex":0,"rotation":0,"texture":"#0"},"north":{"uv":[4.0,8.875,4.5,10.625],"tintindex":0,"rotation":0,"texture":"#0"},"west":{"uv":[4.0,8.875,4.5,10.625],"tintindex":0,"rotation":0,"texture":"#0"},"up":{"uv":[1.0,12.0,0.5,11.5],"tintindex":0,"rotation":0,"texture":"#0"},"down":{"uv":[11.5,0.625,12.0,1.125],"tintindex":0,"rotation":0,"texture":"#0"}},"rotation":{"origin":[18.667892,-2.0,7.2809644],"angle":-45.0,"axis":"y"}},{"from":[20.792892,-7.0,5.1809645],"to":[20.792892,-2.0,10.780964],"faces":{"east":{"uv":[10.875,5.375,11.625,6.0],"tintindex":0,"rotation":0,"texture":"#0"},"west":{"uv":[10.875,5.375,11.625,6.0],"tintindex":0,"rotation":0,"texture":"#0"}},"rotation":{"origin":[20.792892,-4.5,7.980964],"angle":22.5,"axis":"y"}},{"from":[7.4178934,7.25,6.3309646],"to":[20.667892,10.75,9.830965],"faces":{"east":{"uv":[1.5,11.5,2.0,12.0],"tintindex":0,"rotation":0,"texture":"#0"},"south":{"uv":[9.75,4.25,11.375,4.75],"tintindex":0,"rotation":0,"texture":"#0"},"north":{"uv":[9.75,3.75,11.375,4.25],"tintindex":0,"rotation":0,"texture":"#0"},"west":{"uv":[11.5,1.625,12.0,2.125],"tintindex":0,"rotation":0,"texture":"#0"},"up":{"uv":[11.375,7.375,9.75,6.875],"tintindex":0,"rotation":0,"texture":"#0"},"down":{"uv":[11.375,7.375,9.75,7.875],"tintindex":0,"rotation":0,"texture":"#0"}},"rotation":{"origin":[13.417893,9.0,7.5809646],"angle":45.0,"axis":"x"}}]}