{"textures":{"0":"modelengine:entity/mso_cave_insect"},"elements":[{"from":[-5.2928934,-7.0,5.1809645],"to":[-5.2928934,-2.0,10.780964],"faces":{"east":{"uv":[11.625,5.375,10.875,6.0],"tintindex":0,"rotation":0,"texture":"#0"},"west":{"uv":[10.875,5.375,11.625,6.0],"tintindex":0,"rotation":0,"texture":"#0"}},"rotation":{"origin":[-5.2928934,-4.5,7.9809647],"angle":45.0,"axis":"y"}},{"from":[-5.2928934,-7.0,5.1809645],"to":[-5.2928934,-2.0,10.780964],"faces":{"east":{"uv":[11.625,5.375,10.875,6.0],"tintindex":0,"rotation":0,"texture":"#0"},"west":{"uv":[10.875,5.375,11.625,6.0],"tintindex":0,"rotation":0,"texture":"#0"}},"rotation":{"origin":[-5.2928934,-4.5,7.9809647],"angle":0.0,"axis":"y"}},{"from":[-3.9178934,6.0,6.5309644],"to":[8.082107,11.0,9.530964],"faces":{"east":{"uv":[5.25,11.5,5.625,12.125],"tintindex":0,"rotation":0,"texture":"#0"},"south":{"uv":[9.125,7.875,10.625,8.5],"tintindex":0,"rotation":0,"texture":"#0"},"north":{"uv":[9.0,6.25,10.5,6.875],"tintindex":0,"rotation":0,"texture":"#0"},"west":{"uv":[5.625,11.5,6.0,12.125],"tintindex":0,"rotation":0,"texture":"#0"},"up":{"uv":[11.625,9.625,10.125,9.25],"tintindex":0,"rotation":0,"texture":"#0"},"down":{"uv":[11.625,9.625,10.125,10.0],"tintindex":0,"rotation":0,"texture":"#0"}}},{"from":[-7.1678934,-2.0,4.2809644],"to":[-3.1678934,12.0,8.280964],"faces":{"east":{"uv":[5.0,9.5,5.5,11.25],"tintindex":0,"rotation":0,"texture":"#0"},"south":{"uv":[5.5,9.5,5.0,11.25],"tintindex":0,"rotation":0,"texture":"#0"},"north":{"uv":[5.0,9.5,5.5,11.25],"tintindex":0,"rotation":0,"texture":"#0"},"west":{"uv":[5.5,9.5,5.0,11.25],"tintindex":0,"rotation":0,"texture":"#0"},"up":{"uv":[1.0,12.0,0.5,11.5],"tintindex":0,"rotation":0,"texture":"#0"},"down":{"uv":[12.0,0.625,11.5,1.125],"tintindex":0,"rotation":0,"texture":"#0"}},"rotation":{"origin":[-3.1678934,-2.0,7.2809644],"angle":45.0,"axis":"y"}}]}