{"textures":{"0":"modelengine:entity/mso_cave_insect"},"elements":[{"from":[-4.7928934,-7.0,5.1809645],"to":[-4.7928934,-2.0,10.780964],"faces":{"east":{"uv":[11.625,5.375,10.875,6.0],"tintindex":0,"rotation":0,"texture":"#0"},"west":{"uv":[11.625,5.375,10.875,6.0],"tintindex":0,"rotation":0,"texture":"#0"}},"rotation":{"origin":[-4.7928934,-4.5,7.980964],"angle":-22.5,"axis":"y"}},{"from":[-4.6678934,7.25,6.3309646],"to":[8.582107,10.75,9.830965],"faces":{"east":{"uv":[12.0,1.625,11.5,2.125],"tintindex":0,"rotation":0,"texture":"#0"},"south":{"uv":[11.375,4.25,9.75,4.75],"tintindex":0,"rotation":0,"texture":"#0"},"north":{"uv":[11.375,3.75,9.75,4.25],"tintindex":0,"rotation":0,"texture":"#0"},"west":{"uv":[2.0,11.5,1.5,12.0],"tintindex":0,"rotation":0,"texture":"#0"},"up":{"uv":[9.75,7.375,11.375,6.875],"tintindex":0,"rotation":0,"texture":"#0"},"down":{"uv":[9.75,7.375,11.375,7.875],"tintindex":0,"rotation":0,"texture":"#0"}},"rotation":{"origin":[2.5821066,9.0,7.5809646],"angle":45.0,"axis":"x"}},{"from":[-4.7928934,-7.0,5.1809645],"to":[-4.7928934,-2.0,10.780964],"faces":{"east":{"uv":[11.625,5.375,10.875,6.0],"tintindex":0,"rotation":0,"texture":"#0"},"west":{"uv":[11.625,5.375,10.875,6.0],"tintindex":0,"rotation":0,"texture":"#0"}},"rotation":{"origin":[-4.7928934,-4.5,7.980964],"angle":-45.0,"axis":"y"}},{"from":[-6.6678934,-2.0,4.2809644],"to":[-2.6678934,12.0,8.280964],"faces":{"east":{"uv":[4.5,8.875,4.0,10.625],"tintindex":0,"rotation":0,"texture":"#0"},"south":{"uv":[4.5,8.875,4.0,10.625],"tintindex":0,"rotation":0,"texture":"#0"},"north":{"uv":[4.5,8.875,4.0,10.625],"tintindex":0,"rotation":0,"texture":"#0"},"west":{"uv":[4.5,8.875,4.0,10.625],"tintindex":0,"rotation":0,"texture":"#0"},"up":{"uv":[0.5,12.0,1.0,11.5],"tintindex":0,"rotation":0,"texture":"#0"},"down":{"uv":[12.0,0.625,11.5,1.125],"tintindex":0,"rotation":0,"texture":"#0"}},"rotation":{"origin":[-2.6678934,-2.0,7.2809644],"angle":45.0,"axis":"y"}}]}