{"textures":{"0":"modelengine:entity/mso_cave_insect"},"elements":[{"from":[12.81066,3.333333,1.6893396],"to":[15.81066,10.333333,11.68934],"faces":{"east":{"uv":[10.125,0.0,8.875,0.875],"tintindex":0,"rotation":0,"texture":"#0"},"south":{"uv":[11.25,11.25,10.875,12.125],"tintindex":0,"rotation":0,"texture":"#0"},"north":{"uv":[10.875,11.25,10.5,12.125],"tintindex":0,"rotation":0,"texture":"#0"},"west":{"uv":[8.875,0.0,10.125,0.875],"tintindex":0,"rotation":0,"texture":"#0"},"up":{"uv":[9.75,11.5,10.125,10.25],"tintindex":0,"rotation":0,"texture":"#0"},"down":{"uv":[10.5,5.375,10.875,6.625],"tintindex":0,"rotation":0,"texture":"#0"}},"rotation":{"origin":[14.31066,4.333333,2.1893396],"angle":-45.0,"axis":"y"}},{"from":[11.81066,-2.666667,-0.31066036],"to":[16.810661,11.333333,4.6893396],"faces":{"east":{"uv":[0.625,8.875,0.0,10.625],"tintindex":0,"rotation":0,"texture":"#0"},"south":{"uv":[0.0,8.875,0.625,10.625],"tintindex":0,"rotation":0,"texture":"#0"},"north":{"uv":[6.75,8.5,6.125,10.25],"tintindex":0,"rotation":0,"texture":"#0"},"west":{"uv":[6.125,8.5,6.75,10.25],"tintindex":0,"rotation":0,"texture":"#0"},"up":{"uv":[3.625,11.625,4.25,11.0],"tintindex":0,"rotation":0,"texture":"#0"},"down":{"uv":[11.0,10.0,11.625,10.625],"tintindex":0,"rotation":0,"texture":"#0"}}},{"from":[14.31066,-7.666667,-1.3106604],"to":[14.31066,-2.666667,5.6893396],"faces":{"east":{"uv":[11.375,4.75,10.5,5.375],"tintindex":0,"rotation":0,"texture":"#0"},"west":{"uv":[11.0,10.0,10.125,10.625],"tintindex":0,"rotation":0,"texture":"#0"}}},{"from":[14.31066,-7.666667,-1.3106604],"to":[14.31066,-2.666667,5.6893396],"faces":{"east":{"uv":[11.375,4.75,10.5,5.375],"tintindex":0,"rotation":0,"texture":"#0"},"west":{"uv":[11.0,10.0,10.125,10.625],"tintindex":0,"rotation":0,"texture":"#0"}},"rotation":{"origin":[14.31066,-5.166667,2.1893396],"angle":45.0,"axis":"y"}}]}