{"textures":{"0":"modelengine:entity/mso_cave_insect"},"elements":[{"from":[1.6893396,-7.666667,-1.3106604],"to":[1.6893396,-2.666667,5.6893396],"faces":{"east":{"uv":[10.125,10.0,11.0,10.625],"tintindex":0,"rotation":0,"texture":"#0"},"west":{"uv":[10.5,4.75,11.375,5.375],"tintindex":0,"rotation":0,"texture":"#0"}}},{"from":[0.18933964,3.333333,1.6893396],"to":[3.1893396,10.333333,11.68934],"faces":{"east":{"uv":[10.125,0.0,8.875,0.875],"tintindex":0,"rotation":0,"texture":"#0"},"south":{"uv":[10.875,11.25,11.25,12.125],"tintindex":0,"rotation":0,"texture":"#0"},"north":{"uv":[10.5,11.25,10.875,12.125],"tintindex":0,"rotation":0,"texture":"#0"},"west":{"uv":[8.875,0.0,10.125,0.875],"tintindex":0,"rotation":0,"texture":"#0"},"up":{"uv":[10.125,11.5,9.75,10.25],"tintindex":0,"rotation":0,"texture":"#0"},"down":{"uv":[10.875,5.375,10.5,6.625],"tintindex":0,"rotation":0,"texture":"#0"}},"rotation":{"origin":[1.6893396,4.333333,2.1893396],"angle":45.0,"axis":"y"}},{"from":[-0.81066036,-2.666667,-0.31066036],"to":[4.1893396,11.333333,4.6893396],"faces":{"east":{"uv":[6.75,8.5,6.125,10.25],"tintindex":0,"rotation":0,"texture":"#0"},"south":{"uv":[0.625,8.875,0.0,10.625],"tintindex":0,"rotation":0,"texture":"#0"},"north":{"uv":[6.125,8.5,6.75,10.25],"tintindex":0,"rotation":0,"texture":"#0"},"west":{"uv":[0.0,8.875,0.625,10.625],"tintindex":0,"rotation":0,"texture":"#0"},"up":{"uv":[4.25,11.625,3.625,11.0],"tintindex":0,"rotation":0,"texture":"#0"},"down":{"uv":[11.625,10.0,11.0,10.625],"tintindex":0,"rotation":0,"texture":"#0"}}},{"from":[1.6893396,-7.666667,-1.3106604],"to":[1.6893396,-2.666667,5.6893396],"faces":{"east":{"uv":[10.125,10.0,11.0,10.625],"tintindex":0,"rotation":0,"texture":"#0"},"west":{"uv":[10.5,4.75,11.375,5.375],"tintindex":0,"rotation":0,"texture":"#0"}},"rotation":{"origin":[1.6893396,-5.166667,2.1893396],"angle":-45.0,"axis":"y"}}]}