{"textures":{"0":"modelengine:entity/zahar_abomination"},"elements":[{"from":[4.0,7.4787455,3.144843],"to":[12.0,12.478745,10.144843],"faces":{"east":{"uv":[7.25,8.3125,7.6875,8.625],"tintindex":0,"rotation":0,"texture":"#0"},"south":{"uv":[8.25,6.6875,8.75,7.0],"tintindex":0,"rotation":0,"texture":"#0"},"north":{"uv":[2.4375,8.25,2.9375,8.5625],"tintindex":0,"rotation":0,"texture":"#0"},"west":{"uv":[8.3125,7.25,8.75,7.5625],"tintindex":0,"rotation":0,"texture":"#0"},"up":{"uv":[8.25,2.0625,7.75,1.625],"tintindex":0,"rotation":0,"texture":"#0"},"down":{"uv":[8.3125,7.6875,7.8125,8.125],"tintindex":0,"rotation":0,"texture":"#0"}}},{"from":[12.0,4.008439,-1.1648703],"to":[15.0,7.0084386,4.8351297],"faces":{"east":{"uv":[0.1875,4.6875,0.5625,4.875],"tintindex":0,"rotation":0,"texture":"#0"},"south":{"uv":[0.75,4.5,0.9375,4.6875],"tintindex":0,"rotation":0,"texture":"#0"},"north":{"uv":[0.75,4.6875,0.9375,4.875],"tintindex":0,"rotation":0,"texture":"#0"},"west":{"uv":[0.1875,4.5,0.5625,4.6875],"tintindex":0,"rotation":0,"texture":"#0"},"up":{"uv":[0.1875,4.875,0.0,4.5],"tintindex":0,"rotation":0,"texture":"#0"},"down":{"uv":[0.75,4.5,0.5625,4.875],"tintindex":0,"rotation":0,"texture":"#0"}},"rotation":{"origin":[11.5,7.5084386,1.8351297],"angle":-45.0,"axis":"y"}},{"from":[5.0,6.0084386,2.8351297],"to":[11.0,9.008438,6.8351297],"faces":{"east":{"uv":[7.5625,3.125,7.8125,3.3125],"tintindex":0,"rotation":0,"texture":"#0"},"south":{"uv":[7.625,0.625,8.0,0.8125],"tintindex":0,"rotation":0,"texture":"#0"},"north":{"uv":[6.5,0.625,6.875,0.8125],"tintindex":0,"rotation":0,"texture":"#0"},"west":{"uv":[8.125,0.4375,8.375,0.625],"tintindex":0,"rotation":0,"texture":"#0"},"up":{"uv":[5.375,2.0,5.0,1.75],"tintindex":0,"rotation":0,"texture":"#0"},"down":{"uv":[8.875,4.5,8.5,4.75],"tintindex":0,"rotation":0,"texture":"#0"}},"rotation":{"origin":[8.0,6.5084386,7.3351297],"angle":-22.5,"axis":"x"}},{"from":[-0.75,4.008439,1.5851297],"to":[2.25,7.0084386,7.5851297],"faces":{"east":{"uv":[0.5625,4.5,0.1875,4.6875],"tintindex":0,"rotation":0,"texture":"#0"},"south":{"uv":[0.9375,4.5,0.75,4.6875],"tintindex":0,"rotation":0,"texture":"#0"},"north":{"uv":[0.9375,4.6875,0.75,4.875],"tintindex":0,"rotation":0,"texture":"#0"},"west":{"uv":[0.5625,4.6875,0.1875,4.875],"tintindex":0,"rotation":0,"texture":"#0"},"up":{"uv":[0.0,4.875,0.1875,4.5],"tintindex":0,"rotation":0,"texture":"#0"},"down":{"uv":[0.5625,4.5,0.75,4.875],"tintindex":0,"rotation":0,"texture":"#0"}},"rotation":{"origin":[0.5,7.5084386,1.8351297],"angle":45.0,"axis":"y"}},{"from":[7.0,6.637258,2.527526],"to":[9.0,8.637259,4.527526],"faces":{"east":{"uv":[2.6875,3.625,2.8125,3.75],"tintindex":0,"rotation":0,"texture":"#0"},"south":{"uv":[2.6875,3.75,2.8125,3.875],"tintindex":0,"rotation":0,"texture":"#0"},"north":{"uv":[2.6875,3.5,2.8125,3.625],"tintindex":0,"rotation":0,"texture":"#0"},"west":{"uv":[2.5625,3.625,2.6875,3.75],"tintindex":0,"rotation":0,"texture":"#0"},"up":{"uv":[2.6875,3.625,2.5625,3.5],"tintindex":0,"rotation":0,"texture":"#0"},"down":{"uv":[2.6875,3.75,2.5625,3.875],"tintindex":0,"rotation":0,"texture":"#0"}},"rotation":{"origin":[10.0,7.637258,3.527526],"angle":22.5,"axis":"x"}}]}