{"textures":{"0":"modelengine:entity/zahar_abomination"},"elements":[{"from":[9.7093315,11.44762,5.5],"to":[14.2093315,17.44762,12.0],"faces":{"east":{"uv":[3.5,6.0625,4.3125,6.8125],"tintindex":0,"rotation":0,"texture":"#0"},"south":{"uv":[7.3125,3.3125,7.875,4.0625],"tintindex":0,"rotation":0,"texture":"#0"},"north":{"uv":[7.1875,1.3125,7.75,2.0625],"tintindex":0,"rotation":0,"texture":"#0"},"west":{"uv":[4.3125,6.0625,5.125,6.8125],"tintindex":0,"rotation":0,"texture":"#0"},"up":{"uv":[3.375,7.6875,2.8125,6.875],"tintindex":0,"rotation":0,"texture":"#0"},"down":{"uv":[7.5625,2.5,7.0,3.3125],"tintindex":0,"rotation":0,"texture":"#0"}},"rotation":{"origin":[11.9593315,14.44762,8.75],"angle":22.5,"axis":"z"}},{"from":[4.0,11.5,9.0],"to":[12.0,20.5,14.0],"faces":{"east":{"uv":[5.1875,2.9375,5.8125,4.0625],"tintindex":0,"rotation":0,"texture":"#0"},"south":{"uv":[4.1875,2.9375,5.1875,4.0625],"tintindex":0,"rotation":0,"texture":"#0"},"north":{"uv":[4.1875,0.0,5.1875,1.125],"tintindex":0,"rotation":0,"texture":"#0"},"west":{"uv":[5.375,0.8125,6.0,1.9375],"tintindex":0,"rotation":0,"texture":"#0"},"up":{"uv":[7.0,1.9375,6.0,1.3125],"tintindex":0,"rotation":0,"texture":"#0"},"down":{"uv":[7.0625,0.0,6.0625,0.625],"tintindex":0,"rotation":0,"texture":"#0"}},"rotation":{"origin":[8.0,15.25,6.75],"angle":22.5,"axis":"x"}},{"from":[10.0,17.015678,10.989523],"to":[13.5,22.515678,14.489523],"faces":{"east":{"uv":[0.875,2.625,1.3125,3.3125],"tintindex":0,"rotation":0,"texture":"#0"},"south":{"uv":[0.4375,2.625,0.875,3.3125],"tintindex":0,"rotation":0,"texture":"#0"},"north":{"uv":[0.0,2.625,0.4375,3.3125],"tintindex":0,"rotation":0,"texture":"#0"},"west":{"uv":[1.3125,2.625,1.75,3.3125],"tintindex":0,"rotation":0,"texture":"#0"},"up":{"uv":[2.1875,3.0625,1.75,2.625],"tintindex":0,"rotation":0,"texture":"#0"},"down":{"uv":[2.625,2.625,2.1875,3.0625],"tintindex":0,"rotation":0,"texture":"#0"}},"rotation":{"origin":[9.75,20.265678,14.239523],"angle":-22.5,"axis":"z"}},{"from":[3.0,12.5,6.5],"to":[5.0,16.5,10.5],"faces":{"east":{"uv":[7.75,6.6875,8.25,7.1875],"tintindex":0,"rotation":0,"texture":"#0"},"south":{"uv":[8.4375,0.4375,8.6875,0.9375],"tintindex":0,"rotation":0,"texture":"#0"},"north":{"uv":[6.8125,8.375,7.0625,8.875],"tintindex":0,"rotation":0,"texture":"#0"},"west":{"uv":[7.8125,7.1875,8.3125,7.6875],"tintindex":0,"rotation":0,"texture":"#0"},"up":{"uv":[8.6875,1.4375,8.4375,0.9375],"tintindex":0,"rotation":0,"texture":"#0"},"down":{"uv":[8.6875,1.9375,8.4375,2.4375],"tintindex":0,"rotation":0,"texture":"#0"}},"rotation":{"origin":[3.75,14.5,8.5],"angle":-22.5,"axis":"z"}},{"from":[4.5,7.0,4.5],"to":[11.5,12.0,11.0],"faces":{"east":{"uv":[4.3125,6.8125,5.125,7.4375],"tintindex":0,"rotation":0,"texture":"#0"},"south":{"uv":[0.0,6.5625,0.875,7.1875],"tintindex":0,"rotation":0,"texture":"#0"},"north":{"uv":[6.375,4.5625,7.25,5.1875],"tintindex":0,"rotation":0,"texture":"#0"},"west":{"uv":[5.125,6.8125,5.9375,7.4375],"tintindex":0,"rotation":0,"texture":"#0"},"up":{"uv":[2.875,5.8125,2.0,5.0],"tintindex":0,"rotation":0,"texture":"#0"},"down":{"uv":[6.0625,0.0,5.1875,0.8125],"tintindex":0,"rotation":0,"texture":"#0"}},"rotation":{"origin":[8.0,9.25,9.0],"angle":22.5,"axis":"x"}},{"from":[3.5,16.5,3.5],"to":[7.0,19.5,7.0],"faces":{"east":{"uv":[8.0,2.0625,8.4375,2.4375],"tintindex":0,"rotation":0,"texture":"#0"},"south":{"uv":[8.0,3.875,8.4375,4.25],"tintindex":0,"rotation":0,"texture":"#0"},"north":{"uv":[0.0,8.0,0.4375,8.375],"tintindex":0,"rotation":0,"texture":"#0"},"west":{"uv":[8.0,5.0625,8.4375,5.4375],"tintindex":0,"rotation":0,"texture":"#0"},"up":{"uv":[5.9375,7.875,5.5,7.4375],"tintindex":0,"rotation":0,"texture":"#0"},"down":{"uv":[2.0,7.5,1.5625,7.9375],"tintindex":0,"rotation":0,"texture":"#0"}},"rotation":{"origin":[8.0,15.25,6.75],"angle":22.5,"axis":"x"}},{"from":[6.0,6.405904,4.486721],"to":[10.0,9.405904,9.986721],"faces":{"east":{"uv":[7.3125,4.0625,8.0,4.4375],"tintindex":0,"rotation":0,"texture":"#0"},"south":{"uv":[7.25,7.9375,7.75,8.3125],"tintindex":0,"rotation":0,"texture":"#0"},"north":{"uv":[5.125,4.6875,5.625,5.0625],"tintindex":0,"rotation":0,"texture":"#0"},"west":{"uv":[7.75,1.25,8.4375,1.625],"tintindex":0,"rotation":0,"texture":"#0"},"up":{"uv":[5.0,8.125,4.5,7.4375],"tintindex":0,"rotation":0,"texture":"#0"},"down":{"uv":[5.5,7.4375,5.0,8.125],"tintindex":0,"rotation":0,"texture":"#0"}}},{"from":[4.0,11.5,4.5],"to":[12.0,19.0,9.0],"faces":{"east":{"uv":[0.875,6.5625,1.4375,7.5],"tintindex":0,"rotation":0,"texture":"#0"},"south":{"uv":[1.0,5.0,2.0,5.9375],"tintindex":0,"rotation":0,"texture":"#0"},"north":{"uv":[0.0,5.0,1.0,5.9375],"tintindex":0,"rotation":0,"texture":"#0"},"west":{"uv":[1.4375,6.5625,2.0,7.5],"tintindex":0,"rotation":0,"texture":"#0"},"up":{"uv":[7.1875,6.8125,6.1875,6.25],"tintindex":0,"rotation":0,"texture":"#0"},"down":{"uv":[7.3125,4.0,6.3125,4.5625],"tintindex":0,"rotation":0,"texture":"#0"}},"rotation":{"origin":[8.0,15.25,6.75],"angle":22.5,"axis":"x"}}]}