{"textures":{"0":"modelengine:entity/skeleton_warrior"},"elements":[{"from":[7.5,9.655938,-13.214191],"to":[8.5,14.655938,3.7858095],"faces":{"east":{"uv":[2.875,0.0,5.0,0.625],"tintindex":0,"rotation":0,"texture":"#0"},"south":{"uv":[9.25,10.75,9.375,11.375],"tintindex":0,"rotation":0,"texture":"#0"},"north":{"uv":[5.75,10.625,5.875,11.25],"tintindex":0,"rotation":0,"texture":"#0"},"west":{"uv":[5.0,0.0,2.875,0.625],"tintindex":0,"rotation":0,"texture":"#0"},"up":{"uv":[2.125,10.25,2.0,8.125],"tintindex":0,"rotation":0,"texture":"#0"},"down":{"uv":[4.625,8.25,4.5,10.375],"tintindex":0,"rotation":0,"texture":"#0"}},"rotation":{"origin":[8.0,12.155938,-4.7141905],"angle":22.5,"axis":"x"}},{"from":[7.0,5.7983704,4.7201233],"to":[9.0,7.7983704,11.720123],"faces":{"east":{"uv":[8.75,1.125,9.625,1.375],"tintindex":0,"rotation":0,"texture":"#0"},"south":{"uv":[10.875,6.75,11.125,7.0],"tintindex":0,"rotation":0,"texture":"#0"},"north":{"uv":[10.875,5.875,11.125,6.125],"tintindex":0,"rotation":0,"texture":"#0"},"west":{"uv":[8.75,1.5,9.625,1.75],"tintindex":0,"rotation":0,"texture":"#0"},"up":{"uv":[0.25,9.75,0.0,8.875],"tintindex":0,"rotation":0,"texture":"#0"},"down":{"uv":[0.625,8.875,0.375,9.75],"tintindex":0,"rotation":0,"texture":"#0"}},"rotation":{"origin":[8.0,6.7983704,8.220123],"angle":22.5,"axis":"x"}},{"from":[7.4750004,13.635533,-14.326782],"to":[8.525001,17.135532,-10.826782],"faces":{"east":{"uv":[3.875,13.25,4.375,13.75],"tintindex":0,"rotation":0,"texture":"#0"},"south":{"uv":[6.375,13.25,6.5,13.75],"tintindex":0,"rotation":0,"texture":"#0"},"north":{"uv":[4.375,13.25,4.5,13.75],"tintindex":0,"rotation":0,"texture":"#0"},"west":{"uv":[4.375,13.25,3.875,13.75],"tintindex":0,"rotation":0,"texture":"#0"},"up":{"uv":[4.625,13.25,4.75,13.75],"tintindex":0,"rotation":0,"texture":"#0"},"down":{"uv":[7.5,13.375,7.625,13.875],"tintindex":0,"rotation":0,"texture":"#0"}},"rotation":{"origin":[8.0,15.385533,-12.576782],"angle":-22.5,"axis":"x"}},{"from":[7.0,4.520446,3.062665],"to":[9.0,12.520446,5.062665],"faces":{"east":{"uv":[5.125,8.25,5.375,9.25],"tintindex":0,"rotation":0,"texture":"#0"},"south":{"uv":[6.625,8.25,6.875,9.25],"tintindex":0,"rotation":0,"texture":"#0"},"north":{"uv":[4.75,8.25,5.0,9.25],"tintindex":0,"rotation":0,"texture":"#0"},"west":{"uv":[8.25,7.625,8.5,8.625],"tintindex":0,"rotation":0,"texture":"#0"},"up":{"uv":[11.125,7.375,10.875,7.125],"tintindex":0,"rotation":0,"texture":"#0"},"down":{"uv":[11.125,7.875,10.875,8.125],"tintindex":0,"rotation":0,"texture":"#0"}},"rotation":{"origin":[8.0,8.520446,4.062665],"angle":22.5,"axis":"x"}},{"from":[6.5,5.6397123,5.5081835],"to":[9.5,8.639712,9.5081835],"faces":{"east":{"uv":[1.25,9.0,0.75,9.375],"tintindex":0,"rotation":0,"texture":"#0"},"south":{"uv":[10.25,2.75,9.875,3.125],"tintindex":0,"rotation":0,"texture":"#0"},"north":{"uv":[10.25,2.25,9.875,2.625],"tintindex":0,"rotation":0,"texture":"#0"},"west":{"uv":[9.375,7.0,8.875,7.375],"tintindex":0,"rotation":0,"texture":"#0"},"up":{"uv":[1.375,9.5,1.75,9.0],"tintindex":0,"rotation":0,"texture":"#0"},"down":{"uv":[9.0,3.5,9.375,4.0],"tintindex":0,"rotation":0,"texture":"#0"}},"rotation":{"origin":[8.0,7.1397123,7.5081835],"angle":22.5,"axis":"x"}}]}