{"textures":{"0":"modelengine:entity/skeleton_warrior"},"elements":[{"from":[4.057544,0.5699043,6.4802737],"to":[7.0575438,8.569904,9.480274],"faces":{"east":{"uv":[7.125,1.125,6.75,2.125],"tintindex":0,"rotation":0,"texture":"#0"},"south":{"uv":[2.875,6.625,2.5,7.625],"tintindex":0,"rotation":0,"texture":"#0"},"north":{"uv":[1.875,6.625,1.5,7.625],"tintindex":0,"rotation":0,"texture":"#0"},"west":{"uv":[2.375,6.625,2.0,7.625],"tintindex":0,"rotation":0,"texture":"#0"},"up":{"uv":[9.75,9.25,10.125,8.875],"tintindex":0,"rotation":0,"texture":"#0"},"down":{"uv":[9.75,9.375,10.125,9.75],"tintindex":0,"rotation":0,"texture":"#0"}},"rotation":{"origin":[5.5575438,4.5699043,7.9802737],"angle":-22.5,"axis":"z"}},{"from":[5.386473,6.6163177,5.4802737],"to":[7.3864737,9.616318,10.480274],"faces":{"east":{"uv":[9.0,2.0,8.375,2.375],"tintindex":0,"rotation":0,"texture":"#0"},"south":{"uv":[1.125,10.75,0.875,11.125],"tintindex":0,"rotation":0,"texture":"#0"},"north":{"uv":[8.0,10.625,7.75,11.0],"tintindex":0,"rotation":0,"texture":"#0"},"west":{"uv":[0.625,8.375,0.0,8.75],"tintindex":0,"rotation":0,"texture":"#0"},"up":{"uv":[9.5,5.875,9.75,5.25],"tintindex":0,"rotation":0,"texture":"#0"},"down":{"uv":[7.0,9.5,7.25,10.125],"tintindex":0,"rotation":0,"texture":"#0"}},"rotation":{"origin":[6.3864737,8.116318,7.9802737],"angle":22.5,"axis":"z"}},{"from":[7.042891,7.343624,4.4802737],"to":[9.042891,11.343624,11.480274],"faces":{"east":{"uv":[1.875,6.0,1.0,6.5],"tintindex":0,"rotation":0,"texture":"#0"},"south":{"uv":[9.125,10.5,8.875,11.0],"tintindex":0,"rotation":0,"texture":"#0"},"north":{"uv":[10.375,10.5,10.125,11.0],"tintindex":0,"rotation":0,"texture":"#0"},"west":{"uv":[2.875,6.0,2.0,6.5],"tintindex":0,"rotation":0,"texture":"#0"},"up":{"uv":[6.25,9.625,6.5,8.75],"tintindex":0,"rotation":180,"texture":"#0"},"down":{"uv":[8.125,8.75,8.375,9.625],"tintindex":0,"rotation":180,"texture":"#0"}},"rotation":{"origin":[8.042891,9.343624,7.9802737],"angle":22.5,"axis":"z"}},{"from":[3.3473725,5.812889,4.4802737],"to":[5.3473725,9.812889,11.480274],"faces":{"east":{"uv":[2.875,6.0,2.0,6.5],"tintindex":0,"rotation":0,"texture":"#0"},"south":{"uv":[10.375,10.5,10.125,11.0],"tintindex":0,"rotation":0,"texture":"#0"},"north":{"uv":[9.125,10.5,8.875,11.0],"tintindex":0,"rotation":0,"texture":"#0"},"west":{"uv":[1.875,6.0,1.0,6.5],"tintindex":0,"rotation":0,"texture":"#0"},"up":{"uv":[6.25,9.625,6.5,8.75],"tintindex":0,"rotation":0,"texture":"#0"},"down":{"uv":[8.125,8.75,8.375,9.625],"tintindex":0,"rotation":0,"texture":"#0"}},"rotation":{"origin":[4.3473725,7.812889,7.9802737],"angle":22.5,"axis":"z"}}]}