{"textures":{"0":"modelengine:entity/skeleton_warrior"},"elements":[{"from":[6.6428566,1.7565069,5.372572],"to":[9.642857,8.756508,8.372572],"faces":{"east":{"uv":[4.375,7.375,4.0,8.25],"tintindex":0,"rotation":0,"texture":"#0"},"south":{"uv":[3.875,7.375,3.5,8.25],"tintindex":0,"rotation":0,"texture":"#0"},"north":{"uv":[0.875,7.375,0.5,8.25],"tintindex":0,"rotation":0,"texture":"#0"},"west":{"uv":[7.75,2.125,7.375,3.0],"tintindex":0,"rotation":0,"texture":"#0"},"up":{"uv":[9.75,8.25,10.125,7.875],"tintindex":0,"rotation":0,"texture":"#0"},"down":{"uv":[9.75,8.375,10.125,8.75],"tintindex":0,"rotation":0,"texture":"#0"}},"rotation":{"origin":[8.142857,5.256508,6.872572],"angle":22.5,"axis":"x"}},{"from":[6.1428566,2.756507,4.872572],"to":[8.142857,7.756508,8.872572],"faces":{"east":{"uv":[8.125,3.875,7.625,4.5],"tintindex":0,"rotation":0,"texture":"#0"},"south":{"uv":[2.875,9.5,2.625,10.125],"tintindex":0,"rotation":0,"texture":"#0"},"north":{"uv":[1.0,9.5,0.75,10.125],"tintindex":0,"rotation":0,"texture":"#0"},"west":{"uv":[8.125,3.125,7.625,3.75],"tintindex":0,"rotation":0,"texture":"#0"},"up":{"uv":[0.0,10.875,0.25,10.375],"tintindex":0,"rotation":0,"texture":"#0"},"down":{"uv":[1.75,10.375,2.0,10.875],"tintindex":0,"rotation":0,"texture":"#0"}},"rotation":{"origin":[7.1428566,5.256508,6.872572],"angle":22.5,"axis":"x"}}]}