{"textures":{"0":"modelengine:entity/skeleton_warrior"},"elements":[{"from":[8.942456,0.5699043,6.4802737],"to":[11.942455,8.569904,9.480274],"faces":{"east":{"uv":[2.0,6.625,2.375,7.625],"tintindex":0,"rotation":0,"texture":"#0"},"south":{"uv":[2.5,6.625,2.875,7.625],"tintindex":0,"rotation":0,"texture":"#0"},"north":{"uv":[1.5,6.625,1.875,7.625],"tintindex":0,"rotation":0,"texture":"#0"},"west":{"uv":[6.75,1.125,7.125,2.125],"tintindex":0,"rotation":0,"texture":"#0"},"up":{"uv":[10.125,9.25,9.75,8.875],"tintindex":0,"rotation":0,"texture":"#0"},"down":{"uv":[10.125,9.375,9.75,9.75],"tintindex":0,"rotation":0,"texture":"#0"}},"rotation":{"origin":[10.442456,4.5699043,7.9802737],"angle":22.5,"axis":"z"}},{"from":[8.613526,6.6163177,5.4802737],"to":[10.613527,9.616318,10.480274],"faces":{"east":{"uv":[0.0,8.375,0.625,8.75],"tintindex":0,"rotation":0,"texture":"#0"},"south":{"uv":[0.875,10.75,1.125,11.125],"tintindex":0,"rotation":0,"texture":"#0"},"north":{"uv":[7.75,10.625,8.0,11.0],"tintindex":0,"rotation":0,"texture":"#0"},"west":{"uv":[8.375,2.0,9.0,2.375],"tintindex":0,"rotation":0,"texture":"#0"},"up":{"uv":[9.75,5.875,9.5,5.25],"tintindex":0,"rotation":0,"texture":"#0"},"down":{"uv":[7.25,9.5,7.0,10.125],"tintindex":0,"rotation":0,"texture":"#0"}},"rotation":{"origin":[9.613526,8.116318,7.9802737],"angle":-22.5,"axis":"z"}},{"from":[10.652628,5.812889,4.4802737],"to":[12.652628,9.812889,11.480274],"faces":{"east":{"uv":[1.0,6.0,1.875,6.5],"tintindex":0,"rotation":0,"texture":"#0"},"south":{"uv":[10.125,10.5,10.375,11.0],"tintindex":0,"rotation":0,"texture":"#0"},"north":{"uv":[8.875,10.5,9.125,11.0],"tintindex":0,"rotation":0,"texture":"#0"},"west":{"uv":[2.0,6.0,2.875,6.5],"tintindex":0,"rotation":0,"texture":"#0"},"up":{"uv":[6.5,9.625,6.25,8.75],"tintindex":0,"rotation":0,"texture":"#0"},"down":{"uv":[8.375,8.75,8.125,9.625],"tintindex":0,"rotation":0,"texture":"#0"}},"rotation":{"origin":[11.652628,7.812889,7.9802737],"angle":-22.5,"axis":"z"}},{"from":[6.957109,7.343624,4.4802737],"to":[8.957109,11.343624,11.480274],"faces":{"east":{"uv":[2.0,6.0,2.875,6.5],"tintindex":0,"rotation":0,"texture":"#0"},"south":{"uv":[8.875,10.5,9.125,11.0],"tintindex":0,"rotation":0,"texture":"#0"},"north":{"uv":[10.125,10.5,10.375,11.0],"tintindex":0,"rotation":0,"texture":"#0"},"west":{"uv":[1.0,6.0,1.875,6.5],"tintindex":0,"rotation":0,"texture":"#0"},"up":{"uv":[6.5,9.625,6.25,8.75],"tintindex":0,"rotation":180,"texture":"#0"},"down":{"uv":[8.375,8.75,8.125,9.625],"tintindex":0,"rotation":180,"texture":"#0"}},"rotation":{"origin":[7.957109,9.343624,7.9802737],"angle":-22.5,"axis":"z"}}]}