{"textures":{"0":"modelengine:entity/skeleton_warrior"},"elements":[{"from":[7.8571424,2.756507,4.872572],"to":[9.857142,7.756508,8.872572],"faces":{"east":{"uv":[7.625,3.125,8.125,3.75],"tintindex":0,"rotation":0,"texture":"#0"},"south":{"uv":[2.625,9.5,2.875,10.125],"tintindex":0,"rotation":0,"texture":"#0"},"north":{"uv":[0.75,9.5,1.0,10.125],"tintindex":0,"rotation":0,"texture":"#0"},"west":{"uv":[7.625,3.875,8.125,4.5],"tintindex":0,"rotation":0,"texture":"#0"},"up":{"uv":[0.25,10.875,0.0,10.375],"tintindex":0,"rotation":0,"texture":"#0"},"down":{"uv":[2.0,10.375,1.75,10.875],"tintindex":0,"rotation":0,"texture":"#0"}},"rotation":{"origin":[8.857142,5.256508,6.872572],"angle":22.5,"axis":"x"}},{"from":[6.3571424,1.7565069,5.372572],"to":[9.357142,8.756508,8.372572],"faces":{"east":{"uv":[7.375,2.125,7.75,3.0],"tintindex":0,"rotation":0,"texture":"#0"},"south":{"uv":[3.5,7.375,3.875,8.25],"tintindex":0,"rotation":0,"texture":"#0"},"north":{"uv":[0.5,7.375,0.875,8.25],"tintindex":0,"rotation":0,"texture":"#0"},"west":{"uv":[4.0,7.375,4.375,8.25],"tintindex":0,"rotation":0,"texture":"#0"},"up":{"uv":[10.125,8.25,9.75,7.875],"tintindex":0,"rotation":0,"texture":"#0"},"down":{"uv":[10.125,8.375,9.75,8.75],"tintindex":0,"rotation":0,"texture":"#0"}},"rotation":{"origin":[7.8571424,5.256508,6.872572],"angle":22.5,"axis":"x"}}]}