{"textures":{"1":"modelengine:entity/darkershell"},"elements":[{"from":[2.6,-7.0,4.799999],"to":[12.6,8.0,12.799999],"faces":{"east":{"uv":[2.75,11.6875,3.25,12.625],"tintindex":0,"rotation":0,"texture":"#1"},"south":{"uv":[11.4375,11.3125,12.0625,12.25],"tintindex":0,"rotation":0,"texture":"#1"},"north":{"uv":[11.4375,10.375,12.0625,11.3125],"tintindex":0,"rotation":0,"texture":"#1"},"west":{"uv":[3.25,11.6875,3.75,12.625],"tintindex":0,"rotation":0,"texture":"#1"},"up":{"uv":[12.5625,7.125,11.9375,6.625],"tintindex":0,"rotation":0,"texture":"#1"},"down":{"uv":[12.5625,7.125,11.9375,7.625],"tintindex":0,"rotation":0,"texture":"#1"}}}]}