{"textures":{"1":"modelengine:entity/darkershell"},"elements":[{"from":[4.8999996,-5.0,5.799999],"to":[11.9,8.0,9.799999],"faces":{"east":{"uv":[5.0625,11.9375,4.8125,12.75],"tintindex":0,"rotation":0,"texture":"#1"},"south":{"uv":[7.5625,11.875,7.125,12.6875],"tintindex":0,"rotation":0,"texture":"#1"},"north":{"uv":[7.125,11.875,6.6875,12.6875],"tintindex":0,"rotation":0,"texture":"#1"},"west":{"uv":[8.6875,9.0,8.4375,9.8125],"tintindex":0,"rotation":0,"texture":"#1"},"up":{"uv":[10.3125,3.3125,10.75,3.0625],"tintindex":0,"rotation":0,"texture":"#1"},"down":{"uv":[10.75,3.0625,11.1875,3.3125],"tintindex":0,"rotation":0,"texture":"#1"}}}]}