{"textures":{"1":"modelengine:entity/darkershell"},"elements":[{"from":[1.0999999,-7.0,3.7999992],"to":[14.1,8.0,13.799999],"faces":{"east":{"uv":[8.5625,11.5,9.1875,12.4375],"tintindex":0,"rotation":0,"texture":"#1"},"south":{"uv":[4.25,11.0,5.0625,11.9375],"tintindex":0,"rotation":0,"texture":"#1"},"north":{"uv":[3.4375,10.75,4.25,11.6875],"tintindex":0,"rotation":0,"texture":"#1"},"west":{"uv":[9.1875,11.5,9.8125,12.4375],"tintindex":0,"rotation":0,"texture":"#1"},"up":{"uv":[10.625,12.25,9.8125,11.625],"tintindex":0,"rotation":0,"texture":"#1"},"down":{"uv":[11.4375,11.625,10.625,12.25],"tintindex":0,"rotation":0,"texture":"#1"}}}]}