{"textures":{"1":"modelengine:entity/darkershell"},"elements":[{"from":[4.200001,-7.200001,5.8],"to":[11.200001,7.799999,12.8],"faces":{"east":{"uv":[11.6875,4.0,12.125,4.9375],"tintindex":0,"rotation":0,"texture":"#1"},"south":{"uv":[0.0,11.8125,0.4375,12.75],"tintindex":0,"rotation":0,"texture":"#1"},"north":{"uv":[3.75,11.6875,4.1875,12.625],"tintindex":0,"rotation":0,"texture":"#1"},"west":{"uv":[0.4375,11.8125,0.875,12.75],"tintindex":0,"rotation":0,"texture":"#1"},"up":{"uv":[12.375,8.75,11.9375,8.3125],"tintindex":0,"rotation":0,"texture":"#1"},"down":{"uv":[12.375,8.75,11.9375,9.1875],"tintindex":0,"rotation":0,"texture":"#1"}}}]}