{"textures":{"1":"modelengine:entity/darkershell"},"elements":[{"from":[4.1000004,-5.0,5.799999],"to":[11.1,8.0,9.799999],"faces":{"east":{"uv":[8.4375,9.0,8.6875,9.8125],"tintindex":0,"rotation":0,"texture":"#1"},"south":{"uv":[7.125,11.875,7.5625,12.6875],"tintindex":0,"rotation":0,"texture":"#1"},"north":{"uv":[6.6875,11.875,7.125,12.6875],"tintindex":0,"rotation":0,"texture":"#1"},"west":{"uv":[4.8125,11.9375,5.0625,12.75],"tintindex":0,"rotation":0,"texture":"#1"},"up":{"uv":[10.75,3.3125,10.3125,3.0625],"tintindex":0,"rotation":0,"texture":"#1"},"down":{"uv":[11.1875,3.0625,10.75,3.3125],"tintindex":0,"rotation":0,"texture":"#1"}}}]}