{"textures":{"8":"modelengine:entity/fallendefender"},"elements":[{"from":[10.0275755,8.963129,7.5101304],"to":[10.821576,9.75713,9.304131],"faces":{"east":{"uv":[8.875,6.375,9.0,6.4375],"tintindex":0,"rotation":0,"texture":"#8"},"south":{"uv":[4.9375,9.375,5.0,9.4375],"tintindex":0,"rotation":0,"texture":"#8"},"north":{"uv":[9.375,4.8125,9.4375,4.875],"tintindex":0,"rotation":0,"texture":"#8"},"west":{"uv":[8.875,6.875,9.0,6.9375],"tintindex":0,"rotation":0,"texture":"#8"},"up":{"uv":[7.5,9.0,7.4375,8.875],"tintindex":0,"rotation":0,"texture":"#8"},"down":{"uv":[7.625,8.875,7.5625,9.0],"tintindex":0,"rotation":0,"texture":"#8"}},"rotation":{"origin":[10.424576,9.360129,8.40713],"angle":-45.0,"axis":"z"}},{"from":[10.0275755,7.163131,7.5101304],"to":[10.821576,7.957131,9.304131],"faces":{"east":{"uv":[6.1875,8.875,6.3125,8.9375],"tintindex":0,"rotation":0,"texture":"#8"},"south":{"uv":[4.8125,9.375,4.875,9.4375],"tintindex":0,"rotation":0,"texture":"#8"},"north":{"uv":[9.375,4.6875,9.4375,4.75],"tintindex":0,"rotation":0,"texture":"#8"},"west":{"uv":[6.375,8.875,6.5,8.9375],"tintindex":0,"rotation":0,"texture":"#8"},"up":{"uv":[8.9375,6.8125,8.875,6.6875],"tintindex":0,"rotation":0,"texture":"#8"},"down":{"uv":[7.125,8.875,7.0625,9.0],"tintindex":0,"rotation":0,"texture":"#8"}},"rotation":{"origin":[10.424576,7.560131,8.40713],"angle":-45.0,"axis":"z"}},{"from":[5.840261,5.7101307,6.4071302],"to":[6.840261,6.7101307,7.4071302],"faces":{"east":{"uv":[9.1875,0.5,9.25,0.5625],"tintindex":0,"rotation":0,"texture":"#8"},"south":{"uv":[0.9375,9.1875,1.0,9.25],"tintindex":0,"rotation":0,"texture":"#8"},"north":{"uv":[0.5,9.1875,0.5625,9.25],"tintindex":0,"rotation":0,"texture":"#8"},"west":{"uv":[1.0625,9.1875,1.125,9.25],"tintindex":0,"rotation":0,"texture":"#8"},"up":{"uv":[1.25,9.25,1.1875,9.1875],"tintindex":0,"rotation":0,"texture":"#8"},"down":{"uv":[1.375,9.1875,1.3125,9.25],"tintindex":0,"rotation":0,"texture":"#8"}},"rotation":{"origin":[6.340261,6.7101307,5.9071302],"angle":-45.0,"axis":"z"}},{"from":[6.340261,4.4101305,6.4071302],"to":[10.340261,8.4101305,10.40713],"faces":{"east":{"uv":[2.9375,3.4375,3.1875,3.6875],"tintindex":0,"rotation":0,"texture":"#8"},"south":{"uv":[1.25,3.5,1.5,3.75],"tintindex":0,"rotation":0,"texture":"#8"},"north":{"uv":[2.625,3.375,2.875,3.625],"tintindex":0,"rotation":0,"texture":"#8"},"west":{"uv":[1.5625,3.5,1.8125,3.75],"tintindex":0,"rotation":0,"texture":"#8"},"up":{"uv":[2.125,3.75,1.875,3.5],"tintindex":0,"rotation":0,"texture":"#8"},"down":{"uv":[3.5,3.5,3.25,3.75],"tintindex":0,"rotation":0,"texture":"#8"}}},{"from":[10.190262,7.5601306,7.50713],"to":[10.990261,9.360129,9.30713],"faces":{"east":{"uv":[7.625,3.875,7.75,4.0],"tintindex":0,"rotation":0,"texture":"#8"},"south":{"uv":[8.875,5.875,8.9375,6.0],"tintindex":0,"rotation":0,"texture":"#8"},"north":{"uv":[5.8125,8.875,5.875,9.0],"tintindex":0,"rotation":0,"texture":"#8"},"west":{"uv":[5.375,7.625,5.5,7.75],"tintindex":0,"rotation":0,"texture":"#8"},"up":{"uv":[6.0,9.0,5.9375,8.875],"tintindex":0,"rotation":0,"texture":"#8"},"down":{"uv":[6.125,8.875,6.0625,9.0],"tintindex":0,"rotation":0,"texture":"#8"}}},{"from":[10.822762,7.6301303,7.7271304],"to":[11.182762,8.99013,9.087131],"faces":{"east":{"uv":[1.5625,7.625,1.6875,7.75],"tintindex":0,"rotation":0,"texture":"#8"},"south":{"uv":[5.5,8.875,5.5625,9.0],"tintindex":0,"rotation":0,"texture":"#8"},"north":{"uv":[8.875,5.3125,8.9375,5.4375],"tintindex":0,"rotation":0,"texture":"#8"},"west":{"uv":[7.625,3.4375,7.75,3.5625],"tintindex":0,"rotation":0,"texture":"#8"},"up":{"uv":[8.9375,5.625,8.875,5.5],"tintindex":0,"rotation":0,"texture":"#8"},"down":{"uv":[8.9375,5.6875,8.875,5.8125],"tintindex":0,"rotation":0,"texture":"#8"}},"rotation":{"origin":[11.002762,8.31013,8.40713],"angle":45.0,"axis":"x"}},{"from":[5.840261,5.7101307,5.4071302],"to":[6.840261,7.7101307,6.4071302],"faces":{"east":{"uv":[2.3125,8.4375,2.375,8.5625],"tintindex":0,"rotation":0,"texture":"#8"},"south":{"uv":[8.4375,6.5,8.5,6.625],"tintindex":0,"rotation":0,"texture":"#8"},"north":{"uv":[1.875,8.4375,1.9375,8.5625],"tintindex":0,"rotation":0,"texture":"#8"},"west":{"uv":[8.4375,6.6875,8.5,6.8125],"tintindex":0,"rotation":0,"texture":"#8"},"up":{"uv":[0.4375,9.25,0.375,9.1875],"tintindex":0,"rotation":0,"texture":"#8"},"down":{"uv":[9.25,0.375,9.1875,0.4375],"tintindex":0,"rotation":0,"texture":"#8"}},"rotation":{"origin":[6.340261,6.7101307,5.9071302],"angle":-45.0,"axis":"z"}}]}