{"textures":{"0":"modelengine:entity/boneshadingdefender","8":"modelengine:entity/fallendefender"},"elements":[{"from":[5.032433,3.721953,9.394],"to":[6.044433,7.733953,10.405999],"faces":{"east":{"uv":[1.9375,7.875,2.0,8.125],"tintindex":0,"rotation":0,"texture":"#8"},"south":{"uv":[2.25,7.875,2.3125,8.125],"tintindex":0,"rotation":0,"texture":"#8"},"north":{"uv":[0.9375,7.875,1.0,8.125],"tintindex":0,"rotation":0,"texture":"#8"},"west":{"uv":[2.375,7.875,2.4375,8.125],"tintindex":0,"rotation":0,"texture":"#8"},"up":{"uv":[9.5,0.0625,9.4375,0.0],"tintindex":0,"rotation":0,"texture":"#8"},"down":{"uv":[0.1875,9.4375,0.125,9.5],"tintindex":0,"rotation":0,"texture":"#8"}},"rotation":{"origin":[5.538433,7.727953,9.5],"angle":-22.5,"axis":"y"}},{"from":[4.9634333,6.102953,6.0],"to":[6.9634333,7.7029533,10.0],"faces":{"east":{"uv":[6.25,2.0625,6.5,2.1875],"tintindex":0,"rotation":0,"texture":"#8"},"south":{"uv":[1.0625,7.8125,1.1875,7.9375],"tintindex":0,"rotation":0,"texture":"#8"},"north":{"uv":[7.8125,1.0,7.9375,1.1],"tintindex":0,"rotation":0,"texture":"#8"},"west":{"uv":[2.4375,6.25,2.6875,6.375],"tintindex":0,"rotation":0,"texture":"#8"},"up":{"uv":[3.4375,6.5,3.3125,6.25],"tintindex":0,"rotation":0,"texture":"#8"},"down":{"uv":[3.625,6.25,3.5,6.5],"tintindex":0,"rotation":0,"texture":"#8"}}},{"from":[8.538433,1.0279531,6.0],"to":[9.538433,2.0279531,7.0],"faces":{"east":{"uv":[9.125,4.9375,9.1875,5.0],"tintindex":0,"rotation":0,"texture":"#8"},"south":{"uv":[5.0625,9.125,5.125,9.1875],"tintindex":0,"rotation":0,"texture":"#8"},"north":{"uv":[4.9375,9.125,5.0,9.1875],"tintindex":0,"rotation":0,"texture":"#8"},"west":{"uv":[9.125,5.0625,9.1875,5.125],"tintindex":0,"rotation":0,"texture":"#8"},"up":{"uv":[5.25,9.1875,5.1875,9.125],"tintindex":0,"rotation":0,"texture":"#8"},"down":{"uv":[5.375,9.125,5.3125,9.1875],"tintindex":0,"rotation":0,"texture":"#8"}},"rotation":{"origin":[9.038433,2.0279531,5.5],"angle":45.0,"axis":"z"}},{"from":[5.1404333,7.6849794,10.346974],"to":[8.936433,8.480979,11.142974],"faces":{"east":{"uv":[9.375,8.5,9.4375,8.5625],"tintindex":0,"rotation":0,"texture":"#8"},"south":{"uv":[5.5625,7.75,5.8125,7.8125],"tintindex":0,"rotation":0,"texture":"#8"},"north":{"uv":[7.75,5.375,8.0,5.4375],"tintindex":0,"rotation":0,"texture":"#8"},"west":{"uv":[9.375,8.625,9.4375,8.6875],"tintindex":0,"rotation":0,"texture":"#8"},"up":{"uv":[8.0,5.875,7.75,5.8125],"tintindex":0,"rotation":0,"texture":"#8"},"down":{"uv":[6.5,7.75,6.25,7.8125],"tintindex":0,"rotation":0,"texture":"#8"}},"rotation":{"origin":[7.038433,8.777952,10.167157],"angle":22.5,"axis":"x"}},{"from":[4.195933,2.9479525,7.32],"to":[4.5559325,4.3079524,8.68],"faces":{"east":{"uv":[7.9375,7.8125,8.0625,7.9375],"tintindex":0,"rotation":0,"texture":"#8"},"south":{"uv":[4.0625,9.0,4.125,9.125],"tintindex":0,"rotation":0,"texture":"#8"},"north":{"uv":[3.9375,9.0,4.0,9.125],"tintindex":0,"rotation":0,"texture":"#8"},"west":{"uv":[8.0,0.25,8.125,0.375],"tintindex":0,"rotation":0,"texture":"#8"},"up":{"uv":[9.0625,4.25,9.0,4.125],"tintindex":0,"rotation":0,"texture":"#8"},"down":{"uv":[4.25,9.0,4.1875,9.125],"tintindex":0,"rotation":0,"texture":"#8"}},"rotation":{"origin":[4.3759327,3.6279526,8.0],"angle":45.0,"axis":"x"}},{"from":[5.063433,3.2279525,6.1],"to":[6.8634334,4.6529527,9.9],"faces":{"east":{"uv":[0.1875,6.3125,0.4375,6.4375],"tintindex":0,"rotation":0,"texture":"#8"},"south":{"uv":[4.1875,7.8125,4.3125,7.9375],"tintindex":0,"rotation":0,"texture":"#8"},"north":{"uv":[7.8125,3.875,7.9375,3.9765625],"tintindex":0,"rotation":0,"texture":"#8"},"west":{"uv":[6.3125,0.375,6.5625,0.5],"tintindex":0,"rotation":0,"texture":"#8"},"up":{"uv":[4.75,6.5,4.625,6.25],"tintindex":0,"rotation":0,"texture":"#8"},"down":{"uv":[1.5,6.3125,1.375,6.5625],"tintindex":0,"rotation":0,"texture":"#8"}}},{"from":[6.3384333,8.252954,10.1625],"to":[7.738433,9.652953,10.5625],"faces":{"east":{"uv":[3.3125,8.9375,3.375,9.0625],"tintindex":0,"rotation":0,"texture":"#8"},"south":{"uv":[7.75,5.1875,7.875,5.3125],"tintindex":0,"rotation":0,"texture":"#8"},"north":{"uv":[7.75,5.0,7.875,5.125],"tintindex":0,"rotation":0,"texture":"#8"},"west":{"uv":[8.9375,6.0625,9.0,6.1875],"tintindex":0,"rotation":0,"texture":"#8"},"up":{"uv":[9.0625,5.125,8.9375,5.0625],"tintindex":0,"rotation":0,"texture":"#8"},"down":{"uv":[9.0625,6.5,8.9375,6.5625],"tintindex":0,"rotation":0,"texture":"#8"}},"rotation":{"origin":[7.038433,9.865454,10.3625],"angle":-22.5,"axis":"x"}},{"from":[8.538433,1.0279531,5.0],"to":[9.538433,3.0279531,6.0],"faces":{"east":{"uv":[5.375,8.375,5.4375,8.5],"tintindex":0,"rotation":0,"texture":"#8"},"south":{"uv":[6.0,8.375,6.0625,8.5],"tintindex":0,"rotation":0,"texture":"#8"},"north":{"uv":[4.625,8.375,4.6875,8.5],"tintindex":0,"rotation":0,"texture":"#8"},"west":{"uv":[6.125,8.375,6.1875,8.5],"tintindex":0,"rotation":0,"texture":"#8"},"up":{"uv":[9.1875,4.75,9.125,4.6875],"tintindex":0,"rotation":0,"texture":"#8"},"down":{"uv":[9.1875,4.8125,9.125,4.875],"tintindex":0,"rotation":0,"texture":"#8"}},"rotation":{"origin":[9.038433,2.0279531,5.5],"angle":45.0,"axis":"z"}},{"from":[4.388433,2.877953,7.1],"to":[5.188433,4.6779523,8.9],"faces":{"east":{"uv":[7.9375,7.4375,8.0625,7.5625],"tintindex":0,"rotation":0,"texture":"#8"},"south":{"uv":[2.25,9.0,2.3125,9.125],"tintindex":0,"rotation":0,"texture":"#8"},"north":{"uv":[1.875,9.0,1.9375,9.125],"tintindex":0,"rotation":0,"texture":"#8"},"west":{"uv":[7.9375,7.625,8.0625,7.75],"tintindex":0,"rotation":0,"texture":"#8"},"up":{"uv":[9.0625,3.0625,9.0,2.9375],"tintindex":0,"rotation":0,"texture":"#8"},"down":{"uv":[9.0625,3.25,9.0,3.375],"tintindex":0,"rotation":0,"texture":"#8"}}},{"from":[5.538433,3.727953,6.5],"to":[8.538433,8.727953,9.5],"faces":{"east":{"uv":[0.004,2.004,5.996,5.996],"tintindex":0,"rotation":0,"texture":"#0"},"south":{"uv":[0.004,2.004,5.996,5.996],"tintindex":0,"rotation":0,"texture":"#0"},"north":{"uv":[0.004,2.004,5.996,8.996],"tintindex":0,"rotation":0,"texture":"#0"},"west":{"uv":[0.004,2.004,5.996,5.996],"tintindex":0,"rotation":0,"texture":"#0"},"up":{"uv":[5.996,0.004,0.004,3.996],"tintindex":0,"rotation":0,"texture":"#0"},"down":{"uv":[5.996,0.004,0.004,3.996],"tintindex":0,"rotation":0,"texture":"#0"}}},{"from":[5.038433,4.9279537,6.05],"to":[9.038433,5.9279537,10.05],"faces":{"east":{"uv":[7.8125,3.625,8.0625,3.6875],"tintindex":0,"rotation":0,"texture":"#8"},"south":{"uv":[7.8125,6.375,8.0625,6.4375],"tintindex":0,"rotation":0,"texture":"#8"},"north":{"uv":[7.8125,1.625,8.0625,1.6875],"tintindex":0,"rotation":0,"texture":"#8"},"west":{"uv":[7.875,3.3125,8.125,3.375],"tintindex":0,"rotation":0,"texture":"#8"},"up":{"uv":[4.125,3.5625,3.875,3.3125],"tintindex":0,"rotation":0,"texture":"#8"},"down":{"uv":[4.125,3.625,3.875,3.875],"tintindex":0,"rotation":0,"texture":"#8"}}},{"from":[4.557119,2.4809535,7.103],"to":[5.3511186,3.2749536,8.897],"faces":{"east":{"uv":[9.0,2.0,9.125,2.0625],"tintindex":0,"rotation":0,"texture":"#8"},"south":{"uv":[3.625,9.4375,3.6875,9.5],"tintindex":0,"rotation":0,"texture":"#8"},"north":{"uv":[3.5,9.4375,3.5625,9.5],"tintindex":0,"rotation":0,"texture":"#8"},"west":{"uv":[9.0,3.4375,9.125,3.5],"tintindex":0,"rotation":0,"texture":"#8"},"up":{"uv":[9.0625,3.6875,9.0,3.5625],"tintindex":0,"rotation":0,"texture":"#8"},"down":{"uv":[9.0625,3.75,9.0,3.875],"tintindex":0,"rotation":0,"texture":"#8"}},"rotation":{"origin":[4.9541187,2.8779535,8.0],"angle":45.0,"axis":"z"}},{"from":[7.163433,6.102953,6.0],"to":[9.163433,7.7029533,10.0],"faces":{"east":{"uv":[6.25,0.875,6.5,1.0],"tintindex":0,"rotation":0,"texture":"#8"},"south":{"uv":[0.75,7.8125,0.875,7.9375],"tintindex":0,"rotation":0,"texture":"#8"},"north":{"uv":[7.8125,0.25,7.9375,0.35],"tintindex":0,"rotation":0,"texture":"#8"},"west":{"uv":[1.0625,6.25,1.3125,6.375],"tintindex":0,"rotation":0,"texture":"#8"},"up":{"uv":[6.375,1.3125,6.25,1.0625],"tintindex":0,"rotation":0,"texture":"#8"},"down":{"uv":[2.125,6.25,2.0,6.5],"tintindex":0,"rotation":0,