{"textures":{"8":"modelengine:entity/fallendefender"},"elements":[{"from":[7.0,7.1636686,2.4047132],"to":[9.0,9.163669,3.4047132],"faces":{"east":{"uv":[8.3125,5.375,8.375,5.5],"tintindex":0,"rotation":0,"texture":"#8"},"south":{"uv":[1.8125,6.875,1.9375,7.0],"tintindex":0,"rotation":0,"texture":"#8"},"north":{"uv":[6.875,1.0625,7.0,1.1875],"tintindex":0,"rotation":0,"texture":"#8"},"west":{"uv":[5.75,8.3125,5.8125,8.4375],"tintindex":0,"rotation":0,"texture":"#8"},"up":{"uv":[2.9375,2.3125,2.8125,2.25],"tintindex":0,"rotation":0,"texture":"#8"},"down":{"uv":[3.8125,1.375,3.6875,1.4375],"tintindex":0,"rotation":0,"texture":"#8"}}},{"from":[6.987,8.813169,2.1042132],"to":[9.003,9.829169,4.120213],"faces":{"east":{"uv":[8.4375,4.3125,8.5625,4.375],"tintindex":0,"rotation":0,"texture":"#8"},"south":{"uv":[4.375,8.4375,4.5,8.5],"tintindex":0,"rotation":0,"texture":"#8"},"north":{"uv":[8.4375,4.1875,8.5625,4.25],"tintindex":0,"rotation":0,"texture":"#8"},"west":{"uv":[8.4375,4.4375,8.5625,4.5],"tintindex":0,"rotation":0,"texture":"#8"},"up":{"uv":[7.3125,0.8125,7.1875,0.6875],"tintindex":0,"rotation":0,"texture":"#8"},"down":{"uv":[7.3125,0.875,7.1875,1.0],"tintindex":0,"rotation":0,"texture":"#8"}},"rotation":{"origin":[6.995,9.321169,2.6997132],"angle":45.0,"axis":"x"}},{"from":[6.1,8.163669,7.404713],"to":[9.9,10.163669,10.304713],"faces":{"east":{"uv":[3.0,2.75,3.1875,2.875],"tintindex":0,"rotation":0,"texture":"#8"},"south":{"uv":[5.25,0.0,5.5,0.125],"tintindex":0,"rotation":0,"texture":"#8"},"north":{"uv":[1.9375,5.1875,2.1875,5.3125],"tintindex":0,"rotation":0,"texture":"#8"},"west":{"uv":[1.3125,3.0625,1.5,3.1875],"tintindex":0,"rotation":0,"texture":"#8"},"up":{"uv":[0.25,4.5625,0.0,4.375],"tintindex":0,"rotation":0,"texture":"#8"},"down":{"uv":[3.5,4.375,3.25,4.5625],"tintindex":0,"rotation":0,"texture":"#8"}}},{"from":[5.995,7.1586685,3.399713],"to":[10.005,9.168669,10.409713],"faces":{"east":{"uv":[4.3125,0.875,4.75,1.0],"tintindex":0,"rotation":0,"texture":"#8"},"south":{"uv":[5.3125,2.0625,5.5625,2.1875],"tintindex":0,"rotation":0,"texture":"#8"},"north":{"uv":[5.25,5.125,5.5,5.25],"tintindex":0,"rotation":0,"texture":"#8"},"west":{"uv":[4.3125,1.0625,4.75,1.1875],"tintindex":0,"rotation":0,"texture":"#8"},"up":{"uv":[3.1875,3.375,2.9375,2.9375],"tintindex":0,"rotation":0,"texture":"#8"},"down":{"uv":[3.25,2.25,3.0,2.6875],"tintindex":0,"rotation":0,"texture":"#8"}}}]}