{"textures":{"8":"modelengine:entity/fallendefender"},"elements":[{"from":[6.997,8.8132,2.1042],"to":[9.0130005,9.829201,4.1201997],"faces":{"east":{"uv":[8.4375,4.8125,8.5625,4.875],"tintindex":0,"rotation":0,"texture":"#8"},"south":{"uv":[8.4375,5.375,8.5625,5.4375],"tintindex":0,"rotation":0,"texture":"#8"},"north":{"uv":[4.75,8.4375,4.875,8.5],"tintindex":0,"rotation":0,"texture":"#8"},"west":{"uv":[5.5,8.4375,5.625,8.5],"tintindex":0,"rotation":0,"texture":"#8"},"up":{"uv":[7.3125,2.125,7.1875,2.0],"tintindex":0,"rotation":0,"texture":"#8"},"down":{"uv":[7.3125,2.375,7.1875,2.5],"tintindex":0,"rotation":0,"texture":"#8"}},"rotation":{"origin":[9.005,9.3212,2.6996999],"angle":45.0,"axis":"x"}},{"from":[5.995,7.1587,3.3996997],"to":[10.005,9.1687,10.4097],"faces":{"east":{"uv":[1.625,4.3125,2.0625,4.4375],"tintindex":0,"rotation":0,"texture":"#8"},"south":{"uv":[5.5625,2.6875,5.8125,2.8125],"tintindex":0,"rotation":0,"texture":"#8"},"north":{"uv":[2.625,5.5625,2.875,5.6875],"tintindex":0,"rotation":0,"texture":"#8"},"west":{"uv":[4.3125,1.75,4.75,1.875],"tintindex":0,"rotation":0,"texture":"#8"},"up":{"uv":[3.3125,0.75,3.0625,0.3125],"tintindex":0,"rotation":0,"texture":"#8"},"down":{"uv":[0.625,3.0625,0.375,3.5],"tintindex":0,"rotation":0,"texture":"#8"}}},{"from":[7.0,7.1637,2.4046998],"to":[9.0,9.1637,3.4046998],"faces":{"east":{"uv":[7.0625,8.375,7.125,8.5],"tintindex":0,"rotation":0,"texture":"#8"},"south":{"uv":[7.1875,1.4375,7.3125,1.5625],"tintindex":0,"rotation":0,"texture":"#8"},"north":{"uv":[7.1875,1.25,7.3125,1.375],"tintindex":0,"rotation":0,"texture":"#8"},"west":{"uv":[0.875,8.4375,0.9375,8.5625],"tintindex":0,"rotation":0,"texture":"#8"},"up":{"uv":[8.5625,4.625,8.4375,4.5625],"tintindex":0,"rotation":0,"texture":"#8"},"down":{"uv":[8.5625,4.6875,8.4375,4.75],"tintindex":0,"rotation":0,"texture":"#8"}}},{"from":[6.1,8.1637,7.4047003],"to":[9.9,10.1637,10.3047],"faces":{"east":{"uv":[6.5625,2.0625,6.75,2.1875],"tintindex":0,"rotation":0,"texture":"#8"},"south":{"uv":[5.5625,1.125,5.8125,1.25],"tintindex":0,"rotation":0,"texture":"#8"},"north":{"uv":[5.5625,0.375,5.8125,0.5],"tintindex":0,"rotation":0,"texture":"#8"},"west":{"uv":[6.5625,2.4375,6.75,2.5625],"tintindex":0,"rotation":0,"texture":"#8"},"up":{"uv":[4.375,4.6875,4.125,4.5],"tintindex":0,"rotation":0,"texture":"#8"},"down":{"uv":[4.6875,4.5,4.4375,4.6875],"tintindex":0,"rotation":0,"texture":"#8"}}}]}