{"textures":{"6":"modelengine:entity/fdefender_sfe_start"},"elements":[{"from":[8.0,1.833333,-8.666666],"to":[8.0,14.166667,24.666668],"faces":{"east":{"uv":[1.15725,0.001,2.3115,3.124],"tintindex":0,"rotation":90,"texture":"#6"},"south":{"uv":[9.3135,9.0635,9.374,9.124],"tintindex":0,"rotation":0,"texture":"#6"},"north":{"uv":[9.0635,9.3135,9.124,9.374],"tintindex":0,"rotation":0,"texture":"#6"},"west":{"uv":[1.15725,3.124,2.3115,0.001],"tintindex":0,"rotation":90,"texture":"#6"},"up":{"uv":[8.3115,5.624,8.251,5.4385],"tintindex":0,"rotation":0,"texture":"#6"},"down":{"uv":[5.5615,8.251,5.501,8.4365],"tintindex":0,"rotation":0,"texture":"#6"}}}]}