{"textures":{"6":"modelengine:entity/fdefender_sfe_start"},"elements":[{"from":[8.0,1.833333,-8.666666],"to":[8.0,14.166667,24.666668],"faces":{"east":{"uv":[15.21875,0.21875,16.0,2.25],"tintindex":0,"rotation":90,"texture":"#6"},"south":{"uv":[15.21875,0.21875,16.0,2.25],"tintindex":0,"rotation":90,"texture":"#6"},"north":{"uv":[15.21875,0.21875,16.0,2.25],"tintindex":0,"rotation":90,"texture":"#6"},"west":{"uv":[15.21875,0.21875,16.0,2.25],"tintindex":0,"rotation":90,"texture":"#6"},"up":{"uv":[15.21875,0.21875,16.0,2.25],"tintindex":0,"rotation":90,"texture":"#6"},"down":{"uv":[15.21875,0.21875,16.0,2.25],"tintindex":0,"rotation":90,"texture":"#6"}}}]}