{"textures":{"0":"modelengine:entity/voras"},"elements":[{"from":[4.3957396,-0.5,2.1471548],"to":[4.3957396,9.5,4.147155],"faces":{"east":{"uv":[6.75375,9.19125,6.87125,9.80875],"tintindex":0,"rotation":0,"texture":"#0"},"west":{"uv":[6.75375,9.19125,6.87125,9.80875],"tintindex":0,"rotation":0,"texture":"#0"}},"rotation":{"origin":[4.3957396,4.5,3.6471548],"angle":45.0,"axis":"y"}},{"from":[7.75,-3.5,6.0],"to":[7.75,2.5,14.0],"faces":{"east":{"uv":[2.44125,8.81625,2.93375,9.18375],"tintindex":0,"rotation":0,"texture":"#0"},"west":{"uv":[2.93375,8.81625,2.44125,9.18375],"tintindex":0,"rotation":0,"texture":"#0"}}},{"from":[4.75,-3.3858204,4.574025],"to":[11.75,-0.38581944,4.574025],"faces":{"south":{"uv":[6.62875,1.50375,7.05875,1.68375],"tintindex":0,"rotation":0,"texture":"#0"},"north":{"uv":[6.62875,1.50375,7.05875,1.68375],"tintindex":0,"rotation":0,"texture":"#0"}},"rotation":{"origin":[8.25,-1.8858204,4.574025],"angle":-22.5,"axis":"x"}},{"from":[4.75,-0.5,4.000001],"to":[11.75,9.5,11.0],"faces":{"east":{"uv":[0.00375,8.12875,0.43375,8.74625],"tintindex":0,"rotation":0,"texture":"#0"},"south":{"uv":[6.87875,8.25375,7.30875,8.87125],"tintindex":0,"rotation":0,"texture":"#0"},"north":{"uv":[6.44125,8.06625,6.87125,8.68375],"tintindex":0,"rotation":0,"texture":"#0"},"west":{"uv":[7.31625,8.25375,7.74625,8.87125],"tintindex":0,"rotation":0,"texture":"#0"},"up":{"uv":[6.49625,9.12125,6.06625,8.69125],"tintindex":0,"rotation":0,"texture":"#0"},"down":{"uv":[0.43375,8.75375,0.00375,9.18375],"tintindex":0,"rotation":0,"texture":"#0"}}}]}