{"textures":{"0":"modelengine:entity/voras"},"elements":[{"from":[4.25,-0.5,4.000001],"to":[11.25,9.5,11.0],"faces":{"east":{"uv":[7.74625,8.25375,7.31625,8.87125],"tintindex":0,"rotation":0,"texture":"#0"},"south":{"uv":[7.30875,8.25375,6.87875,8.87125],"tintindex":0,"rotation":0,"texture":"#0"},"north":{"uv":[6.87125,8.06625,6.44125,8.68375],"tintindex":0,"rotation":0,"texture":"#0"},"west":{"uv":[0.43375,8.12875,0.00375,8.74625],"tintindex":0,"rotation":0,"texture":"#0"},"up":{"uv":[6.06625,9.12125,6.49625,8.69125],"tintindex":0,"rotation":0,"texture":"#0"},"down":{"uv":[0.00375,8.75375,0.43375,9.18375],"tintindex":0,"rotation":0,"texture":"#0"}}},{"from":[4.25,-3.3858204,4.574025],"to":[11.25,-0.38581944,4.574025],"faces":{"south":{"uv":[7.05875,1.50375,6.62875,1.68375],"tintindex":0,"rotation":0,"texture":"#0"},"north":{"uv":[7.05875,1.50375,6.62875,1.68375],"tintindex":0,"rotation":0,"texture":"#0"}},"rotation":{"origin":[7.75,-1.8858204,4.574025],"angle":-22.5,"axis":"x"}},{"from":[11.60426,-0.5,2.1471548],"to":[11.60426,9.5,4.147155],"faces":{"east":{"uv":[6.87125,9.19125,6.75375,9.80875],"tintindex":0,"rotation":0,"texture":"#0"},"west":{"uv":[6.87125,9.19125,6.75375,9.80875],"tintindex":0,"rotation":0,"texture":"#0"}},"rotation":{"origin":[11.60426,4.5,3.6471548],"angle":-45.0,"axis":"y"}},{"from":[8.25,-3.5,6.0],"to":[8.25,2.5,14.0],"faces":{"east":{"uv":[2.44125,8.81625,2.93375,9.18375],"tintindex":0,"rotation":0,"texture":"#0"},"west":{"uv":[2.93375,8.81625,2.44125,9.18375],"tintindex":0,"rotation":0,"texture":"#0"}}}]}