{"textures":{"0":"modelengine:entity/voras"},"elements":[{"from":[2.5,3.75,-2.0],"to":[13.5,11.75,8.0],"faces":{"east":{"uv":[8.06625,1.56625,8.68375,2.05875],"tintindex":0,"rotation":0,"texture":"#0"},"south":{"uv":[7.87875,6.62875,8.55875,7.12125],"tintindex":0,"rotation":0,"texture":"#0"},"north":{"uv":[7.75375,6.12875,8.43375,6.62125],"tintindex":0,"rotation":0,"texture":"#0"},"west":{"uv":[1.94125,8.06625,2.55875,8.55875],"tintindex":0,"rotation":0,"texture":"#0"},"up":{"uv":[7.12125,8.05875,6.44125,7.44125],"tintindex":0,"rotation":0,"texture":"#0"},"down":{"uv":[0.68375,7.50375,0.00375,8.12125],"tintindex":0,"rotation":0,"texture":"#0"}}},{"from":[10.0,8.25,-3.0],"to":[14.0,12.25,1.0],"faces":{"east":{"uv":[9.62125,0.00375,9.37875,0.24625],"tintindex":0,"rotation":0,"texture":"#0"},"south":{"uv":[9.55875,8.44125,9.31625,8.68375],"tintindex":0,"rotation":0,"texture":"#0"},"north":{"uv":[2.12125,4.62875,1.87875,4.87125],"tintindex":0,"rotation":0,"texture":"#0"},"west":{"uv":[9.55875,8.19125,9.31625,8.43375],"tintindex":0,"rotation":0,"texture":"#0"},"up":{"uv":[4.31625,9.62125,4.55875,9.37875],"tintindex":0,"rotation":0,"texture":"#0"},"down":{"uv":[9.37875,4.50375,9.62125,4.74625],"tintindex":0,"rotation":0,"texture":"#0"}}},{"from":[8.5,-2.25,-3.0],"to":[8.5,3.75,7.0],"faces":{"east":{"uv":[7.75375,8.50375,8.37125,8.87125],"tintindex":0,"rotation":0,"texture":"#0"},"west":{"uv":[8.37125,8.50375,7.75375,8.87125],"tintindex":0,"rotation":0,"texture":"#0"}},"rotation":{"origin":[8.5,0.75,3.0],"angle":45.0,"axis":"y"}},{"from":[2.0,8.25,-3.0],"to":[6.0,12.25,1.0],"faces":{"east":{"uv":[9.31625,8.19125,9.55875,8.43375],"tintindex":0,"rotation":0,"texture":"#0"},"south":{"uv":[9.31625,8.44125,9.55875,8.68375],"tintindex":0,"rotation":0,"texture":"#0"},"north":{"uv":[1.87875,4.62875,2.12125,4.87125],"tintindex":0,"rotation":0,"texture":"#0"},"west":{"uv":[9.37875,0.00375,9.62125,0.24625],"tintindex":0,"rotation":0,"texture":"#0"},"up":{"uv":[4.55875,9.62125,4.31625,9.37875],"tintindex":0,"rotation":0,"texture":"#0"},"down":{"uv":[9.62125,4.50375,9.37875,4.74625],"tintindex":0,"rotation":0,"texture":"#0"}}}]}