{"textures":{"0":"modelengine:entity/voras"},"elements":[{"from":[5.5,-8.0,5.5],"to":[10.5,0.0,10.5],"faces":{"east":{"uv":[8.56625,8.87875,8.87125,9.37125],"tintindex":0,"rotation":0,"texture":"#0"},"south":{"uv":[8.56625,8.87875,8.87125,9.37125],"tintindex":0,"rotation":0,"texture":"#0"},"north":{"uv":[8.56625,8.87875,8.87125,9.37125],"tintindex":0,"rotation":0,"texture":"#0"},"west":{"uv":[8.56625,8.87875,8.87125,9.37125],"tintindex":0,"rotation":0,"texture":"#0"},"up":{"uv":[9.37125,0.30875,9.06625,0.00375],"tintindex":0,"rotation":0,"texture":"#0"},"down":{"uv":[9.49625,1.31625,9.19125,1.62125],"tintindex":0,"rotation":0,"texture":"#0"}}},{"from":[6.5,0.0,8.0],"to":[9.5,2.0,8.0],"faces":{"south":{"uv":[8.81625,8.37875,8.99625,8.49625],"tintindex":0,"rotation":0,"texture":"#0"},"north":{"uv":[8.81625,8.25375,8.99625,8.37125],"tintindex":0,"rotation":0,"texture":"#0"}}},{"from":[8.0,1.0,6.5],"to":[8.0,8.0,9.5],"faces":{"east":{"uv":[1.87125,9.19125,1.69125,9.62125],"tintindex":0,"rotation":0,"texture":"#0"},"west":{"uv":[1.69125,9.19125,1.87125,9.62125],"tintindex":0,"rotation":0,"texture":"#0"}}}]}