{"textures":{"0":"modelengine:entity/voras"},"elements":[{"from":[6.0,-1.0,5.0],"to":[10.0,8.0,8.0],"faces":{"east":{"uv":[0.37125,9.19125,0.19125,9.74625],"tintindex":0,"rotation":0,"texture":"#0"},"south":{"uv":[0.68375,8.94125,0.44125,9.49625],"tintindex":0,"rotation":0,"texture":"#0"},"north":{"uv":[5.80875,7.75375,5.56625,8.30875],"tintindex":0,"rotation":0,"texture":"#0"},"west":{"uv":[0.18375,9.19125,0.00375,9.74625],"tintindex":0,"rotation":0,"texture":"#0"},"up":{"uv":[6.87875,8.24625,7.12125,8.06625],"tintindex":0,"rotation":0,"texture":"#0"},"down":{"uv":[0.44125,8.12875,0.68375,8.30875],"tintindex":0,"rotation":0,"texture":"#0"}}},{"from":[7.0,8.0,6.0],"to":[9.0,11.0,8.0],"faces":{"east":{"uv":[5.30875,9.44125,5.19125,9.62125],"tintindex":0,"rotation":0,"texture":"#0"},"south":{"uv":[2.55875,8.56625,2.44125,8.74625],"tintindex":0,"rotation":0,"texture":"#0"},"north":{"uv":[2.68375,8.06625,2.56625,8.24625],"tintindex":0,"rotation":0,"texture":"#0"},"west":{"uv":[8.55875,6.31625,8.44125,6.49625],"tintindex":0,"rotation":0,"texture":"#0"},"up":{"uv":[8.44125,6.62125,8.55875,6.50375],"tintindex":0,"rotation":0,"texture":"#0"},"down":{"uv":[9.44125,4.37875,9.55875,4.49625],"tintindex":0,"rotation":0,"texture":"#0"}}},{"from":[8.0,-1.0,3.0],"to":[8.0,8.0,5.0],"faces":{"east":{"uv":[7.30875,9.31625,7.19125,9.87125],"tintindex":0,"rotation":0,"texture":"#0"},"west":{"uv":[7.30875,9.31625,7.19125,9.87125],"tintindex":0,"rotation":0,"texture":"#0"}},"rotation":{"origin":[8.0,3.0,7.0],"angle":-22.5,"axis":"y"}}]}