{"textures":{"0":"modelengine:entity/voras"},"elements":[{"from":[7.0,3.0,9.0],"to":[9.0,5.0,14.999999],"faces":{"east":{"uv":[9.00375,7.00375,9.37125,7.12125],"tintindex":0,"rotation":0,"texture":"#0"},"south":{"uv":[5.69125,9.44125,5.80875,9.55875],"tintindex":0,"rotation":0,"texture":"#0"},"north":{"uv":[9.44125,5.62875,9.55875,5.74625],"tintindex":0,"rotation":0,"texture":"#0"},"west":{"uv":[9.37875,8.06625,9.74625,8.18375],"tintindex":0,"rotation":0,"texture":"#0"},"up":{"uv":[9.55875,2.37125,9.44125,2.00375],"tintindex":0,"rotation":0,"texture":"#0"},"down":{"uv":[9.55875,3.62875,9.44125,3.99625],"tintindex":0,"rotation":0,"texture":"#0"}}},{"from":[7.0,3.0,7.0],"to":[9.0,9.0,9.0],"faces":{"east":{"uv":[8.69125,9.37875,8.80875,9.74625],"tintindex":0,"rotation":0,"texture":"#0"},"south":{"uv":[9.37875,9.12875,9.49625,9.49625],"tintindex":0,"rotation":0,"texture":"#0"},"north":{"uv":[4.56625,9.37875,4.68375,9.74625],"tintindex":0,"rotation":0,"texture":"#0"},"west":{"uv":[9.44125,1.62875,9.55875,1.99625],"tintindex":0,"rotation":0,"texture":"#0"},"up":{"uv":[9.55875,5.62125,9.44125,5.50375],"tintindex":0,"rotation":0,"texture":"#0"},"down":{"uv":[5.68375,9.44125,5.56625,9.55875],"tintindex":0,"rotation":0,"texture":"#0"}}},{"from":[8.0,3.0,9.0],"to":[8.0,11.0,19.0],"faces":{"east":{"uv":[8.06625,2.06625,8.68375,2.55875],"tintindex":0,"rotation":0,"texture":"#0"},"west":{"uv":[8.68375,2.06625,8.06625,2.55875],"tintindex":0,"rotation":0,"texture":"#0"}}}]}