{"textures":{"0":"modelengine:entity/skog"},"elements":[{"from":[3.5,-7.000001,2.0],"to":[9.5,14.999998,15.0],"faces":{"east":{"uv":[2.627,7.4395,3.4355,8.8105],"tintindex":0,"rotation":0,"texture":"#0"},"south":{"uv":[8.6895,9.6895,9.0605,11.0605],"tintindex":0,"rotation":0,"texture":"#0"},"north":{"uv":[8.3145,9.627,8.6855,10.998],"tintindex":0,"rotation":0,"texture":"#0"},"west":{"uv":[3.4395,7.4395,4.248,8.8105],"tintindex":0,"rotation":0,"texture":"#0"},"up":{"uv":[5.748,11.5605,5.377,10.752],"tintindex":0,"rotation":0,"texture":"#0"},"down":{"uv":[10.498,10.8145,10.127,11.623],"tintindex":0,"rotation":0,"texture":"#0"}}},{"from":[0.5,10.0,2.0],"to":[3.5,14.999998,18.0],"faces":{"east":{"uv":[10.8145,0.002,11.8105,0.3105],"tintindex":0,"rotation":0,"texture":"#0"},"south":{"uv":[12.1895,4.002,12.373,4.3105],"tintindex":0,"rotation":0,"texture":"#0"},"north":{"uv":[3.1895,12.1895,3.373,12.498],"tintindex":0,"rotation":0,"texture":"#0"},"west":{"uv":[10.8145,3.6895,11.8105,3.998],"tintindex":0,"rotation":0,"texture":"#0"},"up":{"uv":[5.748,12.5605,5.5645,11.5645],"tintindex":0,"rotation":0,"texture":"#0"},"down":{"uv":[6.8105,11.8145,6.627,12.8105],"tintindex":0,"rotation":0,"texture":"#0"}}},{"from":[-0.5,-1.0,1.0],"to":[4.5,10.0,16.0],"faces":{"east":{"uv":[9.252,6.8145,10.1855,7.498],"tintindex":0,"rotation":0,"texture":"#0"},"south":{"uv":[0.377,11.6895,0.6855,12.373],"tintindex":0,"rotation":0,"texture":"#0"},"north":{"uv":[9.9395,11.627,10.248,12.3105],"tintindex":0,"rotation":0,"texture":"#0"},"west":{"uv":[9.377,0.752,10.3105,1.4355],"tintindex":0,"rotation":0,"texture":"#0"},"up":{"uv":[8.623,11.9355,8.3145,11.002],"tintindex":0,"rotation":0,"texture":"#0"},"down":{"uv":[11.3105,9.8145,11.002,10.748],"tintindex":0,"rotation":0,"texture":"#0"}}}]}