{"textures":{"0":"modelengine:entity/skog"},"elements":[{"from":[2.9547558,-11.576855,4.698903],"to":[7.954756,9.423145,11.698902],"faces":{"east":{"uv":[2.002,9.627,2.4355,10.9355],"tintindex":0,"rotation":0,"texture":"#0"},"south":{"uv":[3.1895,10.1895,3.498,11.498],"tintindex":0,"rotation":0,"texture":"#0"},"north":{"uv":[4.627,9.8145,4.9355,11.123],"tintindex":0,"rotation":0,"texture":"#0"},"west":{"uv":[7.877,9.627,8.3105,10.9355],"tintindex":0,"rotation":0,"texture":"#0"},"up":{"uv":[10.623,1.4355,10.3145,1.002],"tintindex":0,"rotation":0,"texture":"#0"},"down":{"uv":[6.3105,12.002,6.002,12.4355],"tintindex":0,"rotation":0,"texture":"#0"}},"rotation":{"origin":[7.1860085,1.4540062,14.650366],"angle":-22.5,"axis":"z"}}]}