{"textures":{"0":"modelengine:entity/skog"},"elements":[{"from":[6.923889,-0.49009705,6.7808876],"to":[10.923889,12.509903,10.780888],"faces":{"east":{"uv":[11.752,6.4395,11.998,7.248],"tintindex":0,"rotation":0,"texture":"#0"},"south":{"uv":[11.8145,3.002,12.0605,3.8105],"tintindex":0,"rotation":0,"texture":"#0"},"north":{"uv":[11.752,2.1895,11.998,2.998],"tintindex":0,"rotation":0,"texture":"#0"},"west":{"uv":[6.377,11.8145,6.623,12.623],"tintindex":0,"rotation":0,"texture":"#0"},"up":{"uv":[12.3105,9.123,12.0645,8.877],"tintindex":0,"rotation":0,"texture":"#0"},"down":{"uv":[12.3105,9.127,12.0645,9.373],"tintindex":0,"rotation":0,"texture":"#0"}}},{"from":[13.83243,-1.7857227,7.7808876],"to":[22.83243,2.2142773,9.780888],"faces":{"east":{"uv":[8.627,9.0645,8.748,9.3105],"tintindex":0,"rotation":0,"texture":"#0"},"south":{"uv":[12.002,6.252,12.5605,6.498],"tintindex":0,"rotation":0,"texture":"#0"},"north":{"uv":[12.002,6.002,12.5605,6.248],"tintindex":0,"rotation":0,"texture":"#0"},"west":{"uv":[8.627,9.3145,8.748,9.5605],"tintindex":0,"rotation":0,"texture":"#0"},"up":{"uv":[11.8105,3.6855,11.252,3.5645],"tintindex":0,"rotation":0,"texture":"#0"},"down":{"uv":[12.373,3.877,11.8145,3.998],"tintindex":0,"rotation":0,"texture":"#0"}},"rotation":{"origin":[14.107595,12.200539,12.1691475],"angle":-22.5,"axis":"z"}}]}