{"textures":{"0":"modelengine:entity/skog"},"elements":[{"from":[5.590164,-3.5521202,6.2816467],"to":[9.590164,9.44788,10.281647],"faces":{"east":{"uv":[1.4395,11.6895,1.6855,12.498],"tintindex":0,"rotation":0,"texture":"#0"},"south":{"uv":[4.252,11.6895,4.498,12.498],"tintindex":0,"rotation":0,"texture":"#0"},"north":{"uv":[10.252,11.627,10.498,12.4355],"tintindex":0,"rotation":0,"texture":"#0"},"west":{"uv":[11.6895,10.5645,11.9355,11.373],"tintindex":0,"rotation":0,"texture":"#0"},"up":{"uv":[12.3105,8.623,12.0645,8.377],"tintindex":0,"rotation":0,"texture":"#0"},"down":{"uv":[12.3105,8.627,12.0645,8.873],"tintindex":0,"rotation":0,"texture":"#0"}}},{"from":[10.580595,-7.3242817,7.2816467],"to":[19.580595,-3.3242817,9.281647],"faces":{"east":{"uv":[5.877,2.877,5.998,3.123],"tintindex":0,"rotation":0,"texture":"#0"},"south":{"uv":[11.877,9.9395,12.4355,10.1855],"tintindex":0,"rotation":0,"texture":"#0"},"north":{"uv":[11.877,0.4395,12.4355,0.6855],"tintindex":0,"rotation":0,"texture":"#0"},"west":{"uv":[5.877,3.127,5.998,3.373],"tintindex":0,"rotation":0,"texture":"#0"},"up":{"uv":[9.8105,5.498,9.252,5.377],"tintindex":0,"rotation":0,"texture":"#0"},"down":{"uv":[10.373,5.377,9.8145,5.498],"tintindex":0,"rotation":0,"texture":"#0"}},"rotation":{"origin":[18.040007,3.0787568,17.95795],"angle":-22.5,"axis":"z"}}]}