{"textures":{"0":"modelengine:entity/skog"},"elements":[{"from":[-5.109686,-0.4361744,7.321679],"to":[3.890314,3.563826,9.321679],"faces":{"east":{"uv":[8.748,9.3145,8.627,9.5605],"tintindex":0,"rotation":0,"texture":"#0"},"south":{"uv":[12.5605,6.252,12.002,6.498],"tintindex":0,"rotation":0,"texture":"#0"},"north":{"uv":[12.5605,6.002,12.002,6.248],"tintindex":0,"rotation":0,"texture":"#0"},"west":{"uv":[8.748,9.0645,8.627,9.3105],"tintindex":0,"rotation":0,"texture":"#0"},"up":{"uv":[11.252,3.6855,11.8105,3.5645],"tintindex":0,"rotation":0,"texture":"#0"},"down":{"uv":[11.8145,3.877,12.373,3.998],"tintindex":0,"rotation":0,"texture":"#0"}},"rotation":{"origin":[3.6151485,13.550087,11.709939],"angle":22.5,"axis":"z"}},{"from":[6.798855,0.8594518,6.321679],"to":[10.798855,13.859451,10.321679],"faces":{"east":{"uv":[6.623,11.8145,6.377,12.623],"tintindex":0,"rotation":0,"texture":"#0"},"south":{"uv":[12.0605,3.002,11.8145,3.8105],"tintindex":0,"rotation":0,"texture":"#0"},"north":{"uv":[11.998,2.1895,11.752,2.998],"tintindex":0,"rotation":0,"texture":"#0"},"west":{"uv":[11.998,6.4395,11.752,7.248],"tintindex":0,"rotation":0,"texture":"#0"},"up":{"uv":[12.0645,9.123,12.3105,8.877],"tintindex":0,"rotation":0,"texture":"#0"},"down":{"uv":[12.0645,9.127,12.3105,9.373],"tintindex":0,"rotation":0,"texture":"#0"}}}]}