{"textures":{"0":"modelengine:entity/skog"},"elements":[{"from":[4.5,-6.0,11.0],"to":[11.5,2.999999,17.0],"faces":{"east":{"uv":[12.0605,9.002,11.6895,9.5605],"tintindex":0,"rotation":0,"texture":"#0"},"south":{"uv":[11.748,6.4395,11.3145,6.998],"tintindex":0,"rotation":0,"texture":"#0"},"north":{"uv":[9.373,11.252,8.9395,11.8105],"tintindex":0,"rotation":0,"texture":"#0"},"west":{"uv":[12.0605,8.4395,11.6895,8.998],"tintindex":0,"rotation":0,"texture":"#0"},"up":{"uv":[7.627,12.248,8.0605,11.877],"tintindex":0,"rotation":0,"texture":"#0"},"down":{"uv":[11.877,9.5645,12.3105,9.9355],"tintindex":0,"rotation":0,"texture":"#0"}}},{"from":[4.5,2.999999,5.0],"to":[11.5,12.0,20.0],"faces":{"east":{"uv":[5.998,9.6895,5.0645,10.248],"tintindex":0,"rotation":0,"texture":"#0"},"south":{"uv":[7.6855,11.252,7.252,11.8105],"tintindex":0,"rotation":0,"texture":"#0"},"north":{"uv":[7.248,11.252,6.8145,11.8105],"tintindex":0,"rotation":0,"texture":"#0"},"west":{"uv":[10.623,1.4395,9.6895,1.998],"tintindex":0,"rotation":0,"texture":"#0"},"up":{"uv":[10.1895,9.873,10.623,8.9395],"tintindex":0,"rotation":0,"texture":"#0"},"down":{"uv":[10.1895,9.877,10.623,10.8105],"tintindex":0,"rotation":0,"texture":"#0"}}}]}