{"textures":{"0":"modelengine:entity/skog"},"elements":[{"from":[-3.684616,-8.038969,6.065752],"to":[5.315384,-4.038969,8.065752],"faces":{"east":{"uv":[5.998,3.127,5.877,3.373],"tintindex":0,"rotation":0,"texture":"#0"},"south":{"uv":[12.4355,9.9395,11.877,10.1855],"tintindex":0,"rotation":0,"texture":"#0"},"north":{"uv":[12.4355,0.4395,11.877,0.6855],"tintindex":0,"rotation":0,"texture":"#0"},"west":{"uv":[5.998,2.877,5.877,3.123],"tintindex":0,"rotation":0,"texture":"#0"},"up":{"uv":[9.252,5.498,9.8105,5.377],"tintindex":0,"rotation":0,"texture":"#0"},"down":{"uv":[9.8145,5.377,10.373,5.498],"tintindex":0,"rotation":0,"texture":"#0"}},"rotation":{"origin":[-2.1440277,2.3640695,16.742054],"angle":22.5,"axis":"z"}},{"from":[6.3058147,-4.2668076,5.065752],"to":[10.305813,8.733192,9.065752],"faces":{"east":{"uv":[11.9355,10.5645,11.6895,11.373],"tintindex":0,"rotation":0,"texture":"#0"},"south":{"uv":[4.498,11.6895,4.252,12.498],"tintindex":0,"rotation":0,"texture":"#0"},"north":{"uv":[10.498,11.627,10.252,12.4355],"tintindex":0,"rotation":0,"texture":"#0"},"west":{"uv":[1.6855,11.6895,1.4395,12.498],"tintindex":0,"rotation":0,"texture":"#0"},"up":{"uv":[12.0645,8.623,12.3105,8.377],"tintindex":0,"rotation":0,"texture":"#0"},"down":{"uv":[12.0645,8.627,12.3105,8.873],"tintindex":0,"rotation":0,"texture":"#0"}}}]}