{"textures":{"0":"modelengine:entity/skog"},"elements":[{"from":[2.7103958,-0.250206,4.6655574],"to":[6.210396,5.749794,8.665558],"faces":{"east":{"uv":[11.123,1.002,10.627,1.748],"tintindex":0,"rotation":0,"texture":"#0"},"south":{"uv":[5.373,10.752,4.9395,11.498],"tintindex":0,"rotation":0,"texture":"#0"},"north":{"uv":[2.873,10.752,2.4395,11.498],"tintindex":0,"rotation":0,"texture":"#0"},"west":{"uv":[0.498,10.627,0.002,11.373],"tintindex":0,"rotation":0,"texture":"#0"},"up":{"uv":[10.9395,11.998,11.373,11.502],"tintindex":0,"rotation":0,"texture":"#0"},"down":{"uv":[11.377,11.502,11.8105,11.998],"tintindex":0,"rotation":0,"texture":"#0"}},"rotation":{"origin":[2.875,9.375,9.5],"angle":22.5,"axis":"z"}},{"from":[11.395149,1.0167093,4.6655574],"to":[12.895149,2.0167093,8.665558],"faces":{"east":{"uv":[15.002,9.752,14.502,9.877],"tintindex":0,"rotation":0,"texture":"#0"},"south":{"uv":[15.377,9.752,15.1895,9.877],"tintindex":0,"rotation":0,"texture":"#0"},"north":{"uv":[15.1895,9.752,15.002,9.877],"tintindex":0,"rotation":0,"texture":"#0"},"west":{"uv":[15.1895,9.877,14.6895,10.002],"tintindex":0,"rotation":0,"texture":"#0"},"up":{"uv":[15.1895,10.377,15.377,9.877],"tintindex":0,"rotation":0,"texture":"#0"},"down":{"uv":[15.4395,9.877,15.627,10.377],"tintindex":0,"rotation":0,"texture":"#0"}}},{"from":[8.120112,-0.93868446,3.6655574],"to":[11.620111,3.5613155,9.665558],"faces":{"east":{"uv":[10.9355,8.377,10.1895,8.9355],"tintindex":0,"rotation":0,"texture":"#0"},"south":{"uv":[6.8105,11.252,6.377,11.8105],"tintindex":0,"rotation":0,"texture":"#0"},"north":{"uv":[3.123,5.9395,2.6895,6.498],"tintindex":0,"rotation":0,"texture":"#0"},"west":{"uv":[10.9355,6.627,10.1895,7.1855],"tintindex":0,"rotation":0,"texture":"#0"},"up":{"uv":[10.627,11.498,11.0605,10.752],"tintindex":0,"rotation":0,"texture":"#0"},"down":{"uv":[10.8145,2.9395,11.248,3.6855],"tintindex":0,"rotation":0,"texture":"#0"}},"rotation":{"origin":[5.125,4.375,9.5],"angle":-22.5,"axis":"z"}},{"from":[9.895149,-6.9832907,7.1655574],"to":[11.395149,-3.4832907,10.165558],"faces":{"east":{"uv":[12.248,5.5645,11.877,5.998],"tintindex":0,"rotation":0,"texture":"#0"},"south":{"uv":[11.623,7.877,11.4395,8.3105],"tintindex":0,"rotation":0,"texture":"#0"},"north":{"uv":[7.1855,3.9395,7.002,4.373],"tintindex":0,"rotation":0,"texture":"#0"},"west":{"uv":[12.248,0.002,11.877,0.4355],"tintindex":0,"rotation":0,"texture":"#0"},"up":{"uv":[12.0645,4.8105,12.248,4.4395],"tintindex":0,"rotation":0,"texture":"#0"},"down":{"uv":[12.0645,4.8145,12.248,5.1855],"tintindex":0,"rotation":0,"texture":"#0"}}},{"from":[8.895149,3.5167093,7.6655574],"to":[12.895149,4.5167093,11.665557],"faces":{"east":{"uv":[14.5645,5.5645,14.0645,5.6895],"tintindex":0,"rotation":0,"texture":"#0"},"south":{"uv":[14.5645,5.6895,14.0645,5.8145],"tintindex":0,"rotation":0,"texture":"#0"},"north":{"uv":[14.5645,5.8145,14.0645,5.9395],"tintindex":0,"rotation":0,"texture":"#0"},"west":{"uv":[14.5645,5.4395,14.0645,5.5645],"tintindex":0,"rotation":0,"texture":"#0"},"up":{"uv":[14.5645,6.002,15.0645,5.502],"tintindex":0,"rotation":0,"texture":"#0"},"down":{"uv":[15.127,5.502,15.627,6.002],"tintindex":0,"rotation":0,"texture":"#0"}}},{"from":[9.895149,-3.4832907,3.1655574],"to":[11.395149,0.5167093,10.165558],"faces":{"east":{"uv":[10.8105,0.002,9.9395,0.498],"tintindex":0,"rotation":0,"texture":"#0"},"south":{"uv":[10.123,11.0645,9.9395,11.5605],"tintindex":0,"rotation":0,"texture":"#0"},"north":{"uv":[2.623,8.1895,2.4395,8.6855],"tintindex":0,"rotation":0,"texture":"#0"},"west":{"uv":[5.748,1.877,4.877,2.373],"tintindex":0,"rotation":0,"texture":"#0"},"up":{"uv":[7.4395,12.6855,7.623,11.8145],"tintindex":0,"rotation":0,"texture":"#0"},"down":{"uv":[11.8145,11.752,11.998,12.623],"tintindex":0,"rotation":0,"texture":"#0"}}},{"from":[6.895149,0.5167093,3.1655574],"to":[11.395149,8.016709,10.165558],"faces":{"east":{"uv":[3.3105,8.8145,2.4395,9.748],"tintindex":0,"rotation":0,"texture":"#0"},"south":{"uv":[10.1855,9.3145,9.627,10.248],"tintindex":0,"rotation":0,"texture":"#0"},"north":{"uv":[10.1855,8.377,9.627,9.3105],"tintindex":0,"rotation":0,"texture":"#0"},"west":{"uv":[9.6855,1.502,8.8145,2.4355],"tintindex":0,"rotation":0,"texture":"#0"},"up":{"uv":[9.0645,10.5605,9.623,9.6895],"tintindex":0,"rotation":0,"texture":"#0"},"down":{"uv":[0.002,9.752,0.5605,10.623],"tintindex":0,"rotation":0,"texture":"#0"}}}]}