{"textures":{"0":"modelengine:entity/skog"},"elements":[{"from":[12.5,10.0,2.0],"to":[15.5,14.999998,18.0],"faces":{"east":{"uv":[11.8105,3.6895,10.8145,3.998],"tintindex":0,"rotation":0,"texture":"#0"},"south":{"uv":[12.373,4.002,12.1895,4.3105],"tintindex":0,"rotation":0,"texture":"#0"},"north":{"uv":[3.373,12.1895,3.1895,12.498],"tintindex":0,"rotation":0,"texture":"#0"},"west":{"uv":[11.8105,0.002,10.8145,0.3105],"tintindex":0,"rotation":0,"texture":"#0"},"up":{"uv":[5.5645,12.5605,5.748,11.5645],"tintindex":0,"rotation":0,"texture":"#0"},"down":{"uv":[6.627,11.8145,6.8105,12.8105],"tintindex":0,"rotation":0,"texture":"#0"}}},{"from":[11.5,-1.0,1.0],"to":[16.5,10.0,16.0],"faces":{"east":{"uv":[10.3105,0.752,9.377,1.4355],"tintindex":0,"rotation":0,"texture":"#0"},"south":{"uv":[0.6855,11.6895,0.377,12.373],"tintindex":0,"rotation":0,"texture":"#0"},"north":{"uv":[10.248,11.627,9.9395,12.3105],"tintindex":0,"rotation":0,"texture":"#0"},"west":{"uv":[10.1855,6.8145,9.252,7.498],"tintindex":0,"rotation":0,"texture":"#0"},"up":{"uv":[8.3145,11.9355,8.623,11.002],"tintindex":0,"rotation":0,"texture":"#0"},"down":{"uv":[11.002,9.8145,11.3105,10.748],"tintindex":0,"rotation":0,"texture":"#0"}}},{"from":[6.5,-7.000001,2.0],"to":[12.5,14.999998,15.0],"faces":{"east":{"uv":[4.248,7.4395,3.4395,8.8105],"tintindex":0,"rotation":0,"texture":"#0"},"south":{"uv":[9.0605,9.6895,8.6895,11.0605],"tintindex":0,"rotation":0,"texture":"#0"},"north":{"uv":[8.6855,9.627,8.3145,10.998],"tintindex":0,"rotation":0,"texture":"#0"},"west":{"uv":[3.4355,7.4395,2.627,8.8105],"tintindex":0,"rotation":0,"texture":"#0"},"up":{"uv":[5.377,11.5605,5.748,10.752],"tintindex":0,"rotation":0,"texture":"#0"},"down":{"uv":[10.127,10.8145,10.498,11.623],"tintindex":0,"rotation":0,"texture":"#0"}}}]}