{"textures":{"0":"modelengine:entity/wolf_big"},"elements":[{"from":[8.0,13.0,17.720001],"to":[8.0,21.099998,30.68],"faces":{"east":{"uv":[4.875,12.125,5.875,12.75],"tintindex":0,"rotation":0,"texture":"#0"},"west":{"uv":[5.875,12.125,6.875,12.75],"tintindex":0,"rotation":0,"texture":"#0"}}},{"from":[3.9499998,3.2799988,11.24],"to":[12.05,13.0,30.68],"faces":{"east":{"uv":[0.0,12.125,1.5,12.875],"tintindex":0,"rotation":0,"texture":"#0"},"south":{"uv":[3.625,12.125,4.25,12.875],"tintindex":0,"rotation":0,"texture":"#0"},"north":{"uv":[1.5,12.125,2.125,12.875],"tintindex":0,"rotation":0,"texture":"#0"},"west":{"uv":[2.125,12.125,3.625,12.875],"tintindex":0,"rotation":0,"texture":"#0"},"up":{"uv":[2.125,12.125,1.5,10.625],"tintindex":0,"rotation":0,"texture":"#0"},"down":{"uv":[2.75,10.625,2.125,12.125],"tintindex":0,"rotation":0,"texture":"#0"}}}]}