{"textures":{"1":"modelengine:entity/magnusshield","2":"modelengine:entity/magnus"},"elements":[{"from":[-1.1496973,-3.1616793,-4.0944366],"to":[0.85030174,-2.1616793,-1.5944366],"faces":{"east":{"uv":[11.875,3.0,12.5,3.25],"tintindex":0,"rotation":0,"texture":"#1"},"south":{"uv":[11.125,10.5,11.625,10.75],"tintindex":0,"rotation":0,"texture":"#1"},"north":{"uv":[11.125,7.0,11.625,7.25],"tintindex":0,"rotation":0,"texture":"#1"},"west":{"uv":[3.125,11.875,3.75,12.125],"tintindex":0,"rotation":0,"texture":"#1"},"up":{"uv":[11.625,7.0,11.125,6.375],"tintindex":0,"rotation":0,"texture":"#1"},"down":{"uv":[11.625,9.875,11.125,10.5],"tintindex":0,"rotation":0,"texture":"#1"}},"rotation":{"origin":[1.1003017,-2.6616793,-2.8444366],"angle":45.0,"axis":"y"}},{"from":[5.5606833,2.4462042,3.4576588],"to":[8.560683,4.946204,9.457659],"faces":{"east":{"uv":[13.5,10.25,12.0,10.875],"tintindex":0,"rotation":0,"texture":"#2"},"south":{"uv":[8.0,13.5,7.25,14.125],"tintindex":0,"rotation":0,"texture":"#2"},"north":{"uv":[8.25,3.5,7.5,4.125],"tintindex":0,"rotation":0,"texture":"#2"},"west":{"uv":[11.75,12.0,10.25,12.625],"tintindex":0,"rotation":0,"texture":"#2"},"up":{"uv":[10.25,11.5,11.0,10.0],"tintindex":0,"rotation":0,"texture":"#2"},"down":{"uv":[3.625,10.625,4.375,12.125],"tintindex":0,"rotation":0,"texture":"#2"}}},{"from":[0.49924755,5.8383207,-1.2504044],"to":[2.4992476,7.8383207,1.7495952],"faces":{"east":{"uv":[11.125,5.125,11.875,5.625],"tintindex":0,"rotation":0,"texture":"#1"},"south":{"uv":[11.75,10.875,12.25,11.375],"tintindex":0,"rotation":0,"texture":"#1"},"north":{"uv":[11.75,8.25,12.25,8.75],"tintindex":0,"rotation":0,"texture":"#1"},"west":{"uv":[5.25,11.125,6.0,11.625],"tintindex":0,"rotation":0,"texture":"#1"},"up":{"uv":[11.625,6.375,11.125,5.625],"tintindex":0,"rotation":0,"texture":"#1"},"down":{"uv":[6.5,11.125,6.0,11.875],"tintindex":0,"rotation":0,"texture":"#1"}},"rotation":{"origin":[-0.75075245,9.588321,-1.2504044],"angle":45.0,"axis":"y"}},{"from":[-3.36687,2.8383207,-4.134289],"to":[0.13313007,3.8383207,-2.1342888],"faces":{"east":{"uv":[11.875,5.125,12.375,5.375],"tintindex":0,"rotation":0,"texture":"#1"},"south":{"uv":[11.75,11.625,12.625,11.875],"tintindex":0,"rotation":0,"texture":"#1"},"north":{"uv":[11.75,11.375,12.625,11.625],"tintindex":0,"rotation":0,"texture":"#1"},"west":{"uv":[11.875,5.375,12.375,5.625],"tintindex":0,"rotation":0,"texture":"#1"},"up":{"uv":[11.125,5.625,10.25,5.125],"tintindex":0,"rotation":0,"texture":"#1"},"down":{"uv":[11.125,5.625,10.25,6.125],"tintindex":0,"rotation":0,"texture":"#1"}}},{"from":[6.5606833,4.946204,7.957659],"to":[9.560683,7.946204,9.957659],"faces":{"east":{"uv":[14.25,8.625,13.75,9.375],"tintindex":0,"rotation":0,"texture":"#2"},"south":{"uv":[13.625,4.125,12.875,4.875],"tintindex":0,"rotation":0,"texture":"#2"},"north":{"uv":[13.625,2.5,12.875,3.25],"tintindex":0,"rotation":0,"texture":"#2"},"west":{"uv":[14.25,5.125,13.75,5.875],"tintindex":0,"rotation":0,"texture":"#2"},"up":{"uv":[13.875,0.5,14.625,0.0],"tintindex":0,"rotation":0,"texture":"#2"},"down":{"uv":[2.125,13.875,2.875,14.375],"tintindex":0,"rotation":0,"texture":"#2"}}},{"from":[6.5606833,5.946204,3.9576588],"to":[9.560683,7.946204,7.957659],"faces":{"east":{"uv":[14.5,3.25,13.5,3.75],"tintindex":0,"rotation":0,"texture":"#2"},"south":{"uv":[14.5,4.625,13.75,5.125],"tintindex":0,"rotation":0,"texture":"#2"},"north":{"uv":[14.5,1.875,13.75,2.375],"tintindex":0,"rotation":0,"texture":"#2"},"west":{"uv":[14.5,0.5,13.5,1.0],"tintindex":0,"rotation":0,"texture":"#2"},"up":{"uv":[8.0,13.25,8.75,12.25],"tintindex":0,"rotation":0,"texture":"#2"},"down":{"uv":[0.75,12.375,1.5,13.375],"tintindex":0,"rotation":0,"texture":"#2"}}},{"from":[0.4835062,2.8383207,-1.6501751],"to":[1.4835052,3.8383207,0.8498249],"faces":{"east":{"uv":[11.875,3.75,12.5,4.0],"tintindex":0,"rotation":0,"texture":"#1"},"south":{"uv":[6.5,9.0,6.75,9.25],"tintindex":0,"rotation":0,"texture":"#1"},"north":{"uv":[6.5,8.75,6.75,9.0],"tintindex":0,"rotation":0,"texture":"#1"},"west":{"uv":[11.875,4.0,12.5,4.25],"tintindex":0,"rotation":0,"texture":"#1"},"up":{"uv":[8.5,5.875,8.25,5.25],"tintindex":0,"rotation":0,"texture":"#1"},"down":{"uv":[8.5,5.875,8.25,6.5],"tintindex":0,"rotation":0,"texture":"#1"}},"rotation":{"origin":[2.7335052,3.3383207,-0.4001751],"angle":22.5,"axis":"y"}},{"from":[1.633131,-6.6616793,21.865711],"to":[5.633131,7.8383207,23.365713],"faces":{"east":{"uv":[2.25,8.875,2.625,12.5],"tintindex":0,"rotation":0,"texture":"#1"},"south":{"uv":[3.75,7.25,4.75,10.875],"tintindex":0,"rotation":0,"texture":"#1"},"north":{"uv":[2.75,7.25,3.75,10.875],"tintindex":0,"rotation":0,"texture":"#1"},"west":{"uv":[9.375,5.125,9.75,8.75],"tintindex":0,"rotation":0,"texture":"#1"},"up":{"uv":[4.25,11.25,3.25,10.875],"tintindex":0,"rotation":0,"texture":"#1"},"down":{"uv":[11.875,4.0,10.875,4.375],"tintindex":0,"rotation":0,"texture":"#1"}}},{"from":[3.633131,-6.6616793,13.365711],"to":[5.633131,-4.6616793,21.865711],"faces":{"east":{"uv":[9.25,9.375,11.375,9.875],"tintindex":0,"rotation":0,"texture":"#1"},"south":{"uv":[11.375,2.5,11.875,3.0],"tintindex":0,"rotation":0,"texture":"#1"},"north":{"uv":[11.25,8.25,11.75,8.75],"tintindex":0,"rotation":0,"texture":"#1"},"west":{"uv":[9.5,2.0,11.625,2.5],"tintindex":0,"rotation":0,"texture":"#1"},"up":{"uv":[10.0,4.625,9.5,2.5],"tintindex":0,"rotation":0,"texture":"#1"},"down":{"uv":[10.25,5.125,9.75,7.25],"tintindex":0,"rotation":0,"texture":"#1"}}},{"from":[2.133131,5.8383207,-2.1342888],"to":[5.633131,7.8383207,13.365711],"faces":{"east":{"uv":[8.875,1.0,12.75,1.5],"tintindex":0,"rotation":0,"texture":"#1"},"south":{"uv":[10.25,10.375,11.125,10.875],"tintindex":0,"rotation":0,"texture":"#1"},"north":{"uv":[10.25,9.875,11.125,10.375],"tintindex":0,"rotation":0,"texture":"#1"},"west":{"uv":[8.875,1.5,12.75,2.0],"tintindex":0,"rotation":0,"texture":"#1"},"up":{"uv":[8.25,3.875,7.375,0.0],"tintindex":0,"rotation":0,"texture":"#1"},"down":{"uv":[8.25,3.875,7.375,7.75],"tintindex":0,"rotation":0,"texture":"#1"}}},{"from":[0.13313007,-6.6616793,-5.134289],"to":[5.633131,7.8383207,-2.1342888],"faces":{"east":{"uv":[8.625,5.25,9.375,8.875],"tintindex":0,"rotation":0,"texture":"#1"},"south":{"uv":[1.375,5.25,2.75,8.875],"tintindex":0,"rotation":0,"texture":"#1"},"north":{"uv":[0.0,5.25,1.375,8.875],"tintindex":0,"rotation":0,"texture":"#1"},"west":{"uv":[0.0,8.875,0.75,12.5],"tintindex":0,"rotation":0,"texture":"#1"},"up":{"uv":[11.375,3.25,10.0,2.5],"tintindex":0,"rotation":0,"texture":"#1"},"down":{"uv":[11.375,3.25,10.0,4.0],"tintindex":0,"rotation":0,"texture":"#1"}}},{"from":[3.633131,5.8383207,13.365711],"to":[5.633131,7.8383207,21.865711],"faces":{"east":{"uv":[9.75,7.25,11.875,7.75],"tintindex":0,"rotation":0,"texture":"#1"},"south":{"uv":[4.25,11.625,4.75,12.125],"tintindex":0,"rotation":0,"texture":"#1"},"north":{"uv":[11.625,2.0,12.125,2.5],"tintindex":0,"rotation":0,"texture":"#1"},"west":{"uv":[9.75,7.75,11.875,8.25],"tintindex":0,"rotation":0,"texture":"#1"},"up":{"uv":[9.75,12.0,9.25,9.875],"tintindex":0,"rotation":0,"texture":"#1"},"down":{"uv":[10.25,9.875,9.75,12.0],"tintindex":0,"rotation":0,"texture":"#1"}}},{"from":[1.133131,-3.1616793,-2.1342888],"to":[2.633131,-2.1616793,23.365713],"faces":{"east":{"uv":[8.875,4.625,15.25,4.875],"tintindex":0,"rotation":0,"texture":"#1"},"south":{"uv":[8.25,6.75,8.625,7.0],"tintindex":0,"rotation":0,"texture":"#1"},"north":{"uv":[8.25,6.5,8.625,6.75],"tintindex":0,"rotation":0,"texture":"#1"},"west":{"uv":[8.875,4.875,15.25,5.125],"tintindex":0,"rotation":0,"texture":"#1"},"up":{"uv":[1.125,15.25,0.75,8.875],"tintindex":0,"rotation":0,"texture":"#1"},"down":{"uv":[1.5,8.875,1.125,15.25],"tintindex":0,"rotation":0,"texture":"#1"}}},{"from":[0.4835062,-3.1616793,-1.6501751],"to":[1.4835052,-2.1616793,0.8498249],"faces":{"east":{"uv":[11.875,2.5,12.5,2.75],"tintindex":0,"rotation":0,"texture":"#1"},"south":{"uv":[6.5,8.5,6.75,8.75],"tintindex":0,"rotation":0,