{"textures":{"2":"modelengine:entity/magnus"},"elements":[{"from":[4.5,-14.722326,15.012904],"to":[11.5,-9.722326,17.012905],"faces":{"east":{"uv":[1.375,14.375,1.625,15.0],"tintindex":0,"rotation":0,"texture":"#2"},"south":{"uv":[4.375,13.125,5.25,13.75],"tintindex":0,"rotation":0,"texture":"#2"},"north":{"uv":[13.0,10.875,13.875,11.5],"tintindex":0,"rotation":0,"texture":"#2"},"west":{"uv":[1.625,14.375,1.875,15.0],"tintindex":0,"rotation":0,"texture":"#2"},"up":{"uv":[9.375,2.625,8.5,2.375],"tintindex":0,"rotation":0,"texture":"#2"},"down":{"uv":[13.875,11.5,13.0,11.75],"tintindex":0,"rotation":0,"texture":"#2"}},"rotation":{"origin":[5.0,15.777674,23.512905],"angle":45.0,"axis":"x"}},{"from":[5.5,-0.7223263,17.012905],"to":[10.5,2.2776737,26.012905],"faces":{"east":{"uv":[13.5,13.5,14.625,13.875],"tintindex":0,"rotation":0,"texture":"#2"},"south":{"uv":[7.25,14.125,7.875,14.5],"tintindex":0,"rotation":0,"texture":"#2"},"north":{"uv":[14.125,7.125,14.75,7.5],"tintindex":0,"rotation":0,"texture":"#2"},"west":{"uv":[1.0,13.625,2.125,14.0],"tintindex":0,"rotation":0,"texture":"#2"},"up":{"uv":[5.875,13.5,5.25,12.375],"tintindex":0,"rotation":0,"texture":"#2"},"down":{"uv":[6.5,12.375,5.875,13.5],"tintindex":0,"rotation":0,"texture":"#2"}},"rotation":{"origin":[5.0,15.777674,23.512905],"angle":45.0,"axis":"x"}},{"from":[4.5,-2.7223263,15.012904],"to":[10.5,4.2776737,17.012905],"faces":{"east":{"uv":[8.125,14.25,8.375,15.125],"tintindex":0,"rotation":0,"texture":"#2"},"south":{"uv":[6.5,12.75,7.25,13.625],"tintindex":0,"rotation":0,"texture":"#2"},"north":{"uv":[12.75,0.5,13.5,1.375],"tintindex":0,"rotation":0,"texture":"#2"},"west":{"uv":[8.375,14.25,8.625,15.125],"tintindex":0,"rotation":0,"texture":"#2"},"up":{"uv":[12.75,12.0,12.0,11.75],"tintindex":0,"rotation":0,"texture":"#2"},"down":{"uv":[15.0,5.625,14.25,5.875],"tintindex":0,"rotation":0,"texture":"#2"}},"rotation":{"origin":[5.0,15.777674,23.512905],"angle":45.0,"axis":"x"}},{"from":[3.0,-7.7223263,17.012905],"to":[12.0,-0.7223263,28.012905],"faces":{"east":{"uv":[9.875,5.25,11.25,6.125],"tintindex":0,"rotation":0,"texture":"#2"},"south":{"uv":[11.375,0.0,12.5,0.875],"tintindex":0,"rotation":0,"texture":"#2"},"north":{"uv":[9.125,11.25,10.25,12.125],"tintindex":0,"rotation":0,"texture":"#2"},"west":{"uv":[10.25,1.0,11.625,1.875],"tintindex":0,"rotation":0,"texture":"#2"},"up":{"uv":[9.75,9.125,8.625,7.75],"tintindex":0,"rotation":0,"texture":"#2"},"down":{"uv":[9.875,4.75,8.75,6.125],"tintindex":0,"rotation":0,"texture":"#2"}},"rotation":{"origin":[5.0,15.777674,23.512905],"angle":45.0,"axis":"x"}},{"from":[4.5,-14.722326,17.012905],"to":[11.5,-7.7223263,26.012905],"faces":{"east":{"uv":[0.75,11.5,1.875,12.375],"tintindex":0,"rotation":0,"texture":"#2"},"south":{"uv":[4.375,12.25,5.25,13.125],"tintindex":0,"rotation":0,"texture":"#2"},"north":{"uv":[9.125,12.125,10.0,13.0],"tintindex":0,"rotation":0,"texture":"#2"},"west":{"uv":[11.625,0.875,12.75,1.75],"tintindex":0,"rotation":0,"texture":"#2"},"up":{"uv":[8.0,12.75,7.125,11.625],"tintindex":0,"rotation":0,"texture":"#2"},"down":{"uv":[2.75,11.875,1.875,13.0],"tintindex":0,"rotation":0,"texture":"#2"}},"rotation":{"origin":[5.0,15.777674,23.512905],"angle":45.0,"axis":"x"}}]}