{"textures":{"0":"modelengine:entity/zahar"},"elements":[{"from":[4.25,4.0,7.5],"to":[5.25,5.0,8.5],"faces":{"east":{"uv":[3.2625,6.5125,3.3625,6.6125],"tintindex":0,"rotation":0,"texture":"#0"},"south":{"uv":[3.3875,6.5125,3.4875,6.6125],"tintindex":0,"rotation":0,"texture":"#0"},"north":{"uv":[5.8875,1.2625,5.9875,1.3625],"tintindex":0,"rotation":0,"texture":"#0"},"west":{"uv":[6.2625,6.5125,6.3625,6.6125],"tintindex":0,"rotation":0,"texture":"#0"},"up":{"uv":[7.4875,1.2375,7.3875,1.1375],"tintindex":0,"rotation":0,"texture":"#0"},"down":{"uv":[7.6125,1.1375,7.5125,1.2375],"tintindex":0,"rotation":0,"texture":"#0"}},"rotation":{"origin":[5.25,2.0000005,8.5],"angle":-45.0,"axis":"z"}},{"from":[5.9571066,4.1213207,7.0],"to":[7.9571066,8.121321,9.0],"faces":{"east":{"uv":[9.5125,3.2625,9.7375,3.7375],"tintindex":0,"rotation":0,"texture":"#0"},"south":{"uv":[7.0125,9.8875,7.2375,10.3625],"tintindex":0,"rotation":0,"texture":"#0"},"north":{"uv":[8.5125,2.8875,8.7375,3.3625],"tintindex":0,"rotation":0,"texture":"#0"},"west":{"uv":[1.2625,10.5125,1.4875,10.9875],"tintindex":0,"rotation":0,"texture":"#0"},"up":{"uv":[12.9875,8.6125,12.7625,8.3875],"tintindex":0,"rotation":0,"texture":"#0"},"down":{"uv":[9.9875,12.7625,9.7625,12.9875],"tintindex":0,"rotation":0,"texture":"#0"}}},{"from":[4.25,4.7683716e-7,7.0],"to":[6.25,4.0,9.0],"faces":{"east":{"uv":[4.1375,11.2625,4.3625,11.7375],"tintindex":0,"rotation":0,"texture":"#0"},"south":{"uv":[9.8875,11.5125,10.1125,11.9875],"tintindex":0,"rotation":0,"texture":"#0"},"north":{"uv":[11.0125,0.0125,11.2375,0.4875],"tintindex":0,"rotation":0,"texture":"#0"},"west":{"uv":[3.3875,12.2625,3.6125,12.7375],"tintindex":0,"rotation":0,"texture":"#0"},"up":{"uv":[12.9875,9.9875,12.7625,9.7625],"tintindex":0,"rotation":0,"texture":"#0"},"down":{"uv":[10.2375,12.7625,10.0125,12.9875],"tintindex":0,"rotation":0,"texture":"#0"}},"rotation":{"origin":[5.25,2.0000005,8.0],"angle":-45.0,"axis":"z"}}]}