{"textures":{"0":"modelengine:entity/zahar"},"elements":[{"from":[4.25,4.0,7.5],"to":[5.25,5.0,8.5],"faces":{"east":{"uv":[4.7625,7.6375,4.8625,7.7375],"tintindex":0,"rotation":0,"texture":"#0"},"south":{"uv":[7.7625,1.1375,7.8625,1.2375],"tintindex":0,"rotation":0,"texture":"#0"},"north":{"uv":[4.6375,7.6375,4.7375,7.7375],"tintindex":0,"rotation":0,"texture":"#0"},"west":{"uv":[7.7625,3.7625,7.8625,3.8625],"tintindex":0,"rotation":0,"texture":"#0"},"up":{"uv":[5.8625,8.2375,5.7625,8.1375],"tintindex":0,"rotation":0,"texture":"#0"},"down":{"uv":[8.8625,0.8875,8.7625,0.9875],"tintindex":0,"rotation":0,"texture":"#0"}},"rotation":{"origin":[5.25,2.0,8.5],"angle":-45.0,"axis":"z"}},{"from":[4.25,0.0,7.0],"to":[6.25,4.0,9.0],"faces":{"east":{"uv":[4.0125,12.6375,4.2375,13.1125],"tintindex":0,"rotation":0,"texture":"#0"},"south":{"uv":[4.2625,12.6375,4.4875,13.1125],"tintindex":0,"rotation":0,"texture":"#0"},"north":{"uv":[12.5125,7.7625,12.7375,8.2375],"tintindex":0,"rotation":0,"texture":"#0"},"west":{"uv":[4.5125,12.6375,4.7375,13.1125],"tintindex":0,"rotation":0,"texture":"#0"},"up":{"uv":[12.9875,11.7375,12.7625,11.5125],"tintindex":0,"rotation":0,"texture":"#0"},"down":{"uv":[12.9875,11.7625,12.7625,11.9875],"tintindex":0,"rotation":0,"texture":"#0"}},"rotation":{"origin":[5.25,2.0,8.0],"angle":-45.0,"axis":"z"}},{"from":[5.9571066,4.1213202,7.0],"to":[7.9571066,8.121321,9.0],"faces":{"east":{"uv":[12.5125,3.6375,12.7375,4.1125],"tintindex":0,"rotation":0,"texture":"#0"},"south":{"uv":[12.5125,4.1375,12.7375,4.6125],"tintindex":0,"rotation":0,"texture":"#0"},"north":{"uv":[12.5125,3.1375,12.7375,3.6125],"tintindex":0,"rotation":0,"texture":"#0"},"west":{"uv":[12.5125,4.6375,12.7375,5.1125],"tintindex":0,"rotation":0,"texture":"#0"},"up":{"uv":[12.9875,11.4875,12.7625,11.2625],"tintindex":0,"rotation":0,"texture":"#0"},"down":{"uv":[11.7375,12.7625,11.5125,12.9875],"tintindex":0,"rotation":0,"texture":"#0"}}}]}