{"textures":{"0":"modelengine:entity/zahar"},"elements":[{"from":[4.25,4.0,7.5],"to":[5.25,5.0,8.5],"faces":{"east":{"uv":[7.6375,1.1375,7.7375,1.2375],"tintindex":0,"rotation":0,"texture":"#0"},"south":{"uv":[7.6375,3.7625,7.7375,3.8625],"tintindex":0,"rotation":0,"texture":"#0"},"north":{"uv":[7.5125,3.7625,7.6125,3.8625],"tintindex":0,"rotation":0,"texture":"#0"},"west":{"uv":[4.2625,7.6375,4.3625,7.7375],"tintindex":0,"rotation":0,"texture":"#0"},"up":{"uv":[4.4875,7.7375,4.3875,7.6375],"tintindex":0,"rotation":0,"texture":"#0"},"down":{"uv":[4.6125,7.6375,4.5125,7.7375],"tintindex":0,"rotation":0,"texture":"#0"}},"rotation":{"origin":[5.25,2.0,8.5],"angle":-45.0,"axis":"z"}},{"from":[4.25,0.0,7.0],"to":[6.25,4.0,9.0],"faces":{"east":{"uv":[1.3875,12.5125,1.6125,12.9875],"tintindex":0,"rotation":0,"texture":"#0"},"south":{"uv":[1.6375,12.5125,1.8625,12.9875],"tintindex":0,"rotation":0,"texture":"#0"},"north":{"uv":[1.1375,12.5125,1.3625,12.9875],"tintindex":0,"rotation":0,"texture":"#0"},"west":{"uv":[12.5125,2.6375,12.7375,3.1125],"tintindex":0,"rotation":0,"texture":"#0"},"up":{"uv":[12.9875,11.2375,12.7625,11.0125],"tintindex":0,"rotation":0,"texture":"#0"},"down":{"uv":[11.4875,12.7625,11.2625,12.9875],"tintindex":0,"rotation":0,"texture":"#0"}},"rotation":{"origin":[5.25,2.0,8.0],"angle":-45.0,"axis":"z"}},{"from":[5.9571066,4.1213202,7.0],"to":[7.9571066,8.121321,9.0],"faces":{"east":{"uv":[0.6375,12.5125,0.8625,12.9875],"tintindex":0,"rotation":0,"texture":"#0"},"south":{"uv":[12.5125,0.7625,12.7375,1.2375],"tintindex":0,"rotation":0,"texture":"#0"},"north":{"uv":[0.3875,12.5125,0.6125,12.9875],"tintindex":0,"rotation":0,"texture":"#0"},"west":{"uv":[0.8875,12.5125,1.1125,12.9875],"tintindex":0,"rotation":0,"texture":"#0"},"up":{"uv":[12.9875,10.9875,12.7625,10.7625],"tintindex":0,"rotation":0,"texture":"#0"},"down":{"uv":[11.2375,12.7625,11.0125,12.9875],"tintindex":0,"rotation":0,"texture":"#0"}}}]}