{"textures":{"0":"modelengine:entity/zahar"},"elements":[{"from":[5.5,5.459844,1.4382057],"to":[9.5,7.4598446,3.4382057],"faces":{"east":{"uv":[7.1375,6.3875,7.3625,6.6125],"tintindex":0,"rotation":0,"texture":"#0"},"south":{"uv":[4.6375,8.8875,5.1125,9.1125],"tintindex":0,"rotation":0,"texture":"#0"},"north":{"uv":[5.5125,1.3875,5.9875,1.6125],"tintindex":0,"rotation":0,"texture":"#0"},"west":{"uv":[0.7625,7.3875,0.9875,7.6125],"tintindex":0,"rotation":0,"texture":"#0"},"up":{"uv":[2.7375,9.7375,2.2625,9.5125],"tintindex":0,"rotation":0,"texture":"#0"},"down":{"uv":[11.1125,8.6375,10.6375,8.8625],"tintindex":0,"rotation":0,"texture":"#0"}},"rotation":{"origin":[7.5,6.9598446,1.9382057],"angle":22.5,"axis":"x"}},{"from":[5.0,5.0,2.75],"to":[10.0,8.0,10.75],"faces":{"east":{"uv":[11.1375,5.3875,12.1125,5.7375],"tintindex":0,"rotation":0,"texture":"#0"},"south":{"uv":[7.8875,2.0125,8.4875,2.3625],"tintindex":0,"rotation":0,"texture":"#0"},"north":{"uv":[6.8875,2.3875,7.4875,2.7375],"tintindex":0,"rotation":0,"texture":"#0"},"west":{"uv":[11.5125,3.5125,12.4875,3.8625],"tintindex":0,"rotation":0,"texture":"#0"},"up":{"uv":[5.6125,10.8625,5.0125,9.8875],"tintindex":0,"rotation":0,"texture":"#0"},"down":{"uv":[6.9875,9.8875,6.3875,10.8625],"tintindex":0,"rotation":0,"texture":"#0"}}}]}