{"textures":{"0":"modelengine:entity/zahar"},"elements":[{"from":[5.5,0.3007059,9.046284],"to":[10.5,8.300706,15.046284],"faces":{"east":{"uv":[2.8875,8.7625,3.6125,9.7375],"tintindex":0,"rotation":0,"texture":"#0"},"south":{"uv":[4.3875,9.8875,4.9875,10.8625],"tintindex":0,"rotation":0,"texture":"#0"},"north":{"uv":[4.2625,6.6375,4.8625,7.6125],"tintindex":0,"rotation":0,"texture":"#0"},"west":{"uv":[8.7625,2.8875,9.4875,3.8625],"tintindex":0,"rotation":0,"texture":"#0"},"up":{"uv":[11.6125,7.3625,11.0125,6.6375],"tintindex":0,"rotation":0,"texture":"#0"},"down":{"uv":[11.6125,9.6375,11.0125,10.3625],"tintindex":0,"rotation":0,"texture":"#0"}}},{"from":[6.0,-6.699294,9.046284],"to":[10.0,0.3007059,14.046284],"faces":{"east":{"uv":[10.5125,4.0125,11.1125,4.8625],"tintindex":0,"rotation":0,"texture":"#0"},"south":{"uv":[1.8875,11.2625,2.3625,12.1125],"tintindex":0,"rotation":0,"texture":"#0"},"north":{"uv":[11.2625,0.7625,11.7375,1.6125],"tintindex":0,"rotation":0,"texture":"#0"},"west":{"uv":[10.5125,4.8875,11.1125,5.7375],"tintindex":0,"rotation":0,"texture":"#0"},"up":{"uv":[6.7375,12.3625,6.2625,11.7625],"tintindex":0,"rotation":0,"texture":"#0"},"down":{"uv":[12.2375,7.2625,11.7625,7.8625],"tintindex":0,"rotation":0,"texture":"#0"}}}]}