{"textures":{"0":"modelengine:entity/zahar"},"elements":[{"from":[4.733593,-4.9970093,2.0],"to":[9.733593,2.0029907,8.0],"faces":{"east":{"uv":[8.0125,9.7625,8.7375,10.6125],"tintindex":0,"rotation":0,"texture":"#0"},"south":{"uv":[11.0125,5.7625,11.6125,6.6125],"tintindex":0,"rotation":0,"texture":"#0"},"north":{"uv":[10.8875,10.5125,11.4875,11.3625],"tintindex":0,"rotation":0,"texture":"#0"},"west":{"uv":[8.7625,9.7625,9.4875,10.6125],"tintindex":0,"rotation":0,"texture":"#0"},"up":{"uv":[11.7375,5.3625,11.1375,4.6375],"tintindex":0,"rotation":0,"texture":"#0"},"down":{"uv":[6.2375,11.1375,5.6375,11.8625],"tintindex":0,"rotation":0,"texture":"#0"}}},{"from":[5.5,-7.8500004,2.1000004],"to":[10.5,-3.8500004,7.8999996],"faces":{"east":{"uv":[2.8875,11.7625,3.6125,12.2375],"tintindex":0,"rotation":0,"texture":"#0"},"south":{"uv":[8.0125,11.8875,8.6125,12.3625],"tintindex":0,"rotation":0,"texture":"#0"},"north":{"uv":[5.6375,11.8875,6.2375,12.3625],"tintindex":0,"rotation":0,"texture":"#0"},"west":{"uv":[11.7625,3.8875,12.4875,4.3625],"tintindex":0,"rotation":0,"texture":"#0"},"up":{"uv":[11.7375,9.3625,11.1375,8.6375],"tintindex":0,"rotation":0,"texture":"#0"},"down":{"uv":[11.8625,0.0125,11.2625,0.7375],"tintindex":0,"rotation":0,"texture":"#0"}},"rotation":{"origin":[8.0,-6.3500004,5.0],"angle":22.5,"axis":"z"}},{"from":[9.5,-5.8500004,2.0],"to":[11.5,-3.8500004,5.0],"faces":{"east":{"uv":[2.8875,12.7625,3.2375,12.9875],"tintindex":0,"rotation":0,"texture":"#0"},"south":{"uv":[12.7625,12.2625,12.9875,12.4875],"tintindex":0,"rotation":0,"texture":"#0"},"north":{"uv":[12.7625,12.0125,12.9875,12.2375],"tintindex":0,"rotation":0,"texture":"#0"},"west":{"uv":[12.7625,3.0125,13.1125,3.2375],"tintindex":0,"rotation":0,"texture":"#0"},"up":{"uv":[3.4875,13.1125,3.2625,12.7625],"tintindex":0,"rotation":0,"texture":"#0"},"down":{"uv":[12.9875,3.2625,12.7625,3.6125],"tintindex":0,"rotation":0,"texture":"#0"}},"rotation":{"origin":[8.0,-6.3500004,5.0],"angle":22.5,"axis":"z"}},{"from":[4.733593,2.0029907,1.0],"to":[10.733593,8.002991,8.0],"faces":{"east":{"uv":[2.2625,9.7625,3.1125,10.4875],"tintindex":0,"rotation":0,"texture":"#0"},"south":{"uv":[0.5125,10.5125,1.2375,11.2375],"tintindex":0,"rotation":0,"texture":"#0"},"north":{"uv":[10.3875,8.8875,11.1125,9.6125],"tintindex":0,"rotation":0,"texture":"#0"},"west":{"uv":[9.7625,3.2625,10.6125,3.9875],"tintindex":0,"rotation":0,"texture":"#0"},"up":{"uv":[10.4875,4.8625,9.7625,4.0125],"tintindex":0,"rotation":0,"texture":"#0"},"down":{"uv":[10.4875,4.8875,9.7625,5.7375],"tintindex":0,"rotation":0,"texture":"#0"}}}]}