{"textures":{"0":"modelengine:entity/zahar"},"elements":[{"from":[1.233593,0.8780632,2.5303612],"to":[9.233593,9.878063,9.530361],"faces":{"east":{"uv":[0.7625,7.6375,1.6125,8.7375],"tintindex":0,"rotation":0,"texture":"#0"},"south":{"uv":[1.8875,7.1375,2.8625,8.2375],"tintindex":0,"rotation":0,"texture":"#0"},"north":{"uv":[7.0125,0.0125,7.9875,1.1125],"tintindex":0,"rotation":0,"texture":"#0"},"west":{"uv":[4.2625,7.7625,5.1125,8.8625],"tintindex":0,"rotation":0,"texture":"#0"},"up":{"uv":[8.3625,8.7375,7.3875,7.8875],"tintindex":0,"rotation":0,"texture":"#0"},"down":{"uv":[8.9875,0.0125,8.0125,0.8625],"tintindex":0,"rotation":0,"texture":"#0"}},"rotation":{"origin":[16.233593,11.878063,4.030361],"angle":-22.5,"axis":"x"}},{"from":[2.233593,-6.121937,2.5303612],"to":[7.233593,0.8780632,9.530361],"faces":{"east":{"uv":[8.5125,2.0125,9.3625,2.8625],"tintindex":0,"rotation":0,"texture":"#0"},"south":{"uv":[4.3875,10.8875,4.9875,11.7375],"tintindex":0,"rotation":0,"texture":"#0"},"north":{"uv":[3.0125,10.8875,3.6125,11.7375],"tintindex":0,"rotation":0,"texture":"#0"},"west":{"uv":[0.6375,8.7625,1.4875,9.6125],"tintindex":0,"rotation":0,"texture":"#0"},"up":{"uv":[5.6125,11.7375,5.0125,10.8875],"tintindex":0,"rotation":0,"texture":"#0"},"down":{"uv":[6.9875,10.8875,6.3875,11.7375],"tintindex":0,"rotation":0,"texture":"#0"}},"rotation":{"origin":[16.233593,11.878063,4.030361],"angle":-22.5,"axis":"x"}}]}