{"textures":{"0":"modelengine:entity/zahar"},"elements":[{"from":[6.5,8.646046,6.5142703],"to":[9.5,9.646046,9.514271],"faces":{"east":{"uv":[3.6375,1.6375,3.9875,1.7375],"tintindex":0,"rotation":0,"texture":"#0"},"south":{"uv":[5.8875,6.5125,6.2375,6.6125],"tintindex":0,"rotation":0,"texture":"#0"},"north":{"uv":[3.2625,1.6375,3.6125,1.7375],"tintindex":0,"rotation":0,"texture":"#0"},"west":{"uv":[7.0125,1.1375,7.3625,1.2375],"tintindex":0,"rotation":0,"texture":"#0"},"up":{"uv":[0.3625,12.8625,0.0125,12.5125],"tintindex":0,"rotation":0,"texture":"#0"},"down":{"uv":[12.8625,0.0125,12.5125,0.3625],"tintindex":0,"rotation":0,"texture":"#0"}}},{"from":[7.0,5.646044,7.0142703],"to":[9.0,8.646046,9.014271],"faces":{"east":{"uv":[12.7625,4.0125,12.9875,4.3625],"tintindex":0,"rotation":0,"texture":"#0"},"south":{"uv":[12.7625,4.3875,12.9875,4.7375],"tintindex":0,"rotation":0,"texture":"#0"},"north":{"uv":[12.7625,3.6375,12.9875,3.9875],"tintindex":0,"rotation":0,"texture":"#0"},"west":{"uv":[12.7625,4.7625,12.9875,5.1125],"tintindex":0,"rotation":0,"texture":"#0"},"up":{"uv":[12.9875,12.7375,12.7625,12.5125],"tintindex":0,"rotation":0,"texture":"#0"},"down":{"uv":[12.9875,12.7625,12.7625,12.9875],"tintindex":0,"rotation":0,"texture":"#0"}}},{"from":[5.5,0.6460438,5.5142703],"to":[10.5,5.646044,10.514271],"faces":{"east":{"uv":[7.0125,11.5125,7.6125,12.1125],"tintindex":0,"rotation":0,"texture":"#0"},"south":{"uv":[11.5125,8.0125,12.1125,8.6125],"tintindex":0,"rotation":0,"texture":"#0"},"north":{"uv":[11.5125,2.8875,12.1125,3.4875],"tintindex":0,"rotation":0,"texture":"#0"},"west":{"uv":[8.6375,11.5125,9.2375,12.1125],"tintindex":0,"rotation":0,"texture":"#0"},"up":{"uv":[9.8625,12.1125,9.2625,11.5125],"tintindex":0,"rotation":0,"texture":"#0"},"down":{"uv":[12.1125,10.3875,11.5125,10.9875],"tintindex":0,"rotation":0,"texture":"#0"}}}]}