{"textures":{"0":"modelengine:entity/zahar"},"elements":[{"from":[6.0,-1.9598446,4.8117943],"to":[12.0,10.040155,11.811794],"faces":{"east":{"uv":[1.8625,6.1375,1.0125,7.6125],"tintindex":0,"rotation":0,"texture":"#0"},"south":{"uv":[8.1125,5.3875,7.3875,6.8625],"tintindex":0,"rotation":0,"texture":"#0"},"north":{"uv":[7.8625,3.8875,7.1375,5.3625],"tintindex":0,"rotation":0,"texture":"#0"},"west":{"uv":[6.8625,1.2625,6.0125,2.7375],"tintindex":0,"rotation":0,"texture":"#0"},"up":{"uv":[9.5125,10.6125,10.2375,9.7625],"tintindex":0,"rotation":0,"texture":"#0"},"down":{"uv":[9.8875,0.7625,10.6125,1.6125],"tintindex":0,"rotation":0,"texture":"#0"}}},{"from":[7.0,-4.0802975,5.2335787],"to":[11.0,-1.0802975,9.233578],"faces":{"east":{"uv":[12.8625,9.3875,12.3875,9.7375],"tintindex":0,"rotation":0,"texture":"#0"},"south":{"uv":[10.2375,5.7625,9.7625,6.1125],"tintindex":0,"rotation":0,"texture":"#0"},"north":{"uv":[4.4875,2.7625,4.0125,3.1125],"tintindex":0,"rotation":0,"texture":"#0"},"west":{"uv":[9.3625,1.6375,8.8875,1.9875],"tintindex":0,"rotation":0,"texture":"#0"},"up":{"uv":[12.2625,11.3625,12.7375,10.8875],"tintindex":0,"rotation":0,"texture":"#0"},"down":{"uv":[12.2625,12.1375,12.7375,12.6125],"tintindex":0,"rotation":0,"texture":"#0"}},"rotation":{"origin":[9.0,-2.5802975,7.2335787],"angle":-22.5,"axis":"x"}}]}