{"textures":{"0":"modelengine:entity/zahar"},"elements":[{"from":[6.0,-6.699294,9.046284],"to":[10.0,0.3007059,14.046284],"faces":{"east":{"uv":[11.1125,4.8875,10.5125,5.7375],"tintindex":0,"rotation":0,"texture":"#0"},"south":{"uv":[2.3625,11.2625,1.8875,12.1125],"tintindex":0,"rotation":0,"texture":"#0"},"north":{"uv":[11.7375,0.7625,11.2625,1.6125],"tintindex":0,"rotation":0,"texture":"#0"},"west":{"uv":[11.1125,4.0125,10.5125,4.8625],"tintindex":0,"rotation":0,"texture":"#0"},"up":{"uv":[6.2625,12.3625,6.7375,11.7625],"tintindex":0,"rotation":0,"texture":"#0"},"down":{"uv":[11.7625,7.2625,12.2375,7.8625],"tintindex":0,"rotation":0,"texture":"#0"}}},{"from":[5.5,0.3007059,9.046284],"to":[10.5,8.300706,15.046284],"faces":{"east":{"uv":[9.4875,2.8875,8.7625,3.8625],"tintindex":0,"rotation":0,"texture":"#0"},"south":{"uv":[4.9875,9.8875,4.3875,10.8625],"tintindex":0,"rotation":0,"texture":"#0"},"north":{"uv":[4.8625,6.6375,4.2625,7.6125],"tintindex":0,"rotation":0,"texture":"#0"},"west":{"uv":[3.6125,8.7625,2.8875,9.7375],"tintindex":0,"rotation":0,"texture":"#0"},"up":{"uv":[11.0125,7.3625,11.6125,6.6375],"tintindex":0,"rotation":0,"texture":"#0"},"down":{"uv":[11.0125,9.6375,11.6125,10.3625],"tintindex":0,"rotation":0,"texture":"#0"}}}]}